help_received,insurance,education,age,poverty100,weight,VEST,VECL
0.0,Private/Medi-Gap,High school/GED,29,5.37,1.9695192760299176,8,1
0.0,Private/Medi-Gap,Some college/associate,18,1.5,0.8365560004985321,20,4
1.0,Medicaid/CHIP/state,Some college/associate,37,3.43,0.5032602989286538,20,4
1.0,Private/Medi-Gap,Bachelor's or higher,40,4.17,0.3576130933813776,12,2
0.0,Single-service/IHS/uninsured,Bachelor's or higher,49,4.44,0.6608072008103609,12,4
0.0,Private/Medi-Gap,Bachelor's or higher,30,4.79,2.765409163169065,4,2
0.0,Medicare/military/other govt,Some college/associate,25,0.97,0.5023005949451261,13,4
0.0,Medicaid/CHIP/state,Some college/associate,37,1.4,0.447281607441291,1,1
1.0,Private/Medi-Gap,Some college/associate,44,6.35,1.1275741493493492,2,1
0.0,Private/Medi-Gap,Bachelor's or higher,44,4.44,0.20655659129264956,4,3
0.0,Medicaid/CHIP/state,High school/GED,28,0.5,0.8666558668887856,15,1
0.0,Private/Medi-Gap,Bachelor's or higher,47,4.17,0.3776314435392692,8,3
0.0,Private/Medi-Gap,High school/GED,21,1.15,0.22365638567886267,11,2
0.0,Private/Medi-Gap,Some college/associate,19,4.51,0.8395024668451577,12,2
0.0,Private/Medi-Gap,Bachelor's or higher,37,4.51,1.9349969240864087,11,2
0.0,Single-service/IHS/uninsured,Bachelor's or higher,19,0.5,0.08728636478095053,4,3
0.0,Medicaid/CHIP/state,High school/GED,42,1.95,1.6716574232519266,6,4
0.0,Private/Medi-Gap,High school/GED,19,1.55,2.123586703772031,16,4
0.0,Medicaid/CHIP/state,Some college/associate,31,2.46,0.5160486243499978,6,1
0.0,Private/Medi-Gap,Less than high school,33,1.12,0.9160086316104368,1,1
0.0,Medicaid/CHIP/state,High school/GED,23,0.5,1.4787138058739777,8,1
1.0,Private/Medi-Gap,Bachelor's or higher,30,2.92,0.7511547495712515,3,3
0.0,Single-service/IHS/uninsured,Some college/associate,31,1.84,0.8186997117836058,17,2
0.0,Medicaid/CHIP/state,High school/GED,24,0.5,0.9771639175389073,2,1
0.0,Medicaid/CHIP/state,High school/GED,36,1.17,1.9653940168104551,6,3
0.0,Private/Medi-Gap,Bachelor's or higher,39,3.43,0.8985353611652169,1,3
0.0,Single-service/IHS/uninsured,Bachelor's or higher,25,0.8,0.5595882488943927,18,3
0.0,Private/Medi-Gap,Bachelor's or higher,36,3.8,2.710095248750025,11,1
0.0,Private/Medi-Gap,Bachelor's or higher,45,4.17,0.3676480445051293,8,4
0.0,Medicaid/CHIP/state,Some college/associate,41,0.52,0.7125363042077094,18,2
0.0,Medicare/military/other govt,High school/GED,20,4.8,1.8076413792455452,15,1
0.0,Private/Medi-Gap,Bachelor's or higher,33,4.44,0.12476542933756217,16,4
0.0,Private/Medi-Gap,High school/GED,23,0.97,1.0964005207469552,6,1
0.0,Medicaid/CHIP/state,Less than high school,44,1.51,1.9969004465035696,17,1
0.0,Private/Medi-Gap,High school/GED,34,4.44,0.6783678515472913,6,1
0.0,Private/Medi-Gap,Bachelor's or higher,32,3.7,1.3343092011522073,11,4
0.0,Private/Medi-Gap,Some college/associate,19,3.76,0.6004819237406201,2,1
0.0,Single-service/IHS/uninsured,Some college/associate,33,4.44,0.2095831970769843,4,3
0.0,Private/Medi-Gap,High school/GED,27,2.92,0.4929406263067758,4,4
0.0,Medicare/military/other govt,Some college/associate,35,0.58,0.20287186510287367,17,4
1.0,Private/Medi-Gap,Bachelor's or higher,34,1.5,0.3542033639239623,17,4
0.0,Private/Medi-Gap,Less than high school,49,1.5,1.9218861367955649,15,4
0.0,Private/Medi-Gap,Bachelor's or higher,43,6.21,0.5537008014255327,18,3
0.0,Private/Medi-Gap,Bachelor's or higher,35,5.8,0.9144845755987212,7,3
0.0,Medicare/military/other govt,Bachelor's or higher,35,4.51,0.7218196836534017,18,4
1.0,Private/Medi-Gap,Bachelor's or higher,31,6.35,0.3629375138184968,17,4
0.0,Single-service/IHS/uninsured,High school/GED,21,1.4,1.0762906691297822,4,4
0.0,Medicaid/CHIP/state,Some college/associate,33,1.65,0.690771219470655,12,4
0.0,Medicaid/CHIP/state,High school/GED,31,0.68,3.4857111099442992,9,3
0.0,Private/Medi-Gap,Some college/associate,20,5.8,3.8493125283833876,20,3
0.0,Private/Medi-Gap,Bachelor's or higher,45,4.44,0.24185093066819352,13,1
0.0,Private/Medi-Gap,Bachelor's or higher,36,5.37,0.9055333446224333,12,3
0.0,Private/Medi-Gap,Bachelor's or higher,48,3.52,0.28540826857015367,17,4
0.0,Private/Medi-Gap,Bachelor's or higher,25,6.35,0.5606974314855343,5,1
0.0,Medicaid/CHIP/state,High school/GED,21,1.4,0.8999503425748999,19,3
0.0,Private/Medi-Gap,Bachelor's or higher,22,0.5,1.307466332568439,9,4
0.0,Medicare/military/other govt,High school/GED,19,1.9,0.24294137821955872,20,4
0.0,Private/Medi-Gap,Bachelor's or higher,28,2.95,0.11010660274207043,16,4
0.0,Medicare/military/other govt,Less than high school,18,1.9,0.3110581251124628,1,3
0.0,Private/Medi-Gap,Bachelor's or higher,43,3.43,0.5080412040341731,1,1
0.0,Private/Medi-Gap,Bachelor's or higher,31,6.86,1.9996081607899838,19,3
0.0,Private/Medi-Gap,Bachelor's or higher,45,5.75,0.22641867528306908,20,4
1.0,Private/Medi-Gap,Bachelor's or higher,29,2.25,1.0459081808110187,10,4
0.0,Private/Medi-Gap,Bachelor's or higher,39,2.36,0.31636118563780075,8,2
0.0,Private/Medi-Gap,Bachelor's or higher,31,2.29,0.7406264141235276,4,3
0.0,Private/Medi-Gap,Some college/associate,19,4.17,0.9301596048462121,6,1
0.0,Private/Medi-Gap,Some college/associate,38,2.92,1.2991684198824802,4,1
0.0,Single-service/IHS/uninsured,High school/GED,29,4.44,0.5138169635831136,8,3
0.0,Private/Medi-Gap,Bachelor's or higher,38,2.46,0.4642696379485759,18,1
0.0,Medicaid/CHIP/state,Bachelor's or higher,40,2.95,0.27394856669442025,13,3
0.0,Private/Medi-Gap,Bachelor's or higher,41,5.8,1.963544042980701,6,1
0.0,Private/Medi-Gap,High school/GED,32,1.62,2.1729730730871157,6,3
0.0,Private/Medi-Gap,Bachelor's or higher,45,4.17,0.39166293906869953,7,1
1.0,Private/Medi-Gap,Bachelor's or higher,35,5.37,0.39427128734308164,16,1
0.0,Private/Medi-Gap,Bachelor's or higher,22,3.19,1.0843355548289695,6,1
0.0,Medicaid/CHIP/state,High school/GED,27,1.18,1.1174594365702792,11,2
0.0,Private/Medi-Gap,Bachelor's or higher,34,5.37,0.6009424858713106,19,4
0.0,Private/Medi-Gap,Bachelor's or higher,34,6.35,0.6006140558152829,12,4
0.0,Medicaid/CHIP/state,High school/GED,16,1.51,0.7366859859822825,6,3
0.0,Medicare/military/other govt,Some college/associate,22,1.61,0.8428112688446574,15,1
0.0,Medicaid/CHIP/state,Some college/associate,47,2.95,0.4898031948379029,3,4
0.0,Private/Medi-Gap,Some college/associate,32,6.86,0.8521105508567086,1,2
0.0,Private/Medi-Gap,Some college/associate,31,3.7,0.42327562013372355,1,2
0.0,Private/Medi-Gap,Bachelor's or higher,35,4.44,0.5963086891392546,15,2
0.0,Private/Medi-Gap,Bachelor's or higher,23,5.37,3.2301238014166427,12,3
1.0,Private/Medi-Gap,Some college/associate,45,3.8,0.39166214757433804,15,3
1.0,Medicaid/CHIP/state,Some college/associate,45,0.9,0.27766065139592605,3,3
0.0,Medicare/military/other govt,Some college/associate,29,1.5,0.2837596719120829,13,1
0.0,Private/Medi-Gap,Some college/associate,22,0.5,1.9932781216457618,20,2
0.0,Private/Medi-Gap,Bachelor's or higher,42,4.17,0.498106485332226,19,4
0.0,Private/Medi-Gap,Some college/associate,20,5.75,1.2096321386789564,12,1
0.0,Private/Medi-Gap,Some college/associate,20,0.5,0.2746637774882651,20,2
0.0,Private/Medi-Gap,Bachelor's or higher,31,6.35,0.5411693354546637,12,2
1.0,Private/Medi-Gap,Bachelor's or higher,47,7.0,0.8225415924661791,12,1
0.0,Private/Medi-Gap,Some college/associate,37,0.64,2.711790851362219,18,3
0.0,Private/Medi-Gap,Some college/associate,46,5.37,0.43701338359284625,18,1
1.0,Private/Medi-Gap,Bachelor's or higher,36,2.92,0.2567607060745947,16,1
0.0,Private/Medi-Gap,Some college/associate,45,7.0,0.6191049900239145,8,3
0.0,Medicaid/CHIP/state,Some college/associate,32,1.51,0.7024026645159597,17,1
0.0,Medicaid/CHIP/state,Some college/associate,37,6.35,0.43799405688442067,18,1
0.0,Medicare/military/other govt,High school/GED,18,5.37,0.6630770246057132,16,1
1.0,Private/Medi-Gap,Bachelor's or higher,32,6.86,1.522020123180411,2,4
0.0,Medicaid/CHIP/state,Bachelor's or higher,29,1.06,2.7961171429216383,15,4
0.0,Private/Medi-Gap,Bachelor's or higher,44,4.17,2.472022189770081,8,3
0.0,Private/Medi-Gap,Bachelor's or higher,35,4.17,0.7967704369157984,5,2
0.0,Private/Medi-Gap,Bachelor's or higher,36,2.47,0.47319860421382104,5,4
0.0,Private/Medi-Gap,Bachelor's or higher,39,1.5,0.2030303310253473,17,3
0.0,Private/Medi-Gap,High school/GED,25,5.8,1.65011334106431,7,2
0.0,Private/Medi-Gap,High school/GED,48,3.13,2.689042069732696,14,2
0.0,Private/Medi-Gap,Some college/associate,44,3.7,1.924140385490628,9,3
0.0,Private/Medi-Gap,Bachelor's or higher,42,5.75,0.43755157709764764,16,3
0.0,Single-service/IHS/uninsured,Some college/associate,40,4.44,0.15022205137974312,5,3
0.0,Private/Medi-Gap,Some college/associate,29,1.95,1.6806556638349297,6,2
0.0,Medicaid/CHIP/state,Less than high school,41,0.5,0.5975011242947783,19,3
0.0,Medicaid/CHIP/state,Some college/associate,32,0.5,0.37565367765978286,6,2
0.0,Single-service/IHS/uninsured,Some college/associate,42,0.5,0.9161376083672595,17,1
0.0,Private/Medi-Gap,Bachelor's or higher,41,3.8,0.3836275271500155,2,2
1.0,Private/Medi-Gap,Bachelor's or higher,26,4.44,0.37893222583464126,16,4
0.0,Medicaid/CHIP/state,High school/GED,33,0.5,0.24222824947779617,7,3
0.0,Private/Medi-Gap,Bachelor's or higher,39,4.17,0.30061615483399573,8,3
0.0,Private/Medi-Gap,Bachelor's or higher,25,2.36,0.7165825510750481,20,4
0.0,Private/Medi-Gap,Some college/associate,25,2.55,0.9176521065143091,20,3
0.0,Private/Medi-Gap,Some college/associate,26,1.74,1.2051950688469464,1,2
0.0,Private/Medi-Gap,Some college/associate,31,1.81,0.6945421549609073,4,4
1.0,Private/Medi-Gap,Some college/associate,36,2.25,0.44890353965468777,3,3
0.0,Private/Medi-Gap,Some college/associate,38,3.8,0.7769329941321589,6,4
0.0,Single-service/IHS/uninsured,Bachelor's or higher,48,2.79,0.36685758710715016,19,3
0.0,Medicaid/CHIP/state,Some college/associate,46,0.9,0.3770929375514801,13,4
0.0,Single-service/IHS/uninsured,High school/GED,25,1.95,0.41865729734751606,20,1
0.0,Private/Medi-Gap,Bachelor's or higher,21,1.81,0.5515564935931891,16,4
0.0,Private/Medi-Gap,Bachelor's or higher,41,3.43,1.2955030466168995,17,3
0.0,Private/Medi-Gap,Bachelor's or higher,39,6.35,0.45203574843854977,12,1
0.0,Single-service/IHS/uninsured,High school/GED,28,3.13,3.451963818679155,8,2
0.0,Private/Medi-Gap,Less than high school,45,1.81,0.3493581866138542,16,2
0.0,Medicaid/CHIP/state,Bachelor's or higher,42,0.92,0.7191889897146072,16,2
0.0,Private/Medi-Gap,High school/GED,46,1.72,4.13514075746596,15,1
0.0,Private/Medi-Gap,Some college/associate,25,2.29,0.31710443365463564,13,4
0.0,Private/Medi-Gap,Bachelor's or higher,30,3.02,0.48368517882978485,2,4
0.0,Private/Medi-Gap,Bachelor's or higher,23,1.18,0.7551853365832543,19,2
0.0,Private/Medi-Gap,Bachelor's or higher,41,4.44,0.3985115792132979,16,4
1.0,Private/Medi-Gap,Some college/associate,42,4.17,0.36417154596093165,4,1
0.0,Medicaid/CHIP/state,High school/GED,39,0.5,0.2814130711510179,13,1
0.0,Private/Medi-Gap,Some college/associate,48,2.31,0.27775102278791414,4,2
0.0,Medicare/military/other govt,Some college/associate,19,6.35,0.5304536948565943,1,3
0.0,Medicaid/CHIP/state,Some college/associate,30,0.5,0.7196577519892726,10,1
0.0,Single-service/IHS/uninsured,High school/GED,25,3.61,0.7931552905197546,13,3
0.0,Medicare/military/other govt,Bachelor's or higher,33,1.09,0.31234331784626257,20,4
1.0,Private/Medi-Gap,Bachelor's or higher,38,6.35,0.6583151094014527,15,2
0.0,Single-service/IHS/uninsured,Some college/associate,27,0.5,1.171186128241218,8,1
0.0,Private/Medi-Gap,High school/GED,26,0.97,1.0955584409656005,15,2
1.0,Private/Medi-Gap,Some college/associate,40,6.86,0.8653678682187688,11,3
0.0,Single-service/IHS/uninsured,Less than high school,19,0.5,1.1573052157440067,7,1
0.0,Private/Medi-Gap,Some college/associate,45,0.5,0.3656748334080847,8,3
0.0,Single-service/IHS/uninsured,Some college/associate,33,3.7,2.207476816937062,18,2
0.0,Medicaid/CHIP/state,Some college/associate,45,0.89,0.36886597699031326,16,1
0.0,Private/Medi-Gap,Some college/associate,38,1.84,0.18136913734023077,16,2
0.0,Private/Medi-Gap,Bachelor's or higher,31,2.79,0.7666594442825245,17,4
0.0,Medicaid/CHIP/state,Bachelor's or higher,33,2.31,0.41801046375006545,15,4
0.0,Medicaid/CHIP/state,Bachelor's or higher,31,2.13,0.7994154302311579,12,2
0.0,Private/Medi-Gap,Bachelor's or higher,30,2.9,0.4897015663804605,4,4
0.0,Medicaid/CHIP/state,Bachelor's or higher,41,0.99,0.5518669104063799,7,1
0.0,Private/Medi-Gap,Bachelor's or higher,33,7.0,0.5269051168038487,2,3
0.0,Private/Medi-Gap,Some college/associate,19,3.8,1.1887387821866522,18,4
0.0,Medicaid/CHIP/state,High school/GED,25,0.59,2.835773498665187,8,1
0.0,Private/Medi-Gap,Bachelor's or higher,24,0.89,2.6310755407529105,13,4
0.0,Medicare/military/other govt,High school/GED,24,1.5,0.6555887278345738,13,1
0.0,Private/Medi-Gap,Some college/associate,32,6.86,1.0438163792893569,7,1
0.0,Private/Medi-Gap,Bachelor's or higher,35,6.86,0.7105351097820449,6,2
0.0,Medicaid/CHIP/state,High school/GED,20,0.5,1.793457793579639,1,3
0.0,Private/Medi-Gap,Bachelor's or higher,45,2.9,0.21239824434984825,15,3
1.0,Medicaid/CHIP/state,Some college/associate,49,0.5,0.7707185192772089,9,3
0.0,Medicaid/CHIP/state,Some college/associate,33,2.79,0.32065050565643605,15,4
0.0,Private/Medi-Gap,Bachelor's or higher,29,7.0,1.7273518624874435,18,3
0.0,Medicaid/CHIP/state,High school/GED,40,1.67,1.626111877603965,15,1
0.0,Private/Medi-Gap,Some college/associate,34,1.18,0.2245743517152384,5,3
0.0,Medicaid/CHIP/state,Less than high school,18,1.61,0.5283681347204466,16,4
0.0,Medicaid/CHIP/state,Bachelor's or higher,44,0.97,1.096390560351723,17,3
0.0,Single-service/IHS/uninsured,Less than high school,25,0.5,2.310722868804166,9,4
0.0,Medicaid/CHIP/state,High school/GED,27,0.5,0.21045398988542408,16,4
0.0,Private/Medi-Gap,Bachelor's or higher,30,3.61,0.48889170835095963,5,1
0.0,Single-service/IHS/uninsured,Some college/associate,31,2.95,0.37846264836103666,5,1
0.0,Private/Medi-Gap,Bachelor's or higher,25,6.35,0.6555564740293602,2,3
0.0,Private/Medi-Gap,Bachelor's or higher,44,7.0,0.2227683761908508,7,4
0.0,Private/Medi-Gap,Less than high school,18,0.5,0.5844190018018945,7,2
0.0,Private/Medi-Gap,Some college/associate,36,1.55,0.8487218644300678,8,1
0.0,Private/Medi-Gap,Bachelor's or higher,32,2.36,0.40478730900807236,2,3
0.0,Private/Medi-Gap,Bachelor's or higher,38,4.17,0.7772454159948256,8,3
0.0,Private/Medi-Gap,High school/GED,49,1.93,3.4504650855671875,3,3
0.0,Single-service/IHS/uninsured,Some college/associate,49,5.37,1.3533852335162375,19,1
1.0,Medicare/military/other govt,High school/GED,34,1.15,0.3424538715721338,5,2
0.0,Medicaid/CHIP/state,High school/GED,24,0.5,0.7176239962697676,14,3
0.0,Private/Medi-Gap,Bachelor's or higher,46,7.0,0.20758457713246142,7,2
0.0,Private/Medi-Gap,High school/GED,18,2.06,0.764946964458203,14,3
0.0,Private/Medi-Gap,Some college/associate,32,0.57,0.39482025085135225,20,4
0.0,Private/Medi-Gap,High school/GED,47,3.76,0.39077353868849607,19,3
0.0,Medicaid/CHIP/state,Some college/associate,35,0.5,0.3847945717210219,15,4
1.0,Private/Medi-Gap,Bachelor's or higher,46,7.0,0.8002958860840098,2,1
0.0,Medicaid/CHIP/state,Some college/associate,23,0.56,1.2818286636080765,17,4
0.0,Private/Medi-Gap,Bachelor's or higher,39,7.0,0.24347020289997479,3,2
1.0,Private/Medi-Gap,Bachelor's or higher,40,3.9,0.32243585350195936,4,2
0.0,Private/Medi-Gap,Some college/associate,24,2.79,1.5171399946630395,17,3
0.0,Private/Medi-Gap,Bachelor's or higher,38,2.36,0.3163374909741928,5,2
0.0,Medicaid/CHIP/state,Bachelor's or higher,26,0.57,0.23861909840182224,17,2
0.0,Private/Medi-Gap,Bachelor's or higher,29,6.35,0.7538693560754713,1,3
0.0,Private/Medi-Gap,Bachelor's or higher,22,2.9,0.19267525897096635,7,2
0.0,Private/Medi-Gap,Bachelor's or higher,48,4.44,0.2918001000325059,5,1
0.0,Private/Medi-Gap,Some college/associate,39,5.37,0.271061005850881,2,1
0.0,Private/Medi-Gap,Bachelor's or higher,44,7.0,0.3785181442811421,12,1
0.0,Private/Medi-Gap,Bachelor's or higher,30,5.37,0.32398156886347185,16,2
0.0,Medicaid/CHIP/state,Some college/associate,40,0.75,0.35279931904613454,14,2
0.0,Private/Medi-Gap,Bachelor's or higher,41,1.93,0.3860392596675135,3,3
0.0,Medicaid/CHIP/state,High school/GED,30,0.5,0.17099949390298186,13,1
0.0,Private/Medi-Gap,Bachelor's or higher,29,1.48,0.8153817522137252,3,3
0.0,Private/Medi-Gap,Bachelor's or higher,46,7.0,0.4030454878362688,19,3
0.0,Medicaid/CHIP/state,High school/GED,43,0.58,2.6700016262887067,5,1
0.0,Single-service/IHS/uninsured,Bachelor's or higher,34,3.13,1.3417553397790092,18,2
0.0,Medicaid/CHIP/state,High school/GED,18,3.76,0.9276331821271123,15,1
0.0,Medicaid/CHIP/state,Bachelor's or higher,29,2.36,0.5912929862399953,11,1
0.0,Private/Medi-Gap,Bachelor's or higher,38,5.37,0.7327418220592125,8,4
0.0,Medicare/military/other govt,High school/GED,27,3.43,1.964358016437985,1,3
0.0,Private/Medi-Gap,Some college/associate,42,0.5,0.32237900992442686,3,1
1.0,Medicare/military/other govt,Some college/associate,37,1.6,0.346382192563003,4,2
0.0,Private/Medi-Gap,Bachelor's or higher,25,2.29,0.316727218086669,20,4
0.0,Private/Medi-Gap,Bachelor's or higher,34,6.86,0.47543216149601353,19,1
0.0,Single-service/IHS/uninsured,Some college/associate,25,1.98,1.9338385641123677,6,3
0.0,Single-service/IHS/uninsured,Less than high school,35,0.5,0.9286493526512087,16,3
0.0,Private/Medi-Gap,Bachelor's or higher,37,7.0,0.267984827458265,20,4
0.0,Medicaid/CHIP/state,Some college/associate,40,1.5,1.278705537031928,10,1
1.0,Private/Medi-Gap,Bachelor's or higher,49,6.35,0.626706828740944,4,1
0.0,Private/Medi-Gap,Some college/associate,19,0.74,0.3462511816105098,16,1
0.0,Private/Medi-Gap,Some college/associate,47,7.0,0.4949910262924792,5,3
0.0,Private/Medi-Gap,High school/GED,19,1.6,1.0968807180950362,1,4
0.0,Private/Medi-Gap,Bachelor's or higher,28,6.86,3.3914511936715606,15,1
0.0,Medicare/military/other govt,Bachelor's or higher,42,3.9,0.3615855794296274,8,4
0.0,Single-service/IHS/uninsured,Some college/associate,36,1.9,0.3564403067863872,16,3
0.0,Single-service/IHS/uninsured,Some college/associate,40,3.13,3.017144901954335,11,3
0.0,Private/Medi-Gap,Bachelor's or higher,40,3.52,0.2715398687355925,13,4
0.0,Medicare/military/other govt,High school/GED,18,5.37,0.9295464777420628,1,1
0.0,Private/Medi-Gap,Bachelor's or higher,39,4.17,0.9316013776467827,2,3
1.0,Private/Medi-Gap,Bachelor's or higher,32,3.7,0.6338510233757171,6,3
0.0,Medicare/military/other govt,Bachelor's or higher,35,3.9,1.0241459911632476,6,4
0.0,Private/Medi-Gap,Bachelor's or higher,39,3.13,0.570890651813581,10,2
1.0,Private/Medi-Gap,Some college/associate,27,2.9,0.9392579532901724,1,1
0.0,Medicaid/CHIP/state,High school/GED,20,1.5,1.5596557441737582,9,1
0.0,Private/Medi-Gap,Some college/associate,42,6.86,1.3379377808877575,9,4
1.0,Private/Medi-Gap,Bachelor's or higher,26,2.9,0.5097186212098987,7,1
0.0,Private/Medi-Gap,Bachelor's or higher,42,6.21,0.9309659287318844,6,2
0.0,Medicaid/CHIP/state,Less than high school,38,0.75,1.3371892417557152,15,1
0.0,Private/Medi-Gap,Bachelor's or higher,42,2.43,0.777514938535114,1,4
0.0,Single-service/IHS/uninsured,High school/GED,38,0.57,1.1956163635335324,3,3
1.0,Private/Medi-Gap,Some college/associate,36,2.46,2.8991028260916996,5,3
0.0,Private/Medi-Gap,Bachelor's or higher,32,3.15,1.7831056205653042,11,1
0.0,Private/Medi-Gap,Bachelor's or higher,46,6.35,1.160032722607446,20,2
0.0,Private/Medi-Gap,Bachelor's or higher,44,1.5,0.7148086548514195,4,3
0.0,Single-service/IHS/uninsured,Some college/associate,21,6.35,0.872579925630781,8,2
0.0,Private/Medi-Gap,Bachelor's or higher,41,4.17,1.2264074613754614,2,3
0.0,Medicaid/CHIP/state,Some college/associate,24,5.37,0.3639244328190618,19,3
0.0,Private/Medi-Gap,Some college/associate,34,5.8,0.756945000444203,4,2
0.0,Medicaid/CHIP/state,Bachelor's or higher,37,1.4,0.36854652045874636,2,1
0.0,Private/Medi-Gap,Bachelor's or higher,22,6.35,0.3514925051283989,8,2
0.0,Medicaid/CHIP/state,Less than high school,41,1.84,1.4748060898264501,20,4
0.0,Private/Medi-Gap,Some college/associate,38,1.35,1.9953202732583653,18,4
0.0,Private/Medi-Gap,Bachelor's or higher,25,2.92,0.5084810301754598,4,1
0.0,Private/Medi-Gap,Bachelor's or higher,23,1.4,0.3482432795162626,11,2
0.0,Private/Medi-Gap,Bachelor's or higher,28,2.95,0.31118395378208713,5,1
0.0,Medicaid/CHIP/state,Bachelor's or higher,39,2.95,0.1455513013726558,16,2
1.0,Private/Medi-Gap,Bachelor's or higher,45,6.35,0.5131887465770931,19,2
0.0,Single-service/IHS/uninsured,High school/GED,49,1.84,0.9426791783496737,17,2
1.0,Private/Medi-Gap,Bachelor's or higher,47,5.37,0.639694605970639,19,3
0.0,Private/Medi-Gap,High school/GED,28,2.31,1.1603439242061555,6,3
0.0,Private/Medi-Gap,Some college/associate,21,4.17,1.3688409596387068,2,3
0.0,Medicaid/CHIP/state,High school/GED,18,0.5,1.1264012796392513,7,1
0.0,Private/Medi-Gap,Bachelor's or higher,39,4.17,0.22914793233450167,2,1
0.0,Single-service/IHS/uninsured,Less than high school,48,0.89,0.26219536614156486,19,1
0.0,Private/Medi-Gap,Bachelor's or higher,35,5.37,0.5835224066350766,7,1
0.0,Private/Medi-Gap,Bachelor's or higher,35,4.17,2.2290787927106477,16,1
0.0,Medicaid/CHIP/state,Some college/associate,21,0.5,0.23414314627885657,19,1
0.0,Medicare/military/other govt,Some college/associate,42,2.36,0.5722254321387442,4,1
0.0,Private/Medi-Gap,High school/GED,44,1.81,0.3090076593055575,17,2
0.0,Single-service/IHS/uninsured,Some college/associate,48,2.09,2.6485141070999094,7,1
0.0,Medicaid/CHIP/state,Less than high school,18,1.14,1.9695413675037317,3,3
0.0,Private/Medi-Gap,Some college/associate,20,4.44,1.2604808866324666,15,2
0.0,Single-service/IHS/uninsured,Less than high school,35,1.14,0.5008667967223277,4,1
0.0,Medicaid/CHIP/state,Some college/associate,39,3.36,1.508209228638907,10,3
0.0,Single-service/IHS/uninsured,High school/GED,40,0.5,0.3515180516562394,19,1
0.0,Private/Medi-Gap,Bachelor's or higher,38,6.35,0.9018018736016036,4,3
0.0,Private/Medi-Gap,High school/GED,20,1.48,2.5911727110711227,16,3
0.0,Private/Medi-Gap,Bachelor's or higher,30,6.35,0.8708421735957456,12,3
0.0,Private/Medi-Gap,Bachelor's or higher,39,5.8,0.7812453853392808,12,2
0.0,Medicaid/CHIP/state,High school/GED,19,0.5,0.8594979878547014,8,3
1.0,Private/Medi-Gap,Some college/associate,35,2.92,1.255247775334469,15,2
0.0,Private/Medi-Gap,Bachelor's or higher,41,4.79,1.288419582066818,4,2
1.0,Private/Medi-Gap,Bachelor's or higher,39,6.35,0.36832334797138594,8,3
0.0,Medicaid/CHIP/state,Bachelor's or higher,43,0.5,0.2656708462088873,16,2
0.0,Private/Medi-Gap,High school/GED,20,3.76,0.8523781703219313,20,4
0.0,Medicaid/CHIP/state,Some college/associate,19,2.25,0.6551567334472512,15,2
0.0,Medicaid/CHIP/state,High school/GED,18,1.4,0.3462754272191945,15,4
0.0,Medicare/military/other govt,High school/GED,39,1.25,3.3001842636066403,18,1
0.0,Private/Medi-Gap,Bachelor's or higher,27,4.44,0.4642842337069059,17,4
0.0,Private/Medi-Gap,Less than high school,35,2.79,0.7244148304906094,15,1
0.0,Private/Medi-Gap,Bachelor's or higher,34,4.17,0.3987847988477514,8,3
0.0,Medicaid/CHIP/state,Some college/associate,36,0.75,0.8164961483956685,3,3
0.0,Private/Medi-Gap,Some college/associate,42,6.35,0.4988397532000139,8,3
0.0,Private/Medi-Gap,Some college/associate,18,4.17,1.3670020360184216,19,3
0.0,Medicaid/CHIP/state,Some college/associate,19,0.96,0.46508979054822175,6,3
0.0,Private/Medi-Gap,Some college/associate,45,3.13,1.2702524674483777,14,3
1.0,Private/Medi-Gap,Bachelor's or higher,38,2.9,0.9720554856112251,12,1
0.0,Private/Medi-Gap,Bachelor's or higher,41,4.06,2.0910099945016003,20,3
0.0,Private/Medi-Gap,High school/GED,28,2.46,1.1655473220395252,10,1
0.0,Private/Medi-Gap,Some college/associate,49,6.35,1.3806954266696658,9,1
0.0,Private/Medi-Gap,High school/GED,22,7.0,0.9048500564405974,10,3
0.0,Medicaid/CHIP/state,High school/GED,18,0.5,0.2951415761089474,2,3
0.0,Private/Medi-Gap,Bachelor's or higher,29,2.31,1.0187613479790354,15,1
0.0,Medicaid/CHIP/state,High school/GED,19,0.98,1.086584901596249,14,3
0.0,Medicaid/CHIP/state,Bachelor's or higher,34,4.17,0.6360381836430821,15,2
0.0,Medicaid/CHIP/state,Some college/associate,21,0.5,2.3082549382488957,6,2
0.0,Medicaid/CHIP/state,Some college/associate,24,1.93,1.3152468727176754,18,1
0.0,Private/Medi-Gap,Bachelor's or higher,25,4.51,2.590319446158017,19,4
0.0,Medicaid/CHIP/state,High school/GED,34,1.55,2.397827323462499,13,4
0.0,Medicare/military/other govt,Bachelor's or higher,31,0.57,0.9858060028040814,2,3
0.0,Medicare/military/other govt,Some college/associate,41,5.37,0.463231384672161,20,4
0.0,Single-service/IHS/uninsured,Some college/associate,46,0.5,0.32234362182241383,11,1
0.0,Medicaid/CHIP/state,High school/GED,30,1.65,0.49741228275771593,8,3
0.0,Medicaid/CHIP/state,High school/GED,44,1.68,0.4737215359958335,20,4
0.0,Private/Medi-Gap,High school/GED,40,1.37,1.4280971466089545,17,2
0.0,Medicaid/CHIP/state,Less than high school,33,2.06,2.170328086480599,18,4
0.0,Private/Medi-Gap,Some college/associate,49,4.44,0.8608308306660726,4,3
0.0,Private/Medi-Gap,Some college/associate,25,1.93,0.4039092639405984,3,1
0.0,Single-service/IHS/uninsured,Some college/associate,44,3.76,0.26395862519681124,5,4
0.0,Medicaid/CHIP/state,Bachelor's or higher,42,1.65,0.24107484510228128,12,2
0.0,Single-service/IHS/uninsured,Less than high school,41,0.96,3.7491436042846944,6,3
1.0,Medicaid/CHIP/state,Less than high school,40,0.89,0.5218375404614088,15,4
0.0,Private/Medi-Gap,Bachelor's or higher,38,4.51,1.0230572026341567,5,3
0.0,Private/Medi-Gap,Bachelor's or higher,49,6.35,1.304291518831311,17,4
0.0,Single-service/IHS/uninsured,Bachelor's or higher,42,6.35,0.6493993664143922,17,2
0.0,Private/Medi-Gap,Bachelor's or higher,33,1.92,0.9748862229292176,10,4
0.0,Medicaid/CHIP/state,Less than high school,47,0.5,0.23006095127021897,15,2
0.0,Private/Medi-Gap,High school/GED,29,3.76,1.0215964296454347,17,3
0.0,Private/Medi-Gap,Less than high school,18,0.59,0.7721210684558125,18,1
0.0,Private/Medi-Gap,Bachelor's or higher,35,2.46,0.9972131137631713,13,3
0.0,Private/Medi-Gap,Less than high school,18,1.18,1.7905638701441593,8,3
0.0,Medicaid/CHIP/state,Bachelor's or higher,28,1.65,0.28347621637258735,15,3
0.0,Private/Medi-Gap,Bachelor's or higher,40,6.35,2.010025293292578,1,3
0.0,Private/Medi-Gap,Bachelor's or higher,26,4.43,0.8869970162964256,4,4
0.0,Private/Medi-Gap,Some college/associate,46,2.9,0.4385980480355713,15,4
0.0,Private/Medi-Gap,Some college/associate,30,3.13,1.7266639839662992,11,1
0.0,Private/Medi-Gap,High school/GED,26,1.93,0.2335816191952737,4,4
1.0,Private/Medi-Gap,Bachelor's or higher,35,5.37,0.5990347900528774,8,2
0.0,Private/Medi-Gap,Some college/associate,19,5.8,1.5521875058734458,20,3
0.0,Medicaid/CHIP/state,Some college/associate,19,0.99,0.9561966840154487,20,3
0.0,Medicaid/CHIP/state,Some college/associate,43,0.5,1.0229722865749382,14,1
0.0,Private/Medi-Gap,Bachelor's or higher,47,4.17,1.683818252569677,5,2
0.0,Medicaid/CHIP/state,Some college/associate,41,1.51,0.961367832441624,3,4
0.0,Medicaid/CHIP/state,High school/GED,19,5.37,2.004032339953325,16,1
1.0,Private/Medi-Gap,Bachelor's or higher,30,6.86,2.036830215170786,11,2
0.0,Private/Medi-Gap,Bachelor's or higher,28,5.8,1.0768762541980803,9,2
0.0,Private/Medi-Gap,Bachelor's or higher,23,1.48,0.2031066395647494,4,3
0.0,Medicaid/CHIP/state,Less than high school,47,1.6,1.2134396693411214,14,3
0.0,Medicaid/CHIP/state,High school/GED,18,2.25,1.0724453557559916,6,1
0.0,Private/Medi-Gap,High school/GED,22,0.84,3.6283550489512666,2,4
0.0,Medicaid/CHIP/state,High school/GED,35,1.98,5.139810111136864,8,2
0.0,Private/Medi-Gap,Some college/associate,36,0.5,1.2682867012286976,13,2
0.0,Private/Medi-Gap,Some college/associate,20,0.5,0.9147540071969188,1,4
0.0,Medicaid/CHIP/state,Bachelor's or higher,43,0.57,0.6741630637675253,8,1
0.0,Private/Medi-Gap,Bachelor's or higher,44,4.79,0.3898064070469671,20,1
0.0,Medicaid/CHIP/state,Some college/associate,49,1.98,3.3526384234718543,3,4
0.0,Medicare/military/other govt,High school/GED,34,3.76,0.99397731068185,2,3
0.0,Private/Medi-Gap,Some college/associate,46,2.31,0.441434268118046,6,4
0.0,Private/Medi-Gap,Bachelor's or higher,37,6.35,1.3335421456141208,19,4
0.0,Private/Medi-Gap,Some college/associate,27,3.76,0.3212525351419608,2,1
0.0,Medicaid/CHIP/state,Bachelor's or higher,25,1.17,2.2163945506614007,11,1
0.0,Private/Medi-Gap,Bachelor's or higher,29,2.18,0.5651313022431409,15,1
0.0,Private/Medi-Gap,Some college/associate,21,1.28,1.1105759119341316,6,1
0.0,Private/Medi-Gap,Some college/associate,32,2.9,3.6185426329002697,9,1
0.0,Medicaid/CHIP/state,Some college/associate,42,0.57,0.18034475444715706,4,4
0.0,Medicaid/CHIP/state,High school/GED,41,1.84,1.3548949430404031,3,3
0.0,Medicaid/CHIP/state,High school/GED,22,1.27,3.153513768856748,3,1
1.0,Private/Medi-Gap,Bachelor's or higher,35,4.17,0.30605691554986725,12,2
0.0,Private/Medi-Gap,Some college/associate,42,3.61,0.1954453725766963,11,4
0.0,Private/Medi-Gap,Some college/associate,36,2.79,0.5359552998565701,17,3
0.0,Medicaid/CHIP/state,Some college/associate,25,5.37,1.9756335505909655,3,3
0.0,Private/Medi-Gap,Bachelor's or higher,36,6.35,0.5224441104917202,9,1
0.0,Private/Medi-Gap,Some college/associate,37,4.17,0.6831160919682487,2,3
0.0,Private/Medi-Gap,High school/GED,43,1.15,0.2901518703481346,4,1
0.0,Single-service/IHS/uninsured,Some college/associate,44,1.4,0.44424426214145035,20,2
0.0,Private/Medi-Gap,High school/GED,31,5.37,0.6224687375202416,20,4
0.0,Medicare/military/other govt,Bachelor's or higher,31,4.8,0.9029393728017652,4,2
1.0,Private/Medi-Gap,Bachelor's or higher,41,4.17,0.28976775197729937,8,3
0.0,Private/Medi-Gap,Some college/associate,38,6.35,0.7496145520838318,13,4
1.0,Private/Medi-Gap,Bachelor's or higher,44,4.17,0.6051164061164073,4,1
1.0,Private/Medi-Gap,Bachelor's or higher,38,5.37,0.8632970437575942,12,4
1.0,Private/Medi-Gap,Bachelor's or higher,44,6.86,2.371581393545276,6,1
0.0,Private/Medi-Gap,Bachelor's or higher,40,3.13,0.4236067512443931,2,2
0.0,Private/Medi-Gap,Bachelor's or higher,31,2.25,0.5169604572368561,16,3
0.0,Private/Medi-Gap,Some college/associate,33,3.15,0.8441383830497301,6,3
0.0,Single-service/IHS/uninsured,High school/GED,30,0.98,0.6801756752087768,6,2
0.0,Private/Medi-Gap,Some college/associate,44,6.35,0.6038752281619102,6,1
0.0,Private/Medi-Gap,Bachelor's or higher,29,3.61,0.1860448732101792,4,4
1.0,Medicaid/CHIP/state,Less than high school,45,0.57,0.5215888106375168,20,2
0.0,Private/Medi-Gap,Some college/associate,35,3.61,0.745919748615874,2,3
0.0,Medicare/military/other govt,Less than high school,32,1.5,0.47030185710096245,19,3
0.0,Private/Medi-Gap,Bachelor's or higher,24,7.0,0.2836916908355829,16,1
0.0,Private/Medi-Gap,Some college/associate,43,6.86,0.7252224736329412,15,4
0.0,Medicaid/CHIP/state,Some college/associate,31,0.5,1.4604065591840423,9,4
1.0,Medicaid/CHIP/state,Some college/associate,30,0.57,0.13494600543509802,16,4
0.0,Private/Medi-Gap,Bachelor's or higher,47,4.51,2.5350047445680914,15,1
0.0,Private/Medi-Gap,Bachelor's or higher,33,6.86,0.37574489399324645,6,2
0.0,Private/Medi-Gap,Bachelor's or higher,46,4.17,0.8190653653319429,19,3
0.0,Private/Medi-Gap,Bachelor's or higher,42,1.35,2.7746473000426857,14,2
0.0,Single-service/IHS/uninsured,Bachelor's or higher,38,4.51,1.0273147140165675,8,4
0.0,Medicaid/CHIP/state,Less than high school,28,5.37,0.27179353328605516,13,4
0.0,Private/Medi-Gap,Some college/associate,31,3.52,0.9250760955239927,6,1
0.0,Private/Medi-Gap,Some college/associate,26,2.79,0.7943474891512994,13,4
0.0,Private/Medi-Gap,Bachelor's or higher,44,3.61,0.2229744947253476,4,3
0.0,Medicare/military/other govt,Bachelor's or higher,30,5.37,1.5750032603894852,15,2
0.0,Medicaid/CHIP/state,Less than high school,21,0.5,0.7821859993852496,19,1
0.0,Private/Medi-Gap,Bachelor's or higher,33,7.0,0.2666672140181521,19,3
0.0,Private/Medi-Gap,High school/GED,32,3.76,1.6751282318774856,1,1
0.0,Medicaid/CHIP/state,Some college/associate,43,3.61,0.4601312994674202,18,1
0.0,Private/Medi-Gap,Bachelor's or higher,46,4.43,0.7937669796952701,10,1
0.0,Private/Medi-Gap,Some college/associate,36,1.93,0.19104849162004267,20,4
0.0,Medicaid/CHIP/state,High school/GED,34,0.98,0.6617159286211572,6,3
0.0,Private/Medi-Gap,Bachelor's or higher,43,3.8,2.7746473000426857,1,4
0.0,Single-service/IHS/uninsured,Less than high school,33,0.5,3.029110984002455,1,2
0.0,Private/Medi-Gap,Bachelor's or higher,23,6.35,1.0284383855463535,2,3
0.0,Medicaid/CHIP/state,Some college/associate,38,0.5,0.474008915313837,6,3
0.0,Private/Medi-Gap,High school/GED,19,0.99,0.7989937280286138,20,3
0.0,Private/Medi-Gap,Some college/associate,44,6.86,0.3917700528250759,8,1
1.0,Private/Medi-Gap,Bachelor's or higher,33,3.8,1.1494120892862614,12,2
0.0,Private/Medi-Gap,Bachelor's or higher,36,4.17,0.40378344861411686,7,4
0.0,Single-service/IHS/uninsured,Some college/associate,30,1.5,0.8569369534703252,16,3
0.0,Medicaid/CHIP/state,High school/GED,24,1.14,0.3929238727015863,18,1
0.0,Private/Medi-Gap,Bachelor's or higher,30,5.37,0.6687628082862181,13,4
0.0,Private/Medi-Gap,Bachelor's or higher,33,3.52,0.4236198671065508,6,1
0.0,Private/Medi-Gap,High school/GED,21,1.65,0.3509453914717081,1,3
0.0,Private/Medi-Gap,Bachelor's or higher,43,7.0,1.0580728982758678,19,4
0.0,Private/Medi-Gap,Bachelor's or higher,25,4.44,0.5344069225007891,7,3
0.0,Private/Medi-Gap,Bachelor's or higher,46,6.35,0.919744020595444,5,4
0.0,Private/Medi-Gap,Some college/associate,36,1.98,0.5232552350016506,5,4
0.0,Medicaid/CHIP/state,Less than high school,20,0.63,0.9158935086139338,20,2
0.0,Private/Medi-Gap,High school/GED,32,6.35,1.1307871311838487,2,1
0.0,Private/Medi-Gap,Bachelor's or higher,33,5.8,0.9022997949668555,19,4
1.0,Private/Medi-Gap,Some college/associate,39,6.35,0.559938405165017,8,1
0.0,Private/Medi-Gap,Bachelor's or higher,48,7.0,0.1764779586879332,17,4
0.0,Medicare/military/other govt,Less than high school,33,1.81,0.3197729314751819,4,3
0.0,Private/Medi-Gap,Bachelor's or higher,32,6.35,0.36122342819538683,8,3
0.0,Private/Medi-Gap,Some college/associate,36,5.8,0.8827076394017122,20,3
0.0,Medicaid/CHIP/state,Some college/associate,30,1.04,1.6976924375884441,5,4
0.0,Medicaid/CHIP/state,Bachelor's or higher,19,1.5,0.2371415785016076,2,1
0.0,Private/Medi-Gap,Some college/associate,23,2.46,0.21903195531128292,7,2
0.0,Medicaid/CHIP/state,High school/GED,19,2.06,0.8720658195550602,5,3
0.0,Private/Medi-Gap,Some college/associate,31,2.79,0.6195246861333851,8,3
0.0,Medicaid/CHIP/state,Some college/associate,24,0.62,0.48767740892776357,3,3
0.0,Single-service/IHS/uninsured,High school/GED,18,0.58,0.6121473476582427,17,4
0.0,Private/Medi-Gap,Bachelor's or higher,35,6.86,2.2643999382365334,20,3
0.0,Private/Medi-Gap,Bachelor's or higher,36,3.43,1.3604476882070446,16,4
0.0,Private/Medi-Gap,High school/GED,20,4.06,1.1480348272269112,5,3
0.0,Private/Medi-Gap,Some college/associate,29,1.51,0.7751788337585624,5,3
0.0,Private/Medi-Gap,Bachelor's or higher,47,6.35,0.9722712725572084,4,1
0.0,Single-service/IHS/uninsured,Some college/associate,40,4.06,1.5274418692468477,5,4
0.0,Medicare/military/other govt,Some college/associate,25,1.9,0.7332957899914758,15,4
0.0,Private/Medi-Gap,Bachelor's or higher,37,2.43,1.09570366206705,20,1
0.0,Private/Medi-Gap,Some college/associate,25,0.9,0.29311878852740136,12,4
0.0,Medicaid/CHIP/state,Bachelor's or higher,22,0.75,0.5846949248763562,12,2
0.0,Medicaid/CHIP/state,Some college/associate,37,0.5,0.3464558432079851,9,1
0.0,Private/Medi-Gap,Bachelor's or higher,37,2.9,1.007072089182991,19,3
0.0,Private/Medi-Gap,Bachelor's or higher,24,2.47,0.7695007696452618,9,3
0.0,Private/Medi-Gap,Bachelor's or higher,30,0.5,0.27091915124673355,20,4
0.0,Medicaid/CHIP/state,Less than high school,44,0.5,0.439077309500086,1,1
0.0,Private/Medi-Gap,Some college/associate,34,4.17,0.4097495582335081,12,3
0.0,Private/Medi-Gap,Bachelor's or higher,23,6.35,0.4475835667891154,13,4
0.0,Medicaid/CHIP/state,Bachelor's or higher,40,0.5,0.4885137565247703,4,2
0.0,Medicaid/CHIP/state,High school/GED,48,2.29,0.62275101617963,1,3
0.0,Private/Medi-Gap,Some college/associate,33,1.62,0.43500861551572373,17,1
0.0,Private/Medi-Gap,Bachelor's or higher,43,3.02,1.2340796380599985,3,2
0.0,Private/Medi-Gap,Bachelor's or higher,28,2.47,0.6910784662810945,7,3
1.0,Private/Medi-Gap,Bachelor's or higher,48,5.37,0.6769196523462313,8,2
0.0,Private/Medi-Gap,Bachelor's or higher,32,5.37,0.30136503358256733,7,1
0.0,Private/Medi-Gap,Bachelor's or higher,28,2.95,0.36735610563395127,17,4
0.0,Private/Medi-Gap,Some college/associate,26,3.43,1.1174975368337958,12,4
0.0,Private/Medi-Gap,Bachelor's or higher,31,5.75,0.48599070209199724,5,1
0.0,Medicare/military/other govt,Less than high school,45,0.5,0.5109396910481326,10,1
0.0,Private/Medi-Gap,Some college/associate,43,0.7,0.6782187447586525,3,3
0.0,Private/Medi-Gap,Less than high school,17,6.86,0.8057113996355137,13,2
0.0,Private/Medi-Gap,Bachelor's or higher,37,6.35,0.4965666454261259,6,1
0.0,Private/Medi-Gap,Bachelor's or higher,37,3.11,1.0112134697516293,2,3
0.0,Single-service/IHS/uninsured,Bachelor's or higher,39,2.79,0.546461210699165,13,1
1.0,Private/Medi-Gap,Bachelor's or higher,43,5.37,0.6574015931914007,17,2
0.0,Medicaid/CHIP/state,High school/GED,49,0.57,0.6076941974009977,17,2
0.0,Medicaid/CHIP/state,High school/GED,21,0.74,1.7018157206809974,17,4
0.0,Private/Medi-Gap,Some college/associate,22,5.8,1.554103141383669,15,2
0.0,Private/Medi-Gap,Bachelor's or higher,23,5.37,1.896858635594263,7,4
0.0,Private/Medi-Gap,Some college/associate,28,1.9,0.5380634222036661,5,3
0.0,Private/Medi-Gap,Bachelor's or higher,28,3.76,0.2538169110400746,3,2
0.0,Private/Medi-Gap,Bachelor's or higher,37,4.17,0.24731184661131303,9,1
1.0,Medicare/military/other govt,High school/GED,37,1.27,3.2236123357828235,8,3
0.0,Private/Medi-Gap,Bachelor's or higher,35,6.35,0.5653379734371965,18,1
0.0,Private/Medi-Gap,Some college/associate,48,1.65,0.21633765110705294,3,1
0.0,Medicaid/CHIP/state,Some college/associate,27,0.99,0.8020417006572007,18,3
0.0,Medicare/military/other govt,Some college/associate,34,1.4,0.33510042708777243,11,4
0.0,Medicaid/CHIP/state,Some college/associate,40,2.25,0.7381671160598771,17,3
0.0,Private/Medi-Gap,Some college/associate,39,1.27,2.710095248750025,4,1
0.0,Private/Medi-Gap,Bachelor's or higher,25,6.35,2.117237586915252,8,3
0.0,Medicare/military/other govt,High school/GED,32,0.81,0.3475913231210157,19,1
0.0,Single-service/IHS/uninsured,Bachelor's or higher,33,0.57,0.1472997091372053,9,1
0.0,Private/Medi-Gap,Bachelor's or higher,28,3.61,0.23142562590059362,17,4
0.0,Private/Medi-Gap,High school/GED,48,4.44,0.39742562718293006,12,3
0.0,Private/Medi-Gap,Bachelor's or higher,40,3.19,0.7709480861862412,8,4
0.0,Private/Medi-Gap,Some college/associate,31,5.75,0.2129686861437037,5,3
0.0,Private/Medi-Gap,High school/GED,31,2.95,0.9646103130577822,4,4
0.0,Medicaid/CHIP/state,Some college/associate,22,0.5,1.0019502015529935,4,4
0.0,Medicaid/CHIP/state,High school/GED,32,1.65,0.3350328969200493,16,2
0.0,Single-service/IHS/uninsured,High school/GED,35,1.27,0.4426386942864231,14,1
0.0,Private/Medi-Gap,Bachelor's or higher,28,7.0,0.42661968641981585,2,3
0.0,Private/Medi-Gap,Bachelor's or higher,28,6.86,0.7520693049810484,7,4
0.0,Medicaid/CHIP/state,Less than high school,48,0.89,0.27384787270423305,4,4
0.0,Single-service/IHS/uninsured,Bachelor's or higher,40,6.35,0.4135949468208804,17,4
1.0,Private/Medi-Gap,Bachelor's or higher,39,5.37,0.5269306771966309,6,1
0.0,Medicaid/CHIP/state,High school/GED,39,0.74,0.3455627048842184,17,3
0.0,Medicaid/CHIP/state,High school/GED,25,1.14,0.1853098663358027,16,4
0.0,Private/Medi-Gap,Bachelor's or higher,38,2.46,0.23900933985891082,8,3
0.0,Private/Medi-Gap,Bachelor's or higher,41,1.55,1.3325210746530942,18,1
1.0,Private/Medi-Gap,Bachelor's or higher,40,1.81,0.1976887050155179,4,3
0.0,Private/Medi-Gap,Less than high school,17,5.37,0.7535107423394807,7,2
0.0,Medicaid/CHIP/state,High school/GED,36,1.48,0.5119854366856103,9,1
0.0,Private/Medi-Gap,Some college/associate,31,2.66,0.8739761871328553,6,4
0.0,Private/Medi-Gap,Bachelor's or higher,42,3.61,0.14258013828494048,16,4
0.0,Medicaid/CHIP/state,Some college/associate,28,3.13,0.936606343564988,14,3
0.0,Private/Medi-Gap,Bachelor's or higher,24,5.37,1.935370849637881,2,3
1.0,Private/Medi-Gap,Bachelor's or higher,49,1.67,0.47910194545300167,19,4
0.0,Private/Medi-Gap,Bachelor's or higher,32,5.37,0.4859145535957666,17,4
0.0,Private/Medi-Gap,High school/GED,21,2.79,0.8637357506402789,13,4
0.0,Private/Medi-Gap,Some college/associate,37,3.9,1.20908307580527,3,4
0.0,Private/Medi-Gap,Bachelor's or higher,27,2.46,0.6305803817211483,13,3
0.0,Single-service/IHS/uninsured,Some college/associate,47,2.29,1.356544377632936,16,4
0.0,Medicaid/CHIP/state,Some college/associate,20,0.57,0.5073648186552057,17,2
1.0,Medicaid/CHIP/state,Less than high school,37,0.5,0.7359593161122734,16,2
0.0,Private/Medi-Gap,Some college/associate,25,2.47,0.9161058777772392,14,3
0.0,Private/Medi-Gap,Some college/associate,28,4.06,0.34428804041192,18,4
0.0,Single-service/IHS/uninsured,High school/GED,31,0.75,0.9690407612619785,20,3
0.0,Private/Medi-Gap,Bachelor's or higher,24,2.55,1.5801240224247515,11,2
0.0,Private/Medi-Gap,Some college/associate,28,1.9,0.9818481635013665,5,4
0.0,Private/Medi-Gap,Bachelor's or higher,24,4.8,3.8493125283833876,12,3
0.0,Private/Medi-Gap,Some college/associate,47,3.15,0.46374117442752893,6,3
0.0,Private/Medi-Gap,Less than high school,31,4.43,0.43331717111882145,11,4
0.0,Private/Medi-Gap,Bachelor's or higher,46,3.43,0.27932220007130554,8,2
0.0,Medicare/military/other govt,Bachelor's or higher,44,6.35,0.38083182586887604,15,3
0.0,Private/Medi-Gap,Bachelor's or higher,24,1.78,2.956818653071447,6,1
0.0,Private/Medi-Gap,Bachelor's or higher,41,7.0,0.3394343517420753,19,2
0.0,Medicaid/CHIP/state,Some college/associate,35,2.25,0.3815242700556961,8,1
0.0,Private/Medi-Gap,Bachelor's or higher,40,5.8,1.3546578465735022,20,3
0.0,Medicaid/CHIP/state,Less than high school,43,1.4,0.8943767179987049,15,1
0.0,Single-service/IHS/uninsured,High school/GED,18,0.5,0.29140193468667924,17,3
0.0,Private/Medi-Gap,Bachelor's or higher,38,2.92,0.23900933985891082,8,3
0.0,Medicaid/CHIP/state,Some college/associate,33,0.9,0.3532494282034481,20,2
0.0,Private/Medi-Gap,Bachelor's or higher,31,3.8,0.7377528640272288,7,4
0.0,Single-service/IHS/uninsured,High school/GED,49,0.96,0.6601714553646122,8,1
0.0,Private/Medi-Gap,Some college/associate,22,2.95,0.13796650087998072,16,4
0.0,Private/Medi-Gap,Some college/associate,45,4.17,3.3526384234718543,6,1
0.0,Private/Medi-Gap,Some college/associate,47,6.35,0.36031806434744074,15,4
0.0,Private/Medi-Gap,Some college/associate,43,1.93,0.3557981667698811,17,2
0.0,Private/Medi-Gap,Bachelor's or higher,48,6.35,2.1702746490570837,7,2
0.0,Private/Medi-Gap,Bachelor's or higher,34,4.51,0.8338919667419648,20,1
0.0,Medicaid/CHIP/state,Some college/associate,28,3.76,0.3693876240289353,7,3
0.0,Medicaid/CHIP/state,High school/GED,32,0.5,2.2681475880044157,2,1
0.0,Single-service/IHS/uninsured,Some college/associate,30,0.93,0.5919388104547797,19,1
0.0,Private/Medi-Gap,Bachelor's or higher,28,4.43,0.4180539043269697,11,3
0.0,Medicare/military/other govt,Some college/associate,26,1.23,0.42568465077661005,4,2
1.0,Private/Medi-Gap,Bachelor's or higher,35,5.8,0.8754135775682435,20,3
0.0,Private/Medi-Gap,Some college/associate,33,0.99,0.7626951272194021,6,2
0.0,Private/Medi-Gap,Bachelor's or higher,44,7.0,0.26897474419340767,17,4
0.0,Private/Medi-Gap,Less than high school,47,5.37,3.102334340552259,18,1
0.0,Medicare/military/other govt,Less than high school,19,0.5,1.8982969697402006,10,3
0.0,Private/Medi-Gap,Bachelor's or higher,47,2.92,0.1265551974905011,20,4
0.0,Single-service/IHS/uninsured,High school/GED,29,2.43,0.7028876122465207,19,1
0.0,Private/Medi-Gap,High school/GED,18,3.7,0.31029363615399164,7,3
0.0,Medicaid/CHIP/state,Some college/associate,22,5.75,1.5102703819305154,15,2
0.0,Private/Medi-Gap,Bachelor's or higher,26,0.5,0.4443822939724449,16,4
1.0,Private/Medi-Gap,Some college/associate,33,2.9,0.6528844095643695,4,1
0.0,Private/Medi-Gap,Bachelor's or higher,37,4.51,1.2851020436631782,1,4
0.0,Private/Medi-Gap,Some college/associate,36,4.17,0.46320515086065006,12,1
0.0,Private/Medi-Gap,Some college/associate,26,1.93,1.0134179447967562,1,1
0.0,Private/Medi-Gap,Bachelor's or higher,34,5.37,0.2809513599446463,8,1
1.0,Private/Medi-Gap,Bachelor's or higher,37,4.17,0.9048687025509355,2,3
0.0,Medicare/military/other govt,Some college/associate,31,2.35,0.7816693752572094,6,4
0.0,Medicaid/CHIP/state,Some college/associate,33,0.5,0.7840658380013071,3,4
0.0,Private/Medi-Gap,Some college/associate,45,4.79,2.8771702542003843,18,4
0.0,Private/Medi-Gap,Some college/associate,24,2.95,1.2763693636760947,9,1
0.0,Private/Medi-Gap,Bachelor's or higher,31,4.06,1.1122010299533316,6,1
0.0,Medicaid/CHIP/state,Bachelor's or higher,31,4.17,0.6258931170776134,15,1
0.0,Private/Medi-Gap,Some college/associate,27,7.0,0.19941743634056514,8,2
0.0,Medicare/military/other govt,Bachelor's or higher,23,1.06,0.7932539477798196,17,2
0.0,Medicare/military/other govt,Less than high school,18,0.5,0.2665848746018134,20,2
0.0,Private/Medi-Gap,Some college/associate,44,1.74,1.2064830719895252,6,1
0.0,Private/Medi-Gap,Bachelor's or higher,38,7.0,0.37105850075384467,10,4
0.0,Medicare/military/other govt,High school/GED,36,0.5,0.5485466538778204,1,3
0.0,Medicaid/CHIP/state,Less than high school,18,1.06,0.8724448892980833,8,3
0.0,Private/Medi-Gap,Some college/associate,21,4.44,0.21630755814555278,2,1
0.0,Private/Medi-Gap,Bachelor's or higher,41,4.17,0.5005279034060307,15,2
0.0,Medicaid/CHIP/state,Less than high school,46,0.5,2.560909213024005,4,2
0.0,Private/Medi-Gap,Some college/associate,34,4.51,0.8067902426779119,15,4
0.0,Private/Medi-Gap,Some college/associate,30,4.44,1.071166301464241,7,2
0.0,Private/Medi-Gap,Bachelor's or higher,47,7.0,0.8433007057600864,19,4
0.0,Private/Medi-Gap,High school/GED,19,5.37,0.7659076886330879,17,2
0.0,Medicare/military/other govt,High school/GED,19,1.5,0.8319690677913028,2,1
0.0,Private/Medi-Gap,Some college/associate,37,0.99,2.9937730626425094,15,1
0.0,Private/Medi-Gap,Bachelor's or higher,38,1.5,0.3278312729512272,13,3
0.0,Private/Medi-Gap,Some college/associate,31,2.95,1.8715363418782396,15,2
0.0,Medicaid/CHIP/state,High school/GED,44,2.09,1.8298103424298435,10,2
0.0,Medicaid/CHIP/state,High school/GED,42,0.5,0.41063617705295646,14,3
0.0,Private/Medi-Gap,Bachelor's or higher,37,5.8,2.710095248750025,5,3
0.0,Medicaid/CHIP/state,High school/GED,35,1.28,0.8837514675028406,9,4
0.0,Private/Medi-Gap,Bachelor's or higher,40,4.17,0.7056101914649456,8,3
1.0,Private/Medi-Gap,Bachelor's or higher,29,6.35,0.7311479826776581,7,4
0.0,Private/Medi-Gap,Bachelor's or higher,33,0.98,1.213827105011078,3,3
0.0,Medicaid/CHIP/state,Some college/associate,25,1.4,0.37885636753313173,20,2
0.0,Private/Medi-Gap,High school/GED,38,1.93,0.5024621673599728,18,1
0.0,Medicaid/CHIP/state,High school/GED,36,1.6,0.5160951302717062,3,4
0.0,Private/Medi-Gap,Some college/associate,23,4.51,3.8493125283833876,15,1
0.0,Private/Medi-Gap,High school/GED,21,1.4,1.6229303721688877,4,3
0.0,Medicaid/CHIP/state,Bachelor's or higher,37,0.57,0.6080223751299946,20,2
0.0,Private/Medi-Gap,Bachelor's or higher,25,3.61,0.8971060481765236,3,3
0.0,Private/Medi-Gap,Bachelor's or higher,40,6.21,0.5030653518845946,19,3
0.0,Medicaid/CHIP/state,High school/GED,48,1.9,0.5873843143314584,16,2
0.0,Medicaid/CHIP/state,Some college/associate,39,0.57,1.4190375186237538,4,4
0.0,Medicaid/CHIP/state,High school/GED,26,0.98,1.6453278825181177,19,1
1.0,Private/Medi-Gap,Bachelor's or higher,32,1.14,1.627044473837397,5,1
0.0,Private/Medi-Gap,Bachelor's or higher,42,4.51,0.7155958446702563,1,4
0.0,Private/Medi-Gap,Bachelor's or higher,33,4.51,1.7560454711998956,19,4
0.0,Medicaid/CHIP/state,Some college/associate,37,1.51,0.20658686270936744,5,4
1.0,Private/Medi-Gap,Some college/associate,39,4.06,2.710095248750025,18,4
0.0,Medicare/military/other govt,Some college/associate,49,0.5,0.48963069602900766,17,4
0.0,Private/Medi-Gap,Some college/associate,36,3.7,0.4741386566551074,9,3
0.0,Private/Medi-Gap,Bachelor's or higher,38,4.79,0.6368846041947942,9,2
0.0,Medicaid/CHIP/state,Some college/associate,27,2.43,3.3914511936715606,6,3
0.0,Private/Medi-Gap,High school/GED,38,0.5,0.41442316069145574,4,4
0.0,Private/Medi-Gap,Bachelor's or higher,47,6.35,1.4854246918591294,1,3
0.0,Private/Medi-Gap,Less than high school,31,4.44,0.4246817468400055,17,2
0.0,Private/Medi-Gap,Some college/associate,38,6.86,1.4003486923381723,2,4
0.0,Medicare/military/other govt,Less than high school,43,2.47,3.722201295742538,6,4
0.0,Private/Medi-Gap,High school/GED,35,1.4,1.2319391415212326,17,2
0.0,Private/Medi-Gap,Bachelor's or higher,48,3.9,0.19058120476898782,4,2
0.0,Medicaid/CHIP/state,High school/GED,26,2.13,0.25214128616896625,11,2
0.0,Private/Medi-Gap,Some college/associate,20,5.37,1.1525982692938952,4,3
0.0,Private/Medi-Gap,Bachelor's or higher,33,2.08,2.162392501993245,2,4
0.0,Private/Medi-Gap,Bachelor's or higher,26,6.86,2.034254293864304,9,2
0.0,Private/Medi-Gap,Bachelor's or higher,34,4.43,0.286883288084668,20,4
1.0,Private/Medi-Gap,Bachelor's or higher,37,2.92,0.26577454590972077,6,1
0.0,Private/Medi-Gap,Bachelor's or higher,30,2.55,0.32225935040844284,15,4
0.0,Medicare/military/other govt,Some college/associate,36,1.81,0.4217095511123025,1,3
0.0,Private/Medi-Gap,Bachelor's or higher,35,3.52,0.35505287561225196,19,4
0.0,Medicaid/CHIP/state,Less than high school,23,1.04,0.4421576887464163,6,3
0.0,Medicaid/CHIP/state,Less than high school,42,5.37,0.9733331742807587,20,2
0.0,Private/Medi-Gap,Bachelor's or higher,41,5.37,0.24470232913472145,8,3
0.0,Medicaid/CHIP/state,High school/GED,26,0.92,0.6571112510248018,2,1
1.0,Private/Medi-Gap,Less than high school,34,2.46,0.31409324829449276,1,1
0.0,Private/Medi-Gap,Some college/associate,20,0.5,0.21485910430663832,5,4
1.0,Single-service/IHS/uninsured,Less than high school,45,0.97,0.2634719478520415,20,4
0.0,Private/Medi-Gap,Bachelor's or higher,27,7.0,0.4425922137092318,17,4
0.0,Private/Medi-Gap,Bachelor's or higher,47,6.86,0.7103247985935305,20,3
0.0,Private/Medi-Gap,Bachelor's or higher,38,2.36,1.5890681256283101,14,1
0.0,Medicaid/CHIP/state,Some college/associate,23,3.7,0.45293133720440953,6,4
0.0,Medicaid/CHIP/state,Some college/associate,47,0.5,1.3363295885334385,8,3
0.0,Medicaid/CHIP/state,High school/GED,28,2.92,1.1655473220395252,10,1
0.0,Medicaid/CHIP/state,High school/GED,19,1.61,0.3536210939930474,17,3
1.0,Private/Medi-Gap,Bachelor's or higher,49,4.17,2.106460577177946,4,4
0.0,Private/Medi-Gap,Bachelor's or higher,48,6.86,1.0266398036884972,20,1
0.0,Private/Medi-Gap,Some college/associate,29,2.9,1.365542648778445,10,1
1.0,Private/Medi-Gap,Some college/associate,43,5.8,1.535420165208983,2,4
0.0,Private/Medi-Gap,Bachelor's or higher,40,4.17,1.158770523165014,12,3
0.0,Medicaid/CHIP/state,Less than high school,33,0.5,1.6162629900473902,15,3
0.0,Medicaid/CHIP/state,Some college/associate,41,2.79,0.46565137301702886,5,4
1.0,Private/Medi-Gap,Bachelor's or higher,28,3.76,1.0172816046192414,13,4
0.0,Private/Medi-Gap,Bachelor's or higher,34,4.51,2.6894547537597044,18,3
0.0,Private/Medi-Gap,Bachelor's or higher,38,4.43,0.2711788525630059,7,2
0.0,Private/Medi-Gap,Bachelor's or higher,40,5.37,0.6003746913122695,14,1
1.0,Private/Medi-Gap,Bachelor's or higher,34,6.35,0.21992185348761986,15,3
0.0,Private/Medi-Gap,Less than high school,44,2.36,1.48285973354716,15,2
0.0,Single-service/IHS/uninsured,High school/GED,21,1.81,1.4649508124698505,7,2
0.0,Private/Medi-Gap,Bachelor's or higher,30,6.86,0.9249946300462389,15,4
0.0,Private/Medi-Gap,Some college/associate,41,2.36,0.5517795397306774,7,2
0.0,Private/Medi-Gap,Bachelor's or higher,47,4.43,0.5973535401898201,5,2
1.0,Private/Medi-Gap,Bachelor's or higher,33,5.8,1.0771279081083651,5,3
0.0,Private/Medi-Gap,High school/GED,32,1.51,1.586189085387802,20,1
0.0,Private/Medi-Gap,High school/GED,26,3.61,0.4954189242604067,7,2
0.0,Private/Medi-Gap,Bachelor's or higher,32,6.35,0.6139733213484148,7,4
0.0,Medicare/military/other govt,Bachelor's or higher,27,2.95,0.19121603050693547,18,1
0.0,Private/Medi-Gap,Bachelor's or higher,22,4.06,3.8493125283833876,9,2
0.0,Private/Medi-Gap,Bachelor's or higher,35,1.35,2.710095248750025,2,4
1.0,Private/Medi-Gap,Some college/associate,34,3.13,0.9329950450629861,6,3
0.0,Private/Medi-Gap,Some college/associate,33,5.8,1.1305586503619178,19,3
0.0,Single-service/IHS/uninsured,Some college/associate,46,3.43,0.9849797208565957,17,2
0.0,Medicaid/CHIP/state,Some college/associate,28,0.5,0.23230506230751533,3,4
0.0,Private/Medi-Gap,Bachelor's or higher,27,2.46,1.0545084528409163,5,1
0.0,Private/Medi-Gap,Bachelor's or higher,43,4.8,1.0891947547386072,1,4
0.0,Medicaid/CHIP/state,Some college/associate,20,1.14,0.5056530276054084,11,3
0.0,Private/Medi-Gap,Bachelor's or higher,42,4.51,0.8773675339883678,18,4
0.0,Single-service/IHS/uninsured,Some college/associate,18,1.55,0.721122021403218,8,1
0.0,Private/Medi-Gap,Some college/associate,23,1.82,3.43450329205349,4,2
0.0,Private/Medi-Gap,Some college/associate,33,3.61,0.35605003752487246,15,3
0.0,Private/Medi-Gap,Bachelor's or higher,44,2.95,1.0231559635085712,5,1
0.0,Private/Medi-Gap,Bachelor's or higher,24,2.9,1.0578626796693835,11,2
0.0,Medicare/military/other govt,High school/GED,19,1.68,0.7410836877285778,19,4
0.0,Single-service/IHS/uninsured,Some college/associate,43,0.6,0.3913559363110516,17,2
0.0,Private/Medi-Gap,Bachelor's or higher,38,4.17,0.45320795941483055,17,3
0.0,Private/Medi-Gap,Bachelor's or higher,37,4.51,1.544832474822312,3,4
0.0,Medicaid/CHIP/state,High school/GED,18,1.4,0.5604071762357207,14,1
1.0,Private/Medi-Gap,Bachelor's or higher,39,3.52,0.2800409010287873,11,4
0.0,Medicaid/CHIP/state,Less than high school,18,1.27,0.4648659028982221,15,1
0.0,Medicare/military/other govt,Bachelor's or higher,29,6.35,0.6217818468389238,17,3
0.0,Private/Medi-Gap,Bachelor's or higher,34,5.37,0.2637242494638241,7,3
0.0,Private/Medi-Gap,Some college/associate,19,3.52,1.386814961708872,8,3
0.0,Private/Medi-Gap,Some college/associate,19,1.84,0.5587088201653689,17,4
0.0,Single-service/IHS/uninsured,Some college/associate,23,2.13,2.177459666105599,18,1
0.0,Medicaid/CHIP/state,High school/GED,24,0.81,0.7510154568505296,15,4
0.0,Private/Medi-Gap,Some college/associate,48,3.76,3.255290095902594,4,4
0.0,Private/Medi-Gap,Bachelor's or higher,31,3.43,0.18433271302494422,4,1
0.0,Private/Medi-Gap,Some college/associate,47,2.95,0.20147800432291318,7,4
0.0,Medicaid/CHIP/state,Some college/associate,35,1.35,1.488209459441036,1,2
0.0,Medicaid/CHIP/state,Some college/associate,40,0.5,0.7303516430408811,5,3
0.0,Private/Medi-Gap,Bachelor's or higher,24,6.35,2.5997281971029698,15,3
1.0,Private/Medi-Gap,Bachelor's or higher,45,3.15,0.9264541715895991,9,2
0.0,Private/Medi-Gap,Bachelor's or higher,39,6.35,0.213276948523853,16,4
0.0,Private/Medi-Gap,Some college/associate,35,4.79,0.7015246875059685,15,1
0.0,Private/Medi-Gap,Some college/associate,43,0.5,2.6974040749753434,8,2
0.0,Single-service/IHS/uninsured,High school/GED,34,0.5,3.291742442516134,14,1
0.0,Private/Medi-Gap,Bachelor's or higher,44,4.17,1.4858625959169627,19,3
0.0,Private/Medi-Gap,Bachelor's or higher,28,7.0,0.23156106968367565,20,2
0.0,Private/Medi-Gap,Bachelor's or higher,41,4.44,0.8640684578072003,20,2
1.0,Private/Medi-Gap,Bachelor's or higher,36,1.93,0.5685386851709834,17,4
0.0,Single-service/IHS/uninsured,High school/GED,33,1.23,1.299064138375893,7,1
0.0,Private/Medi-Gap,Some college/associate,32,5.37,0.8558695594408273,6,1
0.0,Medicaid/CHIP/state,Bachelor's or higher,31,2.29,0.8334905953147211,16,2
1.0,Private/Medi-Gap,Bachelor's or higher,35,6.35,0.7236870647684052,5,4
0.0,Private/Medi-Gap,Less than high school,31,2.25,1.8019888430244106,2,1
0.0,Private/Medi-Gap,Bachelor's or higher,22,1.65,1.3596866579551923,15,2
0.0,Private/Medi-Gap,High school/GED,19,3.52,0.9497719808634637,2,3
0.0,Single-service/IHS/uninsured,Some college/associate,28,3.52,0.7569710218090262,7,3
0.0,Private/Medi-Gap,Bachelor's or higher,35,6.35,0.6852165018296965,11,4
0.0,Medicaid/CHIP/state,Some college/associate,26,1.18,0.7298436149530817,4,4
0.0,Private/Medi-Gap,Bachelor's or higher,38,3.36,1.2864394596690376,6,4
0.0,Private/Medi-Gap,Bachelor's or higher,43,3.52,0.7648411272455203,15,2
0.0,Medicaid/CHIP/state,High school/GED,29,0.5,0.7781532133636724,2,3
0.0,Private/Medi-Gap,Bachelor's or higher,29,6.35,1.0546617618250382,19,3
0.0,Medicaid/CHIP/state,Some college/associate,37,1.9,0.32457820063773213,18,1
0.0,Private/Medi-Gap,Bachelor's or higher,32,6.35,0.4936795221482206,2,1
0.0,Private/Medi-Gap,Bachelor's or higher,23,0.5,0.4603069681299815,17,4
0.0,Private/Medi-Gap,Some college/associate,37,4.17,0.8474752257757268,20,4
1.0,Private/Medi-Gap,Bachelor's or higher,45,2.74,1.1888732378317368,13,3
0.0,Medicare/military/other govt,Some college/associate,39,6.86,1.2817533456665804,10,2
0.0,Private/Medi-Gap,High school/GED,30,2.25,1.1111755371194931,8,2
0.0,Medicare/military/other govt,Bachelor's or higher,41,3.52,0.4999172942796585,17,3
0.0,Single-service/IHS/uninsured,High school/GED,45,1.25,0.45913377102835634,4,4
1.0,Private/Medi-Gap,Bachelor's or higher,49,6.35,0.504926137536271,5,3
0.0,Private/Medi-Gap,Some college/associate,38,6.35,0.598735275034645,8,1
1.0,Private/Medi-Gap,Bachelor's or higher,34,4.17,0.9749741877847613,6,1
0.0,Private/Medi-Gap,Bachelor's or higher,49,6.86,2.861010331414873,1,4
0.0,Single-service/IHS/uninsured,Less than high school,34,0.74,1.0666193974401112,2,4
1.0,Medicare/military/other govt,Some college/associate,45,4.44,0.3726015878889308,4,4
0.0,Medicaid/CHIP/state,High school/GED,30,0.75,0.31639934374645073,19,4
0.0,Medicaid/CHIP/state,High school/GED,42,0.5,1.4666265695797043,8,3
0.0,Private/Medi-Gap,Bachelor's or higher,30,0.59,1.209005873424383,1,3
0.0,Private/Medi-Gap,High school/GED,38,2.46,0.26946188407561505,8,2
0.0,Private/Medi-Gap,Bachelor's or higher,36,0.5,2.928997864057921,19,3
0.0,Private/Medi-Gap,Bachelor's or higher,43,4.17,2.0767705502653655,5,2
0.0,Medicaid/CHIP/state,Some college/associate,32,0.5,1.1209880359128845,19,4
0.0,Private/Medi-Gap,Bachelor's or higher,36,6.35,0.21274690022505843,16,4
0.0,Private/Medi-Gap,Bachelor's or higher,48,6.35,0.43128502678880704,2,3
0.0,Private/Medi-Gap,Bachelor's or higher,25,2.46,1.834683705451995,18,1
0.0,Medicaid/CHIP/state,Bachelor's or higher,24,1.14,0.6492312319313468,7,3
0.0,Medicaid/CHIP/state,Less than high school,36,0.98,3.5551323908665373,19,4
0.0,Private/Medi-Gap,Bachelor's or higher,25,1.55,2.573411459077447,15,2
0.0,Private/Medi-Gap,Bachelor's or higher,49,4.43,0.5753091981579901,19,2
0.0,Medicare/military/other govt,Less than high school,18,5.37,0.5343551059336868,15,3
0.0,Medicaid/CHIP/state,High school/GED,30,0.68,0.36444483581460624,10,1
0.0,Private/Medi-Gap,Bachelor's or higher,47,6.35,1.6923449315760977,10,4
0.0,Medicaid/CHIP/state,Some college/associate,20,4.06,2.81653821104606,10,2
0.0,Private/Medi-Gap,Bachelor's or higher,29,3.43,0.6840528368009641,16,1
0.0,Single-service/IHS/uninsured,Bachelor's or higher,37,2.09,1.2769555972658606,3,2
0.0,Private/Medi-Gap,Some college/associate,27,2.95,0.34979106485394046,19,2
0.0,Private/Medi-Gap,Some college/associate,38,4.17,1.6016185285005797,11,1
0.0,Medicare/military/other govt,High school/GED,48,2.06,1.229246088292551,6,4
0.0,Medicare/military/other govt,Bachelor's or higher,23,0.5,0.7383624727160588,3,4
0.0,Private/Medi-Gap,Some college/associate,46,2.92,0.723616384948087,4,1
1.0,Private/Medi-Gap,Bachelor's or higher,32,4.8,0.4655243997442852,17,1
0.0,Medicaid/CHIP/state,High school/GED,30,0.63,0.3000649532557771,20,4
0.0,Private/Medi-Gap,High school/GED,18,4.51,3.290638846825624,20,1
0.0,Private/Medi-Gap,Bachelor's or higher,42,4.17,0.7752789296926881,19,3
0.0,Medicare/military/other govt,Less than high school,20,0.5,0.7387644703765036,11,1
0.0,Private/Medi-Gap,Bachelor's or higher,33,7.0,0.5014167044629467,4,2
0.0,Private/Medi-Gap,Some college/associate,20,2.79,0.3763508701418873,19,2
0.0,Private/Medi-Gap,Bachelor's or higher,27,3.61,0.5501131952763152,17,4
0.0,Private/Medi-Gap,Some college/associate,40,0.5,0.23307512146905288,4,3
0.0,Private/Medi-Gap,Bachelor's or higher,47,6.86,1.1429453351077952,14,2
0.0,Private/Medi-Gap,Bachelor's or higher,32,2.29,0.24310895758313625,19,1
0.0,Single-service/IHS/uninsured,Less than high school,43,0.63,2.6452719306179566,2,2
0.0,Private/Medi-Gap,Bachelor's or higher,33,6.86,0.6332278583519302,12,2
0.0,Private/Medi-Gap,Bachelor's or higher,40,3.13,0.8797200717025706,15,1
0.0,Private/Medi-Gap,Bachelor's or higher,37,7.0,0.15668989089988403,15,4
0.0,Private/Medi-Gap,Bachelor's or higher,33,4.17,0.7479026134394936,5,1
0.0,Private/Medi-Gap,Bachelor's or higher,47,6.35,0.6224186112088038,15,3
0.0,Private/Medi-Gap,Bachelor's or higher,29,7.0,1.0835349923483824,8,4
0.0,Medicaid/CHIP/state,Some college/associate,22,0.5,0.3205343576978432,15,4
0.0,Medicaid/CHIP/state,Bachelor's or higher,32,1.27,0.2966947997091171,6,1
0.0,Medicaid/CHIP/state,Some college/associate,18,1.84,1.761773240383851,1,1
0.0,Private/Medi-Gap,Some college/associate,24,2.13,0.164858816765756,15,4
0.0,Private/Medi-Gap,Bachelor's or higher,35,2.66,1.224317273703199,4,2
0.0,Single-service/IHS/uninsured,Less than high school,48,2.79,0.18865152884353054,20,2
0.0,Private/Medi-Gap,Bachelor's or higher,34,6.86,0.7820477972241915,8,1
0.0,Medicaid/CHIP/state,High school/GED,19,1.55,0.7286178466140854,4,4
0.0,Single-service/IHS/uninsured,Less than high school,29,0.62,0.777490979021302,17,1
0.0,Medicare/military/other govt,Some college/associate,19,3.76,0.716362536812693,19,2
0.0,Private/Medi-Gap,Bachelor's or higher,25,0.75,2.1517826393464135,2,3
0.0,Private/Medi-Gap,Some college/associate,19,1.06,0.38189710534567567,16,3
0.0,Private/Medi-Gap,Bachelor's or higher,36,4.17,0.2972261309622774,20,4
0.0,Medicaid/CHIP/state,Some college/associate,47,2.43,1.0445004024621896,3,1
0.0,Single-service/IHS/uninsured,Some college/associate,30,1.84,0.2479066087801787,20,2
0.0,Medicaid/CHIP/state,High school/GED,24,3.76,3.366747104908236,19,4
0.0,Private/Medi-Gap,Less than high school,39,4.43,0.24845519062983837,11,2
1.0,Medicaid/CHIP/state,High school/GED,24,0.5,0.2906160923016414,13,1
1.0,Private/Medi-Gap,Bachelor's or higher,38,6.86,0.8984878573404178,9,3
0.0,Private/Medi-Gap,Some college/associate,23,3.7,0.9084543136393987,20,3
1.0,Private/Medi-Gap,Bachelor's or higher,45,0.68,4.259813896011617,19,4
0.0,Private/Medi-Gap,Bachelor's or higher,47,6.21,0.5536232167896931,4,2
0.0,Private/Medi-Gap,Bachelor's or higher,39,1.93,0.3684216648694944,8,1
0.0,Single-service/IHS/uninsured,Bachelor's or higher,31,2.95,0.25837111585053435,4,3
0.0,Private/Medi-Gap,Bachelor's or higher,36,3.02,2.5026135154191453,5,1
0.0,Single-service/IHS/uninsured,Less than high school,40,2.66,0.6263266003807748,20,1
0.0,Medicaid/CHIP/state,High school/GED,19,1.4,0.72286092460113,10,1
1.0,Private/Medi-Gap,Bachelor's or higher,36,4.17,0.34852526522285,19,4
0.0,Medicaid/CHIP/state,High school/GED,28,2.06,4.150946886446296,3,3
0.0,Private/Medi-Gap,Bachelor's or higher,44,1.62,1.551961420108384,10,2
0.0,Medicaid/CHIP/state,Some college/associate,46,1.18,0.6233728384658078,4,1
0.0,Private/Medi-Gap,Bachelor's or higher,35,7.0,0.826943577286784,2,2
1.0,Medicaid/CHIP/state,Some college/associate,28,0.58,0.455463576639276,14,1
0.0,Medicaid/CHIP/state,Some college/associate,43,0.5,1.0620543452508624,2,1
0.0,Private/Medi-Gap,Some college/associate,25,3.76,0.9622543091081482,15,2
0.0,Private/Medi-Gap,Bachelor's or higher,31,6.86,2.4324519792948314,19,4
0.0,Private/Medi-Gap,Bachelor's or higher,34,2.18,0.7744899757463736,6,1
0.0,Private/Medi-Gap,Bachelor's or higher,42,5.37,0.5793974770434223,19,4
0.0,Private/Medi-Gap,High school/GED,46,6.86,1.7613862899868546,8,1
0.0,Private/Medi-Gap,Bachelor's or higher,25,7.0,0.6201083792334795,12,4
0.0,Private/Medi-Gap,Some college/associate,38,5.8,1.681866762021984,1,2
1.0,Private/Medi-Gap,Bachelor's or higher,43,6.21,0.48939187412228885,9,3
0.0,Private/Medi-Gap,Bachelor's or higher,31,2.95,0.20730178144492364,4,3
0.0,Medicaid/CHIP/state,High school/GED,32,2.29,0.29902914669432035,8,1
0.0,Single-service/IHS/uninsured,High school/GED,21,0.74,2.1423739413267757,10,4
0.0,Medicaid/CHIP/state,Some college/associate,33,1.93,0.12407268064382306,20,2
0.0,Private/Medi-Gap,Bachelor's or higher,29,5.37,0.8314261845072345,9,1
0.0,Medicaid/CHIP/state,High school/GED,33,0.74,0.52039049697033,7,4
0.0,Private/Medi-Gap,Some college/associate,34,0.5,0.25861158939980033,19,2
0.0,Medicaid/CHIP/state,Less than high school,41,0.5,0.271480446353442,16,4
0.0,Private/Medi-Gap,High school/GED,34,2.9,0.5972610732535215,16,4
0.0,Medicare/military/other govt,Some college/associate,20,5.37,1.9254003106353612,16,1
0.0,Private/Medi-Gap,Bachelor's or higher,25,4.44,0.7239109229740395,5,1
0.0,Medicaid/CHIP/state,Less than high school,29,0.77,0.3141581928742124,20,4
0.0,Medicaid/CHIP/state,Bachelor's or higher,24,0.92,0.5138338601763429,8,3
0.0,Private/Medi-Gap,Bachelor's or higher,32,6.35,0.3259348255512954,6,1
0.0,Medicaid/CHIP/state,Less than high school,49,1.14,1.7831056369646976,14,1
0.0,Medicaid/CHIP/state,Some college/associate,33,0.97,0.17289425909786055,15,2
0.0,Single-service/IHS/uninsured,Bachelor's or higher,23,2.46,0.2077389522262421,13,4
0.0,Medicaid/CHIP/state,Some college/associate,30,0.5,0.468838042024758,7,4
0.0,Private/Medi-Gap,Bachelor's or higher,30,6.35,1.06314067088923,11,4
0.0,Medicaid/CHIP/state,Less than high school,20,1.04,1.254656817973966,6,4
0.0,Single-service/IHS/uninsured,Some college/associate,29,2.97,1.4276030463023734,20,3
0.0,Private/Medi-Gap,Some college/associate,32,1.12,0.4794527079793843,18,1
0.0,Private/Medi-Gap,Some college/associate,37,1.93,0.4531157021671398,18,1
0.0,Private/Medi-Gap,Bachelor's or higher,36,6.35,0.5534713429015824,7,4
0.0,Private/Medi-Gap,Some college/associate,27,1.4,0.13857407910027497,20,4
0.0,Medicaid/CHIP/state,Some college/associate,24,2.92,2.21586357035526,19,3
0.0,Medicaid/CHIP/state,Some college/associate,33,1.84,0.4550292912566901,8,1
0.0,Medicare/military/other govt,Bachelor's or higher,48,4.43,0.4284385315918315,19,2
0.0,Medicaid/CHIP/state,Less than high school,44,0.89,1.5600667010464662,3,3
0.0,Medicaid/CHIP/state,High school/GED,39,0.7,0.2662328438059765,3,3
0.0,Medicaid/CHIP/state,Some college/associate,38,0.5,0.36223579346386436,13,4
0.0,Medicaid/CHIP/state,High school/GED,20,0.5,0.31368039371379347,20,2
0.0,Medicaid/CHIP/state,Some college/associate,22,2.55,0.7892552806962886,4,2
0.0,Private/Medi-Gap,Bachelor's or higher,25,4.51,2.7961171429216383,3,2
0.0,Private/Medi-Gap,Some college/associate,22,1.84,1.3759917369900054,19,2
0.0,Medicare/military/other govt,High school/GED,49,0.74,0.45296365958890483,7,2
0.0,Medicaid/CHIP/state,High school/GED,19,0.5,2.104116561184915,15,4
0.0,Medicaid/CHIP/state,High school/GED,37,0.5,0.2450686043691553,16,2
0.0,Private/Medi-Gap,High school/GED,18,3.76,0.58444550351986,19,2
0.0,Single-service/IHS/uninsured,Some college/associate,25,2.95,0.36248808672686483,18,1
0.0,Private/Medi-Gap,Bachelor's or higher,22,5.8,2.251100017486604,8,2
0.0,Private/Medi-Gap,Bachelor's or higher,31,6.86,0.8874908437767339,2,2
0.0,Single-service/IHS/uninsured,Bachelor's or higher,27,2.66,0.8317831329593645,12,2
0.0,Private/Medi-Gap,Bachelor's or higher,33,3.61,0.6961322897194842,7,1
0.0,Private/Medi-Gap,Some college/associate,36,2.46,0.9525130187173427,16,1
0.0,Private/Medi-Gap,High school/GED,22,0.5,0.8867904905351726,2,1
0.0,Private/Medi-Gap,Some college/associate,36,2.09,1.5303290540224785,6,3
0.0,Private/Medi-Gap,Bachelor's or higher,38,4.79,0.4068986382565551,12,2
1.0,Private/Medi-Gap,Bachelor's or higher,34,4.51,1.1959307585414003,18,4
0.0,Medicaid/CHIP/state,High school/GED,36,0.77,1.146753104306592,4,1
0.0,Medicaid/CHIP/state,High school/GED,18,0.63,0.4260537616152546,5,4
0.0,Private/Medi-Gap,Bachelor's or higher,27,4.79,0.38672220629470966,4,2
0.0,Private/Medi-Gap,Bachelor's or higher,34,3.11,0.35286906618822234,4,1
0.0,Medicaid/CHIP/state,Some college/associate,24,2.36,1.4565525884213704,2,1
0.0,Private/Medi-Gap,Bachelor's or higher,40,4.44,0.39774603763739613,17,4
1.0,Private/Medi-Gap,Bachelor's or higher,36,6.86,2.5326199604284025,12,4
1.0,Private/Medi-Gap,Bachelor's or higher,37,4.17,0.3392990347561216,17,3
0.0,Private/Medi-Gap,High school/GED,48,6.35,1.1209449248892456,4,4
0.0,Private/Medi-Gap,Bachelor's or higher,38,3.52,0.8434609777775763,1,3
0.0,Medicare/military/other govt,High school/GED,18,1.81,0.2544834584974616,20,2
0.0,Private/Medi-Gap,Bachelor's or higher,47,4.17,0.4191474990710209,4,3
0.0,Single-service/IHS/uninsured,Bachelor's or higher,24,3.43,0.3447530364167971,4,3
0.0,Medicaid/CHIP/state,Bachelor's or higher,35,0.63,0.3735452300828978,11,4
0.0,Private/Medi-Gap,High school/GED,19,6.35,1.4629792475737364,6,1
0.0,Private/Medi-Gap,Bachelor's or higher,44,4.17,2.7746473000426857,20,4
1.0,Private/Medi-Gap,Bachelor's or higher,30,3.76,0.40565714260108143,10,1
1.0,Private/Medi-Gap,Bachelor's or higher,42,3.76,0.30852120171265984,16,4
0.0,Medicaid/CHIP/state,Some college/associate,45,2.9,0.6334083994979098,6,1
0.0,Medicare/military/other govt,Some college/associate,27,0.7,0.21847392785825953,19,1
0.0,Medicaid/CHIP/state,Some college/associate,40,1.35,1.047425513071425,5,3
0.0,Medicaid/CHIP/state,Some college/associate,46,2.47,0.5815050759516969,14,3
0.0,Single-service/IHS/uninsured,Less than high school,36,1.35,3.664211059948684,2,4
0.0,Private/Medi-Gap,Bachelor's or higher,39,5.8,1.1578221440062526,19,4
0.0,Private/Medi-Gap,Bachelor's or higher,26,2.9,1.062938545383407,6,1
0.0,Private/Medi-Gap,Bachelor's or higher,36,5.37,0.3199851980677356,18,1
0.0,Private/Medi-Gap,Some college/associate,34,4.17,0.34286631147180724,8,1
0.0,Private/Medi-Gap,Bachelor's or higher,46,5.37,2.553602807665267,2,3
0.0,Private/Medi-Gap,Some college/associate,37,2.95,0.32508268586020733,15,4
0.0,Private/Medi-Gap,Bachelor's or higher,34,4.43,0.3711182359171536,11,2
0.0,Private/Medi-Gap,Some college/associate,49,5.37,0.3141468140805333,5,1
0.0,Private/Medi-Gap,Bachelor's or higher,29,6.35,1.002706013070598,19,2
1.0,Private/Medi-Gap,Some college/associate,42,1.4,0.6763596845467935,17,3
0.0,Private/Medi-Gap,High school/GED,34,4.17,1.9815984751305529,10,4
0.0,Private/Medi-Gap,Some college/associate,19,7.0,0.2704350632916448,13,4
0.0,Private/Medi-Gap,Less than high school,48,0.9,0.28513401651934056,4,4
1.0,Private/Medi-Gap,Some college/associate,26,3.7,3.3914511936715606,18,4
0.0,Private/Medi-Gap,Some college/associate,35,1.98,1.8372260907443252,20,3
0.0,Medicaid/CHIP/state,Less than high school,43,1.84,2.0916287935595976,16,2
0.0,Private/Medi-Gap,High school/GED,38,2.95,0.719174953026508,1,3
0.0,Private/Medi-Gap,High school/GED,44,3.43,0.5703633247704993,16,2
1.0,Medicaid/CHIP/state,High school/GED,32,0.5,1.528690978991609,11,4
0.0,Private/Medi-Gap,Bachelor's or higher,48,4.43,0.20389632522218193,19,2
0.0,Medicaid/CHIP/state,High school/GED,23,0.5,1.7958455512275293,19,1
0.0,Medicare/military/other govt,Some college/associate,21,1.25,0.6769802121008595,2,1
0.0,Private/Medi-Gap,Bachelor's or higher,34,6.35,0.8366602782779842,19,3
0.0,Private/Medi-Gap,High school/GED,18,5.37,0.9218304677151485,5,2
1.0,Single-service/IHS/uninsured,Some college/associate,23,2.29,0.8600894058890745,4,1
0.0,Single-service/IHS/uninsured,Bachelor's or higher,46,4.17,1.243362680945412,8,2
0.0,Private/Medi-Gap,Bachelor's or higher,36,6.35,0.788882062555015,12,2
0.0,Single-service/IHS/uninsured,Bachelor's or higher,41,2.47,0.5503299068499174,11,4
1.0,Private/Medi-Gap,Bachelor's or higher,47,4.17,1.28036790403704,11,2
0.0,Private/Medi-Gap,High school/GED,18,0.98,3.290638846825624,6,2
0.0,Private/Medi-Gap,Bachelor's or higher,43,6.35,1.6728330435875602,13,3
0.0,Private/Medi-Gap,Bachelor's or higher,36,4.79,0.7658704843727944,14,2
0.0,Single-service/IHS/uninsured,Less than high school,33,0.5,0.7057765886558846,5,4
1.0,Private/Medi-Gap,Bachelor's or higher,40,3.76,0.19289206327568423,17,3
0.0,Private/Medi-Gap,Bachelor's or higher,32,3.8,0.8521105508567086,1,2
0.0,Medicaid/CHIP/state,Less than high school,18,1.61,0.4648659028982221,15,1
0.0,Private/Medi-Gap,High school/GED,22,4.51,3.098758390942812,13,2
0.0,Medicaid/CHIP/state,High school/GED,19,1.4,3.0711897888198565,17,4
0.0,Private/Medi-Gap,Some college/associate,39,4.06,2.218791110311005,5,2
0.0,Private/Medi-Gap,Bachelor's or higher,40,4.17,0.9017419114557809,9,1
0.0,Medicaid/CHIP/state,Bachelor's or higher,23,2.9,1.6484871332308733,18,1
0.0,Private/Medi-Gap,Bachelor's or higher,30,1.24,1.3413433057643234,20,1
0.0,Medicaid/CHIP/state,High school/GED,28,0.5,0.3050251608312726,13,1
0.0,Medicaid/CHIP/state,Less than high school,44,0.5,0.6822991622966695,16,3
1.0,Private/Medi-Gap,Bachelor's or higher,40,5.37,0.6663249094928931,17,4
0.0,Private/Medi-Gap,Bachelor's or higher,47,4.43,0.2405565196862573,16,3
0.0,Private/Medi-Gap,Bachelor's or higher,25,4.51,3.065476986318694,6,1
0.0,Medicaid/CHIP/state,Some college/associate,37,0.59,0.8177273865287178,17,2
0.0,Private/Medi-Gap,High school/GED,30,4.8,3.6447011294513816,12,3
0.0,Private/Medi-Gap,Bachelor's or higher,38,1.5,0.23347256613608067,13,3
1.0,Private/Medi-Gap,Bachelor's or higher,37,4.17,0.24063559159799627,11,2
0.0,Medicaid/CHIP/state,Some college/associate,32,3.02,1.0604649540556925,11,2
0.0,Private/Medi-Gap,High school/GED,19,4.17,1.1996505584120916,5,2
0.0,Private/Medi-Gap,Bachelor's or higher,29,3.76,0.69483040888838,1,1
0.0,Private/Medi-Gap,Bachelor's or higher,43,5.37,0.5658366801843088,10,1
0.0,Single-service/IHS/uninsured,Some college/associate,41,0.7,0.5021888703501994,13,3
0.0,Private/Medi-Gap,Some college/associate,21,3.76,0.6696048742771737,16,1
0.0,Private/Medi-Gap,Bachelor's or higher,29,4.51,0.9187837041691141,3,2
0.0,Medicaid/CHIP/state,High school/GED,21,7.0,1.454242890395388,6,4
0.0,Private/Medi-Gap,Bachelor's or higher,30,3.11,0.6246560446367205,20,2
0.0,Private/Medi-Gap,Some college/associate,19,1.84,0.45660831266813345,7,2
0.0,Private/Medi-Gap,Bachelor's or higher,31,4.17,0.3072424326212695,5,3
0.0,Medicaid/CHIP/state,Some college/associate,36,0.5,0.4663350951119065,10,4
0.0,Medicaid/CHIP/state,Some college/associate,46,1.81,1.6916873926782392,7,1
0.0,Private/Medi-Gap,High school/GED,45,3.13,1.1549119121194265,1,4
0.0,Private/Medi-Gap,Bachelor's or higher,41,4.17,1.4368456184664913,16,1
0.0,Single-service/IHS/uninsured,Some college/associate,29,2.29,0.38132324606731327,13,1
0.0,Medicaid/CHIP/state,Some college/associate,48,0.96,0.29335665077143325,6,3
0.0,Private/Medi-Gap,Bachelor's or higher,27,2.9,0.81417484258084,3,3
0.0,Medicare/military/other govt,Bachelor's or higher,37,3.52,0.28876511162367297,19,3
0.0,Medicaid/CHIP/state,Some college/associate,32,1.4,0.37701978619348553,19,3
1.0,Private/Medi-Gap,Bachelor's or higher,25,6.86,1.7220282064111436,9,2
0.0,Private/Medi-Gap,Bachelor's or higher,46,4.44,0.6552213325215683,7,4
0.0,Private/Medi-Gap,Bachelor's or higher,27,4.44,2.173681519429339,5,1
0.0,Private/Medi-Gap,Some college/associate,49,4.44,1.0585228752689786,16,3
0.0,Private/Medi-Gap,Bachelor's or higher,31,2.13,0.09246078518428735,13,4
0.0,Private/Medi-Gap,Bachelor's or higher,39,6.35,0.47899164730713334,5,4
0.0,Private/Medi-Gap,Bachelor's or higher,33,3.61,0.23972020302447,5,4
1.0,Private/Medi-Gap,Bachelor's or higher,45,2.55,1.0340276663252923,3,1
0.0,Private/Medi-Gap,Some college/associate,41,3.11,1.1319810159712096,16,3
0.0,Private/Medi-Gap,Some college/associate,35,1.5,0.4325118343275485,17,2
0.0,Private/Medi-Gap,Bachelor's or higher,36,5.37,0.7575502886382891,12,1
0.0,Private/Medi-Gap,Some college/associate,49,6.35,0.6018499879765329,10,1
0.0,Private/Medi-Gap,Some college/associate,23,0.5,0.3916880613740488,19,1
0.0,Private/Medi-Gap,Bachelor's or higher,38,1.14,0.11993147390875517,13,4
0.0,Private/Medi-Gap,Bachelor's or higher,30,6.35,0.596956979822812,6,1
1.0,Single-service/IHS/uninsured,Some college/associate,38,0.5,0.5522134914601494,3,3
0.0,Medicaid/CHIP/state,Some college/associate,24,1.28,0.6616632299157734,9,3
0.0,Medicaid/CHIP/state,High school/GED,29,0.98,0.8099848243929746,6,2
0.0,Single-service/IHS/uninsured,High school/GED,27,0.5,0.5996892931993825,17,2
0.0,Private/Medi-Gap,Bachelor's or higher,39,4.17,1.0112134697516293,2,3
0.0,Private/Medi-Gap,Bachelor's or higher,33,1.4,0.8108896967063738,3,3
0.0,Private/Medi-Gap,Bachelor's or higher,45,5.37,0.2438711474211902,3,1
0.0,Private/Medi-Gap,Bachelor's or higher,48,6.35,0.44402856241042316,10,1
0.0,Private/Medi-Gap,Bachelor's or higher,27,6.35,0.6775244159833557,11,1
0.0,Private/Medi-Gap,Less than high school,19,0.81,0.530963237577463,3,1
0.0,Private/Medi-Gap,Bachelor's or higher,32,4.43,0.2095831970769843,4,3
0.0,Private/Medi-Gap,Some college/associate,23,2.29,0.7518835811049438,13,1
0.0,Private/Medi-Gap,Some college/associate,26,1.12,0.4004829765374283,17,2
0.0,Private/Medi-Gap,Bachelor's or higher,26,3.76,1.0530352073680584,16,1
0.0,Medicaid/CHIP/state,Less than high school,28,5.37,1.0301342177500554,2,1
0.0,Private/Medi-Gap,Less than high school,35,3.52,1.7608611687367328,3,3
0.0,Medicaid/CHIP/state,Some college/associate,26,2.06,0.7134205240195259,18,2
0.0,Private/Medi-Gap,Some college/associate,29,1.18,0.55746336681446,4,1
0.0,Private/Medi-Gap,Bachelor's or higher,47,7.0,0.5496236818055358,8,4
0.0,Private/Medi-Gap,Less than high school,43,2.79,0.5684425811473911,16,3
0.0,Private/Medi-Gap,Bachelor's or higher,40,6.35,0.3323807130670091,16,1
0.0,Private/Medi-Gap,Bachelor's or higher,40,5.8,2.219715029774455,3,3
0.0,Private/Medi-Gap,Bachelor's or higher,33,6.35,0.8147848709450566,8,3
0.0,Private/Medi-Gap,Bachelor's or higher,30,6.35,1.0885594131651932,12,2
0.0,Private/Medi-Gap,Bachelor's or higher,41,4.51,3.017144901954335,11,1
1.0,Single-service/IHS/uninsured,Bachelor's or higher,41,2.05,1.538413928897136,6,3
0.0,Medicaid/CHIP/state,Less than high school,41,0.5,1.3928438736999438,16,2
0.0,Private/Medi-Gap,Bachelor's or higher,38,1.55,0.35952737377990396,6,1
0.0,Medicare/military/other govt,Some college/associate,20,1.4,2.566702465731383,10,4
0.0,Private/Medi-Gap,Bachelor's or higher,39,6.35,0.4915311743998464,8,1
1.0,Private/Medi-Gap,Bachelor's or higher,38,6.35,1.1208540223059955,19,3
0.0,Medicare/military/other govt,Some college/associate,18,2.9,0.6558931523839454,2,1
0.0,Single-service/IHS/uninsured,Bachelor's or higher,37,0.92,1.6602225145755332,2,3
0.0,Private/Medi-Gap,Some college/associate,21,0.5,0.5374012985572015,18,3
1.0,Private/Medi-Gap,Less than high school,32,5.37,0.7129677135093999,5,4
0.0,Private/Medi-Gap,Bachelor's or higher,42,3.52,0.25193044274559206,13,3
0.0,Private/Medi-Gap,Bachelor's or higher,31,1.81,0.287044571721105,17,3
0.0,Private/Medi-Gap,Bachelor's or higher,30,4.51,1.271423431101702,15,1
0.0,Private/Medi-Gap,Bachelor's or higher,35,2.47,2.2323923400982664,8,1
0.0,Medicaid/CHIP/state,High school/GED,34,1.15,0.9478025068900128,13,3
1.0,Private/Medi-Gap,High school/GED,32,2.36,0.49653564602542477,13,4
0.0,Medicaid/CHIP/state,Some college/associate,23,6.86,0.7418939563392561,14,3
1.0,Private/Medi-Gap,Some college/associate,30,3.7,0.7591742191923189,4,2
0.0,Medicaid/CHIP/state,Less than high school,38,0.5,0.44847672620846546,9,3
0.0,Single-service/IHS/uninsured,High school/GED,18,0.5,0.6717896022163212,19,4
0.0,Medicaid/CHIP/state,Some college/associate,29,0.92,0.39231641412232143,1,1
0.0,Private/Medi-Gap,Bachelor's or higher,40,2.79,0.697007445810176,4,4
0.0,Single-service/IHS/uninsured,High school/GED,19,2.9,0.3833076715168465,13,3
0.0,Private/Medi-Gap,Bachelor's or higher,37,3.9,0.8453839631977675,8,4
1.0,Medicare/military/other govt,Some college/associate,40,0.61,2.7746473000426857,2,4
0.0,Medicare/military/other govt,High school/GED,30,0.5,0.29995720976269274,19,1
0.0,Private/Medi-Gap,High school/GED,18,4.43,0.38660260328209034,20,2
0.0,Private/Medi-Gap,Bachelor's or higher,49,7.0,0.4481055549351209,16,1
0.0,Medicare/military/other govt,Less than high school,43,0.63,3.644771439614463,2,2
0.0,Private/Medi-Gap,Some college/associate,22,4.44,0.49989514071177743,13,3
0.0,Medicaid/CHIP/state,Bachelor's or higher,30,0.75,1.254361698216803,16,4
0.0,Private/Medi-Gap,Bachelor's or higher,39,4.17,0.7445184719556585,1,3
0.0,Private/Medi-Gap,Bachelor's or higher,32,4.17,0.9510920530199092,1,1
0.0,Private/Medi-Gap,Bachelor's or higher,31,5.37,0.37101268114675157,8,3
0.0,Private/Medi-Gap,Bachelor's or higher,33,1.6,0.6484742922100164,19,3
0.0,Single-service/IHS/uninsured,Bachelor's or higher,31,4.43,0.5153129011948415,15,2
1.0,Private/Medi-Gap,Some college/associate,49,2.79,0.8861172477272441,10,4
0.0,Private/Medi-Gap,Some college/associate,38,1.95,0.44751967259054537,4,2
0.0,Single-service/IHS/uninsured,High school/GED,28,2.25,0.430204221335356,10,1
0.0,Medicaid/CHIP/state,Bachelor's or higher,21,1.48,3.8493125283833876,5,1
0.0,Medicaid/CHIP/state,Bachelor's or higher,25,1.61,0.4602786097025081,4,3
0.0,Private/Medi-Gap,High school/GED,24,2.29,0.562788102418104,17,3
0.0,Private/Medi-Gap,Some college/associate,44,1.74,3.8335406793533235,7,1
0.0,Private/Medi-Gap,Bachelor's or higher,32,3.43,0.23560443897926503,20,2
0.0,Private/Medi-Gap,Bachelor's or higher,24,2.79,0.42411782507226725,12,1
0.0,Private/Medi-Gap,Bachelor's or higher,49,6.35,0.3685146329563479,8,3
0.0,Medicaid/CHIP/state,Some college/associate,30,5.37,0.5388526574741207,4,3
0.0,Private/Medi-Gap,Bachelor's or higher,46,0.81,2.6485141070999094,3,2
0.0,Medicaid/CHIP/state,High school/GED,19,3.9,0.554834794286292,10,2
0.0,Private/Medi-Gap,Bachelor's or higher,28,6.35,0.8237464633562891,5,2
0.0,Medicare/military/other govt,Bachelor's or higher,30,3.61,0.21854587870611183,4,4
0.0,Private/Medi-Gap,Bachelor's or higher,29,3.61,0.23666972389768157,6,1
0.0,Medicaid/CHIP/state,High school/GED,43,1.51,3.7491436042846944,12,3
1.0,Private/Medi-Gap,Bachelor's or higher,35,5.37,0.5806298070779037,19,4
0.0,Single-service/IHS/uninsured,Some college/associate,49,1.78,1.6980821647009203,1,4
0.0,Private/Medi-Gap,Bachelor's or higher,41,7.0,1.1310974598875712,12,2
0.0,Medicare/military/other govt,Some college/associate,30,0.92,0.14098740780055327,16,4
0.0,Medicaid/CHIP/state,High school/GED,34,1.27,0.4625685540627539,20,2
0.0,Private/Medi-Gap,Some college/associate,21,1.74,3.8493125283833876,10,3
0.0,Private/Medi-Gap,Bachelor's or higher,47,6.86,3.0567722889148032,5,4
0.0,Private/Medi-Gap,Bachelor's or higher,32,4.51,1.719324550229178,3,4
0.0,Medicaid/CHIP/state,High school/GED,20,3.61,0.615250922653907,16,2
1.0,Private/Medi-Gap,Bachelor's or higher,49,6.35,0.8280788655505393,5,3
0.0,Private/Medi-Gap,Some college/associate,37,2.13,0.30193465197778685,1,3
0.0,Single-service/IHS/uninsured,Some college/associate,19,1.67,1.6165839328858016,3,3
0.0,Private/Medi-Gap,Bachelor's or higher,44,4.17,3.017144901954335,15,2
0.0,Single-service/IHS/uninsured,Less than high school,19,2.47,0.7604832105767895,17,1
0.0,Private/Medi-Gap,Some college/associate,37,2.46,2.710095248750025,1,1
0.0,Private/Medi-Gap,Bachelor's or higher,41,7.0,0.37166734970350224,15,3
0.0,Medicaid/CHIP/state,Some college/associate,32,1.84,0.2718372452729208,1,3
0.0,Private/Medi-Gap,Bachelor's or higher,34,6.86,1.24056941475057,8,4
0.0,Private/Medi-Gap,Bachelor's or higher,47,3.9,0.8208705889441413,7,2
0.0,Private/Medi-Gap,Some college/associate,39,5.8,0.7538556335102993,20,3
0.0,Medicaid/CHIP/state,High school/GED,43,1.15,0.8458308913945529,14,1
0.0,Medicaid/CHIP/state,Bachelor's or higher,24,1.61,0.5326806282746921,2,1
0.0,Private/Medi-Gap,Bachelor's or higher,32,4.51,2.847933117409531,18,3
0.0,Private/Medi-Gap,Some college/associate,41,6.35,0.508718516351583,8,3
0.0,Single-service/IHS/uninsured,Some college/associate,29,4.17,0.2705944982691852,8,1
0.0,Private/Medi-Gap,Bachelor's or higher,41,4.44,1.2921421772886637,8,1
0.0,Private/Medi-Gap,High school/GED,47,6.35,1.1676506821518524,8,1
0.0,Single-service/IHS/uninsured,Some college/associate,35,0.5,0.7272239018990476,15,2
0.0,Private/Medi-Gap,Bachelor's or higher,41,5.37,1.376514149358502,5,3
0.0,Private/Medi-Gap,Bachelor's or higher,28,6.35,0.3319031618356018,13,4
0.0,Private/Medi-Gap,Bachelor's or higher,35,2.92,0.44974173844504284,20,4
1.0,Medicare/military/other govt,Less than high school,19,0.5,0.6983579966865808,9,1
0.0,Private/Medi-Gap,High school/GED,20,2.36,0.6945276810798876,5,1
0.0,Private/Medi-Gap,Bachelor's or higher,40,4.43,0.3106191469689022,13,4
0.0,Medicaid/CHIP/state,High school/GED,18,5.37,0.7404998601534573,4,4
0.0,Private/Medi-Gap,Bachelor's or higher,44,2.46,1.0928836529340735,16,3
0.0,Single-service/IHS/uninsured,High school/GED,49,4.79,1.0712479965335029,18,3
0.0,Single-service/IHS/uninsured,Bachelor's or higher,31,1.4,0.3355275750816209,17,3
0.0,Private/Medi-Gap,Bachelor's or higher,27,3.19,1.3436190704635762,7,2
0.0,Single-service/IHS/uninsured,Less than high school,45,1.37,2.4885110351897644,6,4
0.0,Single-service/IHS/uninsured,Some college/associate,33,3.76,0.38478759020106484,7,1
0.0,Medicare/military/other govt,High school/GED,17,2.13,0.6291024414001201,15,1
0.0,Medicaid/CHIP/state,Some college/associate,39,0.74,0.30629411935825257,3,3
0.0,Private/Medi-Gap,Bachelor's or higher,27,4.44,0.47489148318493557,8,3
1.0,Private/Medi-Gap,Bachelor's or higher,40,1.84,0.5339247969567533,10,1
0.0,Private/Medi-Gap,Bachelor's or higher,22,5.37,1.8565419470925555,19,4
0.0,Medicaid/CHIP/state,Less than high school,30,1.98,0.782574061959292,13,2
0.0,Private/Medi-Gap,Bachelor's or higher,43,5.8,1.6952978011404338,9,2
0.0,Private/Medi-Gap,Bachelor's or higher,40,4.17,0.7831383553969197,8,3
0.0,Private/Medi-Gap,High school/GED,19,5.37,1.900499385916024,2,3
0.0,Private/Medi-Gap,Bachelor's or higher,31,4.06,0.8339824511406824,6,1
0.0,Private/Medi-Gap,Less than high school,32,1.04,2.6573857577832616,5,2
0.0,Private/Medi-Gap,Bachelor's or higher,48,3.43,0.7093404622738038,16,2
0.0,Private/Medi-Gap,Bachelor's or higher,29,5.75,0.24808655447909114,10,1
0.0,Medicare/military/other govt,High school/GED,25,0.7,0.36859222668639663,4,4
0.0,Private/Medi-Gap,Bachelor's or higher,46,4.06,3.3526384234718543,6,3
0.0,Medicare/military/other govt,Less than high school,18,0.62,0.5860502339622242,19,2
0.0,Private/Medi-Gap,Bachelor's or higher,45,4.8,2.09755197344319,9,2
0.0,Private/Medi-Gap,Bachelor's or higher,40,7.0,0.4077791390586536,6,1
0.0,Single-service/IHS/uninsured,High school/GED,28,1.98,2.151105670894467,15,4
0.0,Private/Medi-Gap,Bachelor's or higher,34,6.35,0.7037977254333491,8,4
0.0,Private/Medi-Gap,Bachelor's or higher,27,6.86,0.9168637951260465,13,2
1.0,Private/Medi-Gap,High school/GED,49,6.35,0.6567256367311144,12,2
0.0,Medicaid/CHIP/state,Some college/associate,26,1.65,0.36393599938579585,10,4
0.0,Medicaid/CHIP/state,High school/GED,31,0.81,1.0389316686323737,11,1
0.0,Private/Medi-Gap,Bachelor's or higher,29,3.43,0.6556906913614412,3,2
0.0,Private/Medi-Gap,Less than high school,48,2.29,0.9698166284923299,2,1
0.0,Medicaid/CHIP/state,Less than high school,23,0.5,0.811932952319586,3,1
0.0,Medicare/military/other govt,High school/GED,27,1.65,0.4219353436263926,17,3
0.0,Medicaid/CHIP/state,Some college/associate,26,1.51,0.3350862440723582,2,2
0.0,Single-service/IHS/uninsured,Some college/associate,44,3.61,1.1087938837730962,16,3
0.0,Medicare/military/other govt,High school/GED,18,0.5,2.900898768392639,6,3
0.0,Private/Medi-Gap,Some college/associate,31,0.77,3.6185426329002697,20,3
0.0,Private/Medi-Gap,Less than high school,37,5.37,0.40311697704119587,6,1
0.0,Private/Medi-Gap,Bachelor's or higher,42,3.02,0.44504666806294524,18,2
0.0,Private/Medi-Gap,Bachelor's or higher,33,4.17,0.3032303328691167,3,3
0.0,Medicare/military/other govt,High school/GED,20,0.57,0.5357568538528356,19,4
0.0,Private/Medi-Gap,Some college/associate,44,4.17,0.7882082726036873,8,3
0.0,Private/Medi-Gap,Some college/associate,45,0.5,0.845236440963248,8,1
0.0,Private/Medi-Gap,Some college/associate,35,5.8,0.7719691847280656,2,4
0.0,Medicare/military/other govt,Some college/associate,20,5.37,0.45289050234203715,15,3
0.0,Medicare/military/other govt,Some college/associate,20,0.5,0.4083016908219944,20,4
0.0,Private/Medi-Gap,Bachelor's or higher,28,1.65,0.38605847759488376,17,4
0.0,Private/Medi-Gap,Bachelor's or higher,26,6.35,0.980865804799403,2,3
1.0,Private/Medi-Gap,Some college/associate,41,3.15,1.7896966784188904,15,2
0.0,Single-service/IHS/uninsured,Less than high school,19,1.4,0.3223277170943168,3,1
0.0,Private/Medi-Gap,Some college/associate,19,3.52,0.3166774403368844,5,1
0.0,Private/Medi-Gap,Bachelor's or higher,39,2.95,0.23053069124690395,4,3
0.0,Medicaid/CHIP/state,High school/GED,48,0.52,1.0497400205922465,3,3
0.0,Private/Medi-Gap,Bachelor's or higher,40,5.8,0.8266279970500267,19,3
0.0,Private/Medi-Gap,Bachelor's or higher,36,5.75,0.3303871184929771,7,4
0.0,Private/Medi-Gap,Some college/associate,44,2.13,1.2249852373972947,16,3
0.0,Medicaid/CHIP/state,High school/GED,30,0.5,1.16642684834494,5,1
0.0,Medicaid/CHIP/state,Less than high school,35,0.5,0.4029212747305262,18,1
0.0,Private/Medi-Gap,Bachelor's or higher,37,1.82,1.0906469210274823,10,2
0.0,Single-service/IHS/uninsured,High school/GED,40,0.5,0.5759593935565527,13,1
0.0,Private/Medi-Gap,Some college/associate,25,2.46,0.5768574252356929,17,3
0.0,Private/Medi-Gap,Bachelor's or higher,40,1.84,0.2959382934535724,1,1
1.0,Private/Medi-Gap,Bachelor's or higher,45,6.86,1.4193617994841565,11,4
0.0,Medicaid/CHIP/state,Some college/associate,35,1.5,1.1538623576482805,20,2
0.0,Private/Medi-Gap,Bachelor's or higher,30,4.43,0.4045786489403062,19,4
0.0,Private/Medi-Gap,Bachelor's or higher,21,1.62,1.5027161325387592,8,2
1.0,Private/Medi-Gap,Bachelor's or higher,48,6.35,2.1970355527270256,19,2
0.0,Single-service/IHS/uninsured,High school/GED,32,0.5,0.4819549548617641,5,4
0.0,Private/Medi-Gap,Bachelor's or higher,45,7.0,0.39954121826105365,5,3
1.0,Medicaid/CHIP/state,Some college/associate,29,1.25,1.816052374694378,20,2
0.0,Private/Medi-Gap,Some college/associate,32,1.48,0.3539284655134196,13,4
0.0,Single-service/IHS/uninsured,Bachelor's or higher,48,3.61,1.610068608921963,7,3
0.0,Single-service/IHS/uninsured,Less than high school,38,0.63,0.4400590253458268,20,4
0.0,Medicaid/CHIP/state,High school/GED,47,0.74,0.3556143343401813,16,3
0.0,Medicaid/CHIP/state,Some college/associate,28,0.5,0.8626637603080566,19,4
0.0,Private/Medi-Gap,High school/GED,38,0.5,0.33801555054094723,8,3
0.0,Medicaid/CHIP/state,High school/GED,30,1.93,2.117687422277238,16,1
0.0,Private/Medi-Gap,Bachelor's or higher,46,5.37,0.4099385667590329,20,4
0.0,Medicaid/CHIP/state,Bachelor's or higher,27,4.43,0.16504129393467354,12,2
1.0,Private/Medi-Gap,Bachelor's or higher,34,4.44,0.7927769505497397,13,1
0.0,Single-service/IHS/uninsured,Some college/associate,37,6.35,0.45276769391888505,16,1
1.0,Private/Medi-Gap,Bachelor's or higher,41,4.17,1.2953725141539811,15,2
0.0,Private/Medi-Gap,Some college/associate,41,2.29,0.7585728251087472,14,1
0.0,Private/Medi-Gap,Bachelor's or higher,32,1.84,0.4682681716006784,16,3
0.0,Private/Medi-Gap,High school/GED,19,5.37,0.835644303055755,8,4
0.0,Medicaid/CHIP/state,Less than high school,47,0.89,0.19981837363113888,11,2
0.0,Private/Medi-Gap,Bachelor's or higher,26,2.95,0.7358714133507965,16,4
0.0,Single-service/IHS/uninsured,Less than high school,49,3.76,1.1055967914599838,19,2
0.0,Private/Medi-Gap,Bachelor's or higher,47,5.37,1.9414958658016304,10,4
0.0,Private/Medi-Gap,High school/GED,32,0.5,0.4032170588867517,6,2
0.0,Private/Medi-Gap,Bachelor's or higher,24,0.8,1.092545290958124,19,2
0.0,Private/Medi-Gap,Bachelor's or higher,29,5.37,0.6151090035703262,8,1
0.0,Private/Medi-Gap,Bachelor's or higher,28,2.9,0.5250612629295546,4,4
0.0,Private/Medi-Gap,Some college/associate,25,3.43,0.49875793133362356,19,2
0.0,Medicaid/CHIP/state,Some college/associate,47,0.5,0.5873804981180628,14,1
0.0,Private/Medi-Gap,Some college/associate,20,4.17,0.9718836617119125,19,3
0.0,Private/Medi-Gap,Bachelor's or higher,21,1.4,0.38024558363215727,11,1
0.0,Private/Medi-Gap,Some college/associate,37,6.35,0.3998110144475845,17,3
0.0,Private/Medi-Gap,Bachelor's or higher,31,2.47,0.4530981217192042,5,4
0.0,Private/Medi-Gap,Some college/associate,37,1.9,0.548392582023733,16,3
0.0,Private/Medi-Gap,Some college/associate,47,0.89,0.19835157863606145,17,2
0.0,Private/Medi-Gap,Some college/associate,34,5.75,0.3505288497110225,15,2
0.0,Single-service/IHS/uninsured,High school/GED,41,3.02,1.7791617304375618,17,1
0.0,Private/Medi-Gap,Bachelor's or higher,27,6.35,0.8238247585331209,15,2
0.0,Medicaid/CHIP/state,Some college/associate,20,0.9,0.09624450974151173,4,3
0.0,Medicaid/CHIP/state,Bachelor's or higher,41,6.86,1.5491713860849028,8,3
0.0,Private/Medi-Gap,High school/GED,27,1.27,1.0580665584194502,17,2
0.0,Private/Medi-Gap,Bachelor's or higher,25,4.8,1.492910127159742,3,1
0.0,Medicaid/CHIP/state,Some college/associate,33,1.14,0.7548948653087034,1,1
0.0,Private/Medi-Gap,High school/GED,21,7.0,0.9796742912152476,12,1
0.0,Medicaid/CHIP/state,Some college/associate,32,0.5,0.2646735989448782,20,4
0.0,Single-service/IHS/uninsured,High school/GED,37,4.79,0.7393281460042549,12,2
0.0,Medicaid/CHIP/state,High school/GED,31,1.25,1.234029590092936,15,1
0.0,Private/Medi-Gap,High school/GED,48,2.36,0.7780854503245624,7,1
0.0,Private/Medi-Gap,Less than high school,49,1.81,0.3493581866138542,16,2
0.0,Private/Medi-Gap,Bachelor's or higher,29,4.17,0.5548539951433846,20,4
0.0,Medicaid/CHIP/state,Some college/associate,23,1.9,0.5562264743196388,13,3
0.0,Private/Medi-Gap,Bachelor's or higher,43,1.93,0.5258553183544539,16,4
0.0,Private/Medi-Gap,Bachelor's or higher,38,4.17,0.337077781491569,10,1
0.0,Medicaid/CHIP/state,Some college/associate,37,0.92,0.5859305445546185,20,4
0.0,Medicaid/CHIP/state,High school/GED,28,0.5,0.3282787374081782,15,1
0.0,Medicare/military/other govt,Bachelor's or higher,31,0.59,0.6951336227152596,8,1
0.0,Private/Medi-Gap,Some college/associate,41,3.13,1.0864741892911536,6,3
0.0,Private/Medi-Gap,High school/GED,20,5.37,0.8330329411692006,11,4
0.0,Single-service/IHS/uninsured,Some college/associate,21,0.5,0.9141840671499599,16,2
0.0,Medicare/military/other govt,High school/GED,29,1.12,0.3750665194423978,20,2
0.0,Medicaid/CHIP/state,High school/GED,31,0.92,0.4519523937506719,2,1
0.0,Medicaid/CHIP/state,High school/GED,24,4.44,3.3024900123605128,3,3
0.0,Private/Medi-Gap,Bachelor's or higher,39,7.0,0.38661927535271495,15,3
0.0,Private/Medi-Gap,Bachelor's or higher,30,1.5,0.4253960905531936,17,3
0.0,Private/Medi-Gap,Bachelor's or higher,38,3.11,1.8771174773766288,20,4
0.0,Private/Medi-Gap,Bachelor's or higher,45,4.51,1.336229610376775,17,1
1.0,Medicare/military/other govt,Bachelor's or higher,36,2.65,2.710095248750025,20,1
1.0,Private/Medi-Gap,Bachelor's or higher,41,4.17,0.4789520658056757,8,3
0.0,Private/Medi-Gap,Some college/associate,48,4.17,2.249912073006802,15,1
0.0,Private/Medi-Gap,Bachelor's or higher,34,4.43,0.5699095485597278,12,2
0.0,Private/Medi-Gap,High school/GED,32,2.46,0.6186472477689255,2,1
0.0,Medicaid/CHIP/state,High school/GED,25,0.92,0.891550013440644,15,2
0.0,Single-service/IHS/uninsured,Less than high school,49,1.93,0.9294978065786217,15,4
0.0,Private/Medi-Gap,Bachelor's or higher,28,6.35,0.31285404236705644,8,3
0.0,Private/Medi-Gap,Some college/associate,31,2.66,0.374624804612786,14,4
0.0,Private/Medi-Gap,Less than high school,28,4.51,1.2105755175135733,18,4
0.0,Private/Medi-Gap,Bachelor's or higher,35,6.86,2.509648944654995,11,2
0.0,Private/Medi-Gap,Some college/associate,33,4.17,0.3737902853245194,4,1
0.0,Private/Medi-Gap,Bachelor's or higher,45,6.86,0.9969102661645644,7,2
0.0,Single-service/IHS/uninsured,High school/GED,26,0.53,2.435149368672223,17,1
0.0,Private/Medi-Gap,Bachelor's or higher,35,1.74,0.2165495841955784,14,3
0.0,Private/Medi-Gap,Bachelor's or higher,31,6.35,0.30942688303795435,16,2
1.0,Medicare/military/other govt,Bachelor's or higher,49,2.55,2.6485141070999094,15,1
0.0,Private/Medi-Gap,Bachelor's or higher,33,4.43,0.8498931262541819,16,2
0.0,Private/Medi-Gap,Some college/associate,20,6.35,1.609177858722594,8,3
0.0,Medicaid/CHIP/state,Bachelor's or higher,42,2.29,0.3921016480385797,1,3
0.0,Private/Medi-Gap,High school/GED,19,3.76,1.0766306442097044,1,3
0.0,Single-service/IHS/uninsured,Bachelor's or higher,24,1.84,0.8527264293318204,2,1
0.0,Private/Medi-Gap,Some college/associate,25,4.43,0.4970789796219283,3,4
1.0,Private/Medi-Gap,Bachelor's or higher,39,6.35,0.6630914318455613,19,2
0.0,Medicaid/CHIP/state,Bachelor's or higher,39,2.9,0.6087867364713677,12,1
0.0,Private/Medi-Gap,Bachelor's or higher,36,4.43,0.31454403258501695,6,1
0.0,Private/Medi-Gap,Bachelor's or higher,30,6.86,0.9308938809785255,18,4
0.0,Private/Medi-Gap,Bachelor's or higher,34,2.36,0.2519133451852505,13,1
0.0,Single-service/IHS/uninsured,Less than high school,32,1.84,0.3923462864374372,13,1
0.0,Medicaid/CHIP/state,High school/GED,34,0.92,0.6749628825356201,19,3
0.0,Private/Medi-Gap,High school/GED,19,4.06,0.7569954673412254,2,4
0.0,Private/Medi-Gap,Bachelor's or higher,24,6.35,0.8034253793519467,13,4
1.0,Single-service/IHS/uninsured,High school/GED,43,1.35,3.7491436042846944,10,3
0.0,Medicaid/CHIP/state,High school/GED,26,0.5,0.2012360049591733,15,4
0.0,Single-service/IHS/uninsured,Some college/associate,18,2.09,0.7963104346753084,5,3
0.0,Single-service/IHS/uninsured,High school/GED,38,2.47,2.2694771457191107,18,3
0.0,Single-service/IHS/uninsured,Less than high school,32,0.5,0.7407219306015786,5,1
0.0,Medicare/military/other govt,Bachelor's or higher,34,2.25,0.7763477594145388,11,4
0.0,Private/Medi-Gap,Some college/associate,43,2.36,0.3898830527429898,8,1
0.0,Private/Medi-Gap,Bachelor's or higher,35,6.35,1.0839800420691925,19,4
0.0,Medicaid/CHIP/state,Some college/associate,27,1.4,1.6645164698827237,7,2
0.0,Medicaid/CHIP/state,Some college/associate,25,1.51,1.0006766857836629,6,3
0.0,Private/Medi-Gap,Bachelor's or higher,26,6.35,1.4114924543831762,12,3
0.0,Private/Medi-Gap,High school/GED,49,1.78,0.7059532409838812,1,2
0.0,Single-service/IHS/uninsured,Some college/associate,27,6.35,0.7276141748131545,19,4
0.0,Private/Medi-Gap,Bachelor's or higher,39,5.37,0.638186740632808,16,1
0.0,Medicare/military/other govt,Some college/associate,26,2.29,0.7148989097331715,19,4
0.0,Private/Medi-Gap,Bachelor's or higher,31,3.76,0.31556836508722724,4,3
0.0,Private/Medi-Gap,Bachelor's or higher,40,4.51,1.4120135272193999,2,4
0.0,Private/Medi-Gap,Some college/associate,20,5.8,3.013585826575307,11,2
0.0,Private/Medi-Gap,Bachelor's or higher,36,3.52,0.8363001662337748,16,1
0.0,Medicaid/CHIP/state,Less than high school,17,5.37,1.7154044996015048,17,2
1.0,Private/Medi-Gap,Bachelor's or higher,34,6.35,0.2773958547881127,4,1
0.0,Private/Medi-Gap,Some college/associate,33,6.35,0.552931858615432,8,3
0.0,Private/Medi-Gap,High school/GED,25,2.9,0.38217808032782846,16,1
0.0,Private/Medi-Gap,Some college/associate,36,3.02,0.7696114141165025,20,3
1.0,Private/Medi-Gap,Bachelor's or higher,40,6.35,0.5977416096963333,19,3
0.0,Medicaid/CHIP/state,High school/GED,21,2.29,2.0476134753132733,8,1
1.0,Private/Medi-Gap,Bachelor's or higher,38,4.17,0.3901475950856621,16,4
0.0,Private/Medi-Gap,Bachelor's or higher,41,6.35,0.7592770530797216,2,3
0.0,Private/Medi-Gap,Some college/associate,37,1.25,0.25469488633558374,16,4
0.0,Private/Medi-Gap,Bachelor's or higher,32,5.8,2.847933117409531,18,3
0.0,Private/Medi-Gap,Bachelor's or higher,29,6.35,0.5854022354860408,19,1
0.0,Medicaid/CHIP/state,Some college/associate,29,2.36,1.1049842457888746,14,1
0.0,Private/Medi-Gap,Bachelor's or higher,34,6.35,0.7483061220058729,1,3
0.0,Private/Medi-Gap,Bachelor's or higher,37,7.0,0.41336329897790625,17,4
0.0,Private/Medi-Gap,Bachelor's or higher,35,6.35,1.168625667835612,12,4
0.0,Medicaid/CHIP/state,High school/GED,30,0.5,0.7178884885197473,4,1
0.0,Private/Medi-Gap,Some college/associate,35,4.44,0.29491006423185334,15,4
0.0,Medicare/military/other govt,High school/GED,31,2.29,0.5792420932378598,10,4
0.0,Private/Medi-Gap,Bachelor's or higher,33,3.15,1.7520033166521038,9,4
0.0,Private/Medi-Gap,Bachelor's or higher,33,6.35,1.3057380280748772,2,3
1.0,Private/Medi-Gap,Bachelor's or higher,42,4.51,0.8481787142831426,2,4
0.0,Private/Medi-Gap,Bachelor's or higher,23,0.5,2.9037911510305627,18,4
1.0,Private/Medi-Gap,Bachelor's or higher,43,6.35,0.6603765917990702,16,1
0.0,Medicaid/CHIP/state,Bachelor's or higher,28,5.8,0.4659224842112852,18,4
0.0,Private/Medi-Gap,Bachelor's or higher,38,3.11,0.460251547870714,6,1
0.0,Private/Medi-Gap,Less than high school,18,4.17,1.2892943175130684,1,3
0.0,Single-service/IHS/uninsured,Some college/associate,49,0.5,0.2019644473799849,3,1
1.0,Medicaid/CHIP/state,Less than high school,17,0.77,0.9899984212668045,1,3
0.0,Private/Medi-Gap,Some college/associate,21,2.9,0.9556035023008541,4,1
0.0,Medicare/military/other govt,High school/GED,19,2.95,0.28181199869592594,20,4
0.0,Private/Medi-Gap,Less than high school,18,6.35,1.175469101918221,1,3
0.0,Medicare/military/other govt,Less than high school,17,0.59,0.50099235562193,13,1
0.0,Private/Medi-Gap,Bachelor's or higher,40,3.8,0.7127017924249955,1,2
1.0,Private/Medi-Gap,Bachelor's or higher,39,6.35,0.46242843749614,2,3
0.0,Private/Medi-Gap,Bachelor's or higher,30,2.05,1.2749477546751822,12,4
0.0,Medicaid/CHIP/state,High school/GED,18,1.18,0.3292440998533261,19,2
0.0,Medicaid/CHIP/state,Some college/associate,27,1.4,0.42003911754372947,16,3
0.0,Private/Medi-Gap,Bachelor's or higher,25,3.76,0.9216269363340519,10,1
0.0,Single-service/IHS/uninsured,Bachelor's or higher,37,3.61,0.20748339488760598,18,1
0.0,Medicare/military/other govt,Bachelor's or higher,40,5.37,0.39751016695061187,8,3
0.0,Private/Medi-Gap,Bachelor's or higher,22,2.13,0.6228531784373287,3,4
0.0,Single-service/IHS/uninsured,Less than high school,47,1.5,0.9266892710576355,15,3
0.0,Private/Medi-Gap,Some college/associate,34,2.9,0.38925810219797113,12,2
0.0,Private/Medi-Gap,Bachelor's or higher,40,3.52,0.5896544973480695,12,1
0.0,Medicare/military/other govt,High school/GED,19,0.5,0.8042756908833799,2,1
0.0,Private/Medi-Gap,Bachelor's or higher,39,4.17,1.0906465311691746,11,1
1.0,Private/Medi-Gap,Some college/associate,42,6.86,0.5941956474213834,2,2
0.0,Private/Medi-Gap,Bachelor's or higher,42,3.19,0.1810642921464176,6,3
0.0,Private/Medi-Gap,Bachelor's or higher,37,4.17,0.5188749300300846,8,4
1.0,Private/Medi-Gap,Some college/associate,43,7.0,0.18659188526517345,1,1
0.0,Single-service/IHS/uninsured,Bachelor's or higher,35,0.57,0.3605781661070838,4,3
0.0,Medicaid/CHIP/state,Less than high school,45,0.9,1.3850239101543114,4,4
0.0,Medicaid/CHIP/state,High school/GED,24,1.95,1.4015276067156062,9,4
0.0,Single-service/IHS/uninsured,Bachelor's or higher,27,0.5,0.9528516341384636,16,2
0.0,Private/Medi-Gap,Bachelor's or higher,37,4.17,0.6375653364566202,7,3
1.0,Private/Medi-Gap,Bachelor's or higher,43,3.52,0.8238988211755917,2,3
0.0,Single-service/IHS/uninsured,High school/GED,29,4.43,0.35609781365414533,8,1
1.0,Private/Medi-Gap,Bachelor's or higher,42,4.51,0.7937800388304351,10,3
0.0,Medicare/military/other govt,Some college/associate,49,2.66,3.3526384234718543,1,4
0.0,Single-service/IHS/uninsured,Some college/associate,43,6.35,0.12155484255993164,16,4
0.0,Private/Medi-Gap,Bachelor's or higher,29,5.37,0.6018133213181733,7,2
0.0,Medicaid/CHIP/state,High school/GED,44,0.5,0.38772518484855445,16,4
1.0,Private/Medi-Gap,Bachelor's or higher,40,6.86,0.6873593194789757,8,4
0.0,Private/Medi-Gap,Bachelor's or higher,45,6.86,1.2411539219314631,1,4
1.0,Private/Medi-Gap,Bachelor's or higher,29,2.36,0.5799332455251904,2,1
1.0,Private/Medi-Gap,Some college/associate,26,4.51,2.6156587534993045,14,2
0.0,Medicaid/CHIP/state,Bachelor's or higher,26,1.24,0.8317831329593645,12,2
0.0,Private/Medi-Gap,Some college/associate,21,0.5,0.31015199332564763,17,1
0.0,Medicaid/CHIP/state,High school/GED,18,2.36,0.5328486668958287,5,3
0.0,Medicaid/CHIP/state,High school/GED,26,0.5,0.46233441477920306,13,3
0.0,Medicaid/CHIP/state,Less than high school,36,1.51,1.2262974266634858,14,3
0.0,Medicaid/CHIP/state,Some college/associate,46,4.43,0.23578878299549738,17,4
1.0,Private/Medi-Gap,Bachelor's or higher,41,5.8,1.1241494617815517,5,3
1.0,Private/Medi-Gap,Bachelor's or higher,40,4.17,0.420574960344567,5,2
1.0,Private/Medi-Gap,Bachelor's or higher,37,4.17,0.558184376731995,5,2
0.0,Private/Medi-Gap,Some college/associate,37,2.25,0.8344206675324177,14,1
1.0,Private/Medi-Gap,Bachelor's or higher,43,5.37,0.22889518518101643,4,3
0.0,Medicaid/CHIP/state,High school/GED,25,1.37,1.6168583029377046,12,2
0.0,Medicare/military/other govt,Some college/associate,23,2.9,0.8096607306347424,16,3
0.0,Private/Medi-Gap,High school/GED,19,6.35,0.32017386772215783,17,4
0.0,Private/Medi-Gap,Bachelor's or higher,38,5.75,0.5190401384140846,3,3
0.0,Private/Medi-Gap,Some college/associate,32,3.8,2.847933117409531,10,3
0.0,Medicaid/CHIP/state,Some college/associate,34,2.79,0.23845472400152123,17,4
0.0,Single-service/IHS/uninsured,Bachelor's or higher,44,5.75,0.17889569591788096,8,2
0.0,Private/Medi-Gap,High school/GED,29,2.29,0.7054868129392435,3,3
0.0,Private/Medi-Gap,Bachelor's or higher,33,4.79,0.32717121436110985,6,1
0.0,Private/Medi-Gap,Some college/associate,19,1.55,1.2005166006889658,9,1
0.0,Private/Medi-Gap,High school/GED,31,5.37,0.5683732703782541,17,4
0.0,Private/Medi-Gap,Some college/associate,46,1.15,0.992823560428219,19,1
0.0,Private/Medi-Gap,Bachelor's or higher,27,2.55,0.5584353252447337,19,2
1.0,Private/Medi-Gap,Some college/associate,36,3.52,0.30017955512428235,2,1
0.0,Single-service/IHS/uninsured,High school/GED,45,2.95,0.8646235810021887,14,1
0.0,Medicare/military/other govt,Bachelor's or higher,33,3.52,0.31134805893416495,13,3
0.0,Medicaid/CHIP/state,Some college/associate,37,1.18,0.6186805333941572,4,3
0.0,Medicaid/CHIP/state,Less than high school,25,0.5,0.758299620159205,20,4
0.0,Private/Medi-Gap,Some college/associate,38,4.44,0.6191992460594944,1,3
0.0,Private/Medi-Gap,Less than high school,18,2.46,0.45238447423481015,3,1
0.0,Medicaid/CHIP/state,High school/GED,22,0.5,1.2803805912041446,9,1
0.0,Private/Medi-Gap,Some college/associate,41,2.29,1.3026890275024927,8,1
0.0,Medicaid/CHIP/state,Some college/associate,33,2.92,0.26038747561528,3,3
0.0,Medicare/military/other govt,Less than high school,30,0.5,0.4057888635727678,15,4
0.0,Private/Medi-Gap,Bachelor's or higher,48,4.44,0.32973374407199674,1,1
0.0,Medicaid/CHIP/state,Some college/associate,27,1.28,1.1064943779701348,6,1
1.0,Private/Medi-Gap,Some college/associate,35,4.51,0.8542082569054348,18,4
0.0,Medicaid/CHIP/state,Some college/associate,27,0.75,1.1604053406800052,13,3
0.0,Private/Medi-Gap,Bachelor's or higher,42,2.92,0.3287472793346299,17,4
0.0,Medicare/military/other govt,Some college/associate,22,3.7,4.249578522459051,15,3
0.0,Private/Medi-Gap,Bachelor's or higher,40,7.0,0.3722057737688668,12,1
0.0,Private/Medi-Gap,Some college/associate,48,5.37,1.2380305031479408,12,3
0.0,Medicaid/CHIP/state,Some college/associate,32,0.81,0.36621625610253933,15,3
0.0,Private/Medi-Gap,Bachelor's or higher,24,1.14,1.6861051755653103,7,4
1.0,Medicaid/CHIP/state,High school/GED,23,1.5,1.187107893071816,7,2
0.0,Private/Medi-Gap,Bachelor's or higher,45,5.8,0.9911391377297877,9,4
0.0,Medicaid/CHIP/state,Less than high school,38,1.37,2.421507654000554,9,4
0.0,Private/Medi-Gap,High school/GED,21,5.37,1.9999827818248235,7,3
0.0,Private/Medi-Gap,Some college/associate,36,4.44,0.5159735263094595,7,1
0.0,Private/Medi-Gap,Bachelor's or higher,49,4.06,0.6958901356796471,12,2
0.0,Private/Medi-Gap,Bachelor's or higher,38,4.51,1.120577591148508,14,4
1.0,Private/Medi-Gap,Bachelor's or higher,40,6.86,2.442158204055333,19,4
0.0,Private/Medi-Gap,Bachelor's or higher,39,6.86,1.9038135974790773,8,1
0.0,Private/Medi-Gap,Some college/associate,42,4.06,0.9399192647939483,19,3
0.0,Private/Medi-Gap,Bachelor's or higher,42,5.75,0.429146367951161,11,4
0.0,Medicaid/CHIP/state,High school/GED,30,0.68,1.1514435775659955,6,3
1.0,Single-service/IHS/uninsured,Bachelor's or higher,39,2.79,0.28095739745588294,7,4
0.0,Medicare/military/other govt,Less than high school,15,1.27,0.5126134917103492,15,3
0.0,Private/Medi-Gap,Bachelor's or higher,26,6.86,2.1786606727022733,2,4
0.0,Medicaid/CHIP/state,Less than high school,34,0.75,0.9739663802058911,14,3
0.0,Private/Medi-Gap,High school/GED,36,2.29,0.3591814024108568,1,1
0.0,Private/Medi-Gap,Bachelor's or higher,47,4.17,1.1977192227189328,2,3
0.0,Private/Medi-Gap,Bachelor's or higher,49,5.75,1.3655418832249424,16,3
0.0,Private/Medi-Gap,High school/GED,26,0.62,0.4932916109703968,5,4
0.0,Private/Medi-Gap,Bachelor's or higher,38,2.9,0.44052160504916626,16,3
0.0,Medicaid/CHIP/state,High school/GED,19,1.18,0.5597910373829668,11,2
0.0,Medicare/military/other govt,Some college/associate,32,0.75,0.6163091021624033,8,3
0.0,Single-service/IHS/uninsured,Bachelor's or higher,40,2.66,0.5123752902225013,10,2
0.0,Medicaid/CHIP/state,High school/GED,32,0.92,0.8544017667662873,11,4
0.0,Medicaid/CHIP/state,High school/GED,37,0.77,1.0297469155115269,20,2
0.0,Private/Medi-Gap,Bachelor's or higher,31,3.9,0.332844903712583,8,4
0.0,Private/Medi-Gap,Bachelor's or higher,24,3.19,3.8493125283833876,12,3
0.0,Single-service/IHS/uninsured,Some college/associate,23,1.18,0.8281098410230345,16,3
0.0,Private/Medi-Gap,High school/GED,27,2.55,1.8686248054942083,9,2
1.0,Medicaid/CHIP/state,High school/GED,33,1.4,0.28775917066848916,16,2
1.0,Private/Medi-Gap,Bachelor's or higher,36,6.35,1.2956645366620658,4,1
0.0,Single-service/IHS/uninsured,Some college/associate,47,6.35,0.6805210740153649,16,3
0.0,Medicare/military/other govt,High school/GED,19,2.29,0.4489868891245768,5,3
0.0,Private/Medi-Gap,Bachelor's or higher,39,2.29,0.879871031846296,18,1
0.0,Medicaid/CHIP/state,Less than high school,35,2.9,0.47322914331336546,15,1
0.0,Medicaid/CHIP/state,Some college/associate,19,1.4,0.42261503430310726,20,4
0.0,Single-service/IHS/uninsured,Less than high school,35,1.5,0.3389520067443382,8,1
0.0,Medicaid/CHIP/state,Some college/associate,42,0.58,0.6380796088370989,7,4
0.0,Private/Medi-Gap,Bachelor's or higher,41,4.17,0.38737489052485446,17,4
0.0,Private/Medi-Gap,Some college/associate,40,4.51,2.7746473000426857,5,2
0.0,Private/Medi-Gap,Bachelor's or higher,34,4.51,0.4970478161527502,7,4
0.0,Private/Medi-Gap,Some college/associate,20,5.37,0.9379162466066482,12,4
1.0,Medicare/military/other govt,Bachelor's or higher,35,5.37,0.8024167272043143,5,4
0.0,Single-service/IHS/uninsured,High school/GED,26,6.35,0.8315670090803887,16,4
0.0,Private/Medi-Gap,Bachelor's or higher,37,4.51,1.1619247981527154,15,3
0.0,Private/Medi-Gap,Some college/associate,19,5.37,0.6062389694944532,4,4
0.0,Private/Medi-Gap,Some college/associate,17,4.51,0.5121842164170011,3,2
0.0,Medicaid/CHIP/state,High school/GED,21,1.9,1.0796183975201625,15,4
0.0,Private/Medi-Gap,Some college/associate,46,2.25,0.369756258092487,1,1
0.0,Medicaid/CHIP/state,Some college/associate,34,0.75,2.08096582147712,3,4
0.0,Medicare/military/other govt,Some college/associate,44,2.06,0.4553127022941953,1,2
0.0,Private/Medi-Gap,Bachelor's or higher,25,6.35,0.515927588775819,17,3
0.0,Private/Medi-Gap,Some college/associate,30,6.86,2.579687507691338,10,2
0.0,Private/Medi-Gap,Bachelor's or higher,35,6.35,0.34091215371185707,11,2
0.0,Private/Medi-Gap,Some college/associate,34,4.44,0.6506491864765173,8,1
0.0,Private/Medi-Gap,Less than high school,37,3.52,1.0961707257372686,2,1
0.0,Private/Medi-Gap,Some college/associate,41,2.92,0.3077765634745176,8,3
0.0,Medicaid/CHIP/state,Some college/associate,31,0.5,0.42334653453991067,1,3
0.0,Private/Medi-Gap,Bachelor's or higher,29,4.43,0.5207649655653532,1,3
0.0,Private/Medi-Gap,Bachelor's or higher,31,5.37,0.8034813862622432,16,1
0.0,Private/Medi-Gap,Some college/associate,25,6.86,1.9745538033456476,5,2
0.0,Medicaid/CHIP/state,Bachelor's or higher,27,0.96,1.7496182164513774,14,3
0.0,Private/Medi-Gap,Some college/associate,19,3.76,0.3873040921816473,2,1
0.0,Private/Medi-Gap,Bachelor's or higher,31,5.37,0.7557465022092972,3,4
0.0,Single-service/IHS/uninsured,Bachelor's or higher,22,3.43,0.9894731874572096,17,3
0.0,Medicaid/CHIP/state,Bachelor's or higher,46,0.57,0.780904349516774,20,2
0.0,Medicaid/CHIP/state,Less than high school,25,0.8,1.155361434402083,9,4
0.0,Medicaid/CHIP/state,High school/GED,19,0.5,1.591185158362202,17,1
0.0,Medicaid/CHIP/state,Less than high school,35,1.4,1.026934522405948,17,2
0.0,Medicaid/CHIP/state,Bachelor's or higher,34,0.5,1.8255072422245309,9,4
0.0,Private/Medi-Gap,Some college/associate,31,1.81,0.30678371974581714,17,4
0.0,Medicaid/CHIP/state,High school/GED,40,0.5,0.3946492654828432,4,4
0.0,Private/Medi-Gap,Bachelor's or higher,45,5.8,1.358338830570781,3,1
0.0,Medicaid/CHIP/state,Less than high school,42,0.56,0.3908832655391313,2,1
0.0,Medicaid/CHIP/state,Bachelor's or higher,35,1.23,2.607020320080878,20,3
0.0,Single-service/IHS/uninsured,Some college/associate,37,0.5,0.26421270718637957,4,4
0.0,Private/Medi-Gap,Some college/associate,33,1.9,0.4127080151457309,17,2
0.0,Private/Medi-Gap,Bachelor's or higher,31,6.35,1.030709619540456,19,4
0.0,Medicare/military/other govt,Less than high school,39,0.98,1.3815320007273872,3,4
0.0,Private/Medi-Gap,Bachelor's or higher,28,5.75,0.24193028792937835,7,2
0.0,Private/Medi-Gap,Bachelor's or higher,38,1.27,0.6179315361972393,16,1
0.0,Medicaid/CHIP/state,Some college/associate,33,0.74,0.2896879519324918,20,2
0.0,Private/Medi-Gap,Bachelor's or higher,22,5.37,1.5319009865724804,11,4
0.0,Medicaid/CHIP/state,Some college/associate,30,0.75,0.27159513245519534,13,4
0.0,Medicaid/CHIP/state,High school/GED,18,0.68,0.4311367465295974,17,4
0.0,Single-service/IHS/uninsured,Bachelor's or higher,49,0.5,0.8206836552400573,9,1
0.0,Private/Medi-Gap,Some college/associate,49,6.35,0.4505891103852024,8,1
0.0,Private/Medi-Gap,Some college/associate,19,0.57,0.14268663452961122,4,3
1.0,Private/Medi-Gap,Bachelor's or higher,45,5.8,0.9397674257918199,2,2
0.0,Private/Medi-Gap,Bachelor's or higher,31,2.13,0.22837858393758423,13,4
0.0,Private/Medi-Gap,Bachelor's or higher,22,1.24,3.632166892653906,18,4
0.0,Private/Medi-Gap,Bachelor's or higher,48,7.0,0.19905319723991194,14,1
0.0,Medicare/military/other govt,Some college/associate,22,1.15,0.4510688314799895,4,4
0.0,Private/Medi-Gap,High school/GED,32,2.79,2.711499335744477,13,1
1.0,Private/Medi-Gap,Some college/associate,46,2.09,1.7583261117369884,20,1
1.0,Private/Medi-Gap,Bachelor's or higher,28,5.37,1.1552649172628617,9,1
0.0,Private/Medi-Gap,High school/GED,38,2.46,2.1071045105426673,15,1
0.0,Private/Medi-Gap,Bachelor's or higher,35,6.35,0.86975864629024,16,4
0.0,Private/Medi-Gap,Bachelor's or higher,41,7.0,0.41033178984947644,12,2
0.0,Private/Medi-Gap,Bachelor's or higher,30,4.06,1.891815708807385,5,1
0.0,Private/Medi-Gap,Less than high school,18,5.37,0.49871527524406717,12,2
0.0,Medicaid/CHIP/state,Bachelor's or higher,33,5.37,0.7387670770600905,17,3
0.0,Private/Medi-Gap,Bachelor's or higher,37,6.35,1.6738912569384412,15,1
0.0,Private/Medi-Gap,Some college/associate,38,3.61,0.6860843538541797,19,2
1.0,Private/Medi-Gap,Bachelor's or higher,43,4.17,0.6592766858975401,12,2
0.0,Private/Medi-Gap,Bachelor's or higher,32,5.8,1.7257418378736218,12,3
0.0,Private/Medi-Gap,Bachelor's or higher,25,4.8,3.282811244144357,7,2
0.0,Private/Medi-Gap,Bachelor's or higher,41,4.8,0.6676267458965497,20,1
1.0,Private/Medi-Gap,Bachelor's or higher,38,4.17,0.8180309065024559,12,4
0.0,Private/Medi-Gap,Some college/associate,20,3.43,0.7746904300049199,13,4
0.0,Private/Medi-Gap,Some college/associate,21,5.37,3.8493125283833876,16,2
0.0,Private/Medi-Gap,Bachelor's or higher,31,7.0,0.5021856196922494,15,1
0.0,Private/Medi-Gap,High school/GED,44,2.13,0.8992617141542192,17,3
0.0,Medicare/military/other govt,Bachelor's or higher,45,5.37,2.8815864572950995,16,1
0.0,Private/Medi-Gap,Bachelor's or higher,42,3.52,0.35618738863195404,8,3
0.0,Single-service/IHS/uninsured,Bachelor's or higher,27,1.4,0.7265239890557427,15,1
1.0,Private/Medi-Gap,Bachelor's or higher,46,4.17,0.5198761921637779,8,3
0.0,Private/Medi-Gap,Bachelor's or higher,25,1.4,0.6802847891693535,13,3
0.0,Medicaid/CHIP/state,Some college/associate,40,0.63,0.8289866331023072,3,4
0.0,Single-service/IHS/uninsured,High school/GED,38,0.5,2.770178475021565,20,3
0.0,Medicaid/CHIP/state,Bachelor's or higher,28,6.35,2.0013649405939686,16,2
0.0,Single-service/IHS/uninsured,High school/GED,36,1.48,0.217415891546285,14,1
0.0,Private/Medi-Gap,Bachelor's or higher,28,2.95,0.5396982113178896,16,1
0.0,Medicaid/CHIP/state,Less than high school,36,0.57,0.2767736694789984,16,2
1.0,Private/Medi-Gap,Bachelor's or higher,49,4.17,3.185371694203674,12,2
0.0,Private/Medi-Gap,Some college/associate,29,4.06,3.3914511936715606,9,2
1.0,Single-service/IHS/uninsured,Bachelor's or higher,41,0.5,0.599006707806098,11,4
0.0,Private/Medi-Gap,High school/GED,35,1.09,3.3170052563775876,14,1
0.0,Private/Medi-Gap,Bachelor's or higher,29,6.86,2.8596706038399664,11,1
0.0,Private/Medi-Gap,Bachelor's or higher,29,7.0,0.21357695664202914,19,1
0.0,Medicare/military/other govt,High school/GED,48,0.57,0.6412149770386494,15,1
0.0,Single-service/IHS/uninsured,Bachelor's or higher,25,1.62,3.072011847923532,1,4
0.0,Private/Medi-Gap,Some college/associate,19,2.46,0.2722690444329188,4,3
0.0,Medicaid/CHIP/state,High school/GED,20,0.59,0.4269707808102874,7,3
0.0,Medicaid/CHIP/state,Bachelor's or higher,42,2.95,0.4258779608630334,19,3
0.0,Private/Medi-Gap,Bachelor's or higher,35,2.29,0.3276068424067621,15,4
0.0,Private/Medi-Gap,Bachelor's or higher,48,4.51,3.3526384234718543,6,3
0.0,Single-service/IHS/uninsured,Some college/associate,31,0.5,1.413120115799213,17,2
0.0,Private/Medi-Gap,Some college/associate,36,6.21,0.329686929021722,2,4
0.0,Private/Medi-Gap,Bachelor's or higher,40,6.35,1.3106138539877523,16,4
0.0,Private/Medi-Gap,High school/GED,35,1.62,0.5994194421494263,19,1
0.0,Private/Medi-Gap,Bachelor's or higher,42,4.51,1.3399289326230517,2,2
1.0,Private/Medi-Gap,Bachelor's or higher,31,5.37,0.8330442858223245,7,1
0.0,Medicaid/CHIP/state,Less than high school,25,0.5,0.3282787374081782,15,1
0.0,Single-service/IHS/uninsured,High school/GED,26,0.92,3.755087794027561,15,2
1.0,Private/Medi-Gap,Bachelor's or higher,30,1.84,0.7589158832746357,16,4
0.0,Private/Medi-Gap,Bachelor's or higher,38,1.06,0.3564403067863872,16,3
0.0,Private/Medi-Gap,Some college/associate,32,2.13,0.29014451857459933,1,3
0.0,Medicaid/CHIP/state,Some college/associate,22,1.81,0.14098113287082528,2,1
0.0,Private/Medi-Gap,Some college/associate,44,4.44,0.27546499780815714,8,1
0.0,Medicare/military/other govt,Some college/associate,35,2.25,0.7061944428153012,4,1
0.0,Single-service/IHS/uninsured,Some college/associate,34,4.44,0.2830650192487657,17,3
0.0,Private/Medi-Gap,High school/GED,34,5.37,0.730561719345356,9,1
0.0,Medicaid/CHIP/state,High school/GED,30,0.75,0.1806316753275713,17,4
0.0,Private/Medi-Gap,Bachelor's or higher,37,5.75,0.8204563544290272,3,3
0.0,Medicaid/CHIP/state,High school/GED,36,1.4,1.1535532775347404,7,3
0.0,Private/Medi-Gap,High school/GED,18,4.17,0.8558155733830586,18,1
0.0,Private/Medi-Gap,Some college/associate,27,6.86,0.6723292814316254,15,1
0.0,Single-service/IHS/uninsured,Bachelor's or higher,26,4.43,1.878671477935334,3,4
0.0,Private/Medi-Gap,Less than high school,28,0.5,0.7944064665880889,3,1
1.0,Private/Medi-Gap,Bachelor's or higher,45,6.21,0.9405219380302081,5,2
0.0,Single-service/IHS/uninsured,High school/GED,21,0.62,0.771739420280885,15,4
0.0,Private/Medi-Gap,High school/GED,39,3.11,0.6794872054894988,20,4
0.0,Single-service/IHS/uninsured,Some college/associate,48,0.7,0.31158864891912436,12,2
0.0,Medicaid/CHIP/state,Some college/associate,25,0.5,0.8512732887698896,19,4
1.0,Private/Medi-Gap,Bachelor's or higher,37,4.51,0.7168110008126739,18,4
0.0,Medicare/military/other govt,Less than high school,47,0.5,0.5723644565057552,4,4
0.0,Private/Medi-Gap,Some college/associate,44,6.35,1.068292792291883,18,1
0.0,Medicaid/CHIP/state,Some college/associate,46,0.8,1.0288722695165136,12,3
0.0,Private/Medi-Gap,Some college/associate,43,2.95,0.7209742441581306,7,2
0.0,Private/Medi-Gap,Bachelor's or higher,27,6.86,0.9888579381224643,15,1
0.0,Private/Medi-Gap,Bachelor's or higher,31,4.43,0.14936945317652314,8,3
0.0,Single-service/IHS/uninsured,Bachelor's or higher,34,4.43,0.15011830456792485,7,1
0.0,Single-service/IHS/uninsured,Some college/associate,28,2.9,0.3501679551175754,1,1
0.0,Private/Medi-Gap,Some college/associate,49,7.0,0.46612100609948565,16,1
0.0,Private/Medi-Gap,Some college/associate,43,4.17,0.2873057898321849,16,1
0.0,Single-service/IHS/uninsured,High school/GED,33,0.77,0.5631332165461306,14,1
0.0,Medicare/military/other govt,Bachelor's or higher,38,2.92,0.5648784992571751,16,4
0.0,Private/Medi-Gap,High school/GED,46,2.79,1.5208912053355788,3,1
0.0,Medicaid/CHIP/state,Bachelor's or higher,35,2.92,0.7061944428153012,4,1
0.0,Private/Medi-Gap,Bachelor's or higher,28,6.35,0.6970721785395496,19,4
0.0,Medicaid/CHIP/state,High school/GED,17,0.75,1.147698293037903,13,4
0.0,Medicaid/CHIP/state,Less than high school,18,4.51,1.908685844597048,6,2
0.0,Private/Medi-Gap,Less than high school,47,1.48,0.4481413425114495,16,2
0.0,Private/Medi-Gap,Bachelor's or higher,31,4.8,2.847933117409531,8,4
0.0,Medicaid/CHIP/state,Bachelor's or higher,32,0.57,0.5617914502284486,4,3
0.0,Private/Medi-Gap,Less than high school,18,3.8,0.9389563110469828,9,2
0.0,Single-service/IHS/uninsured,High school/GED,19,0.5,1.5979848574987947,3,4
1.0,Private/Medi-Gap,Bachelor's or higher,45,2.9,0.6774431446147858,9,1
0.0,Private/Medi-Gap,Bachelor's or higher,37,5.37,0.2800033119045469,6,1
0.0,Private/Medi-Gap,Bachelor's or higher,38,3.8,1.0504270567809098,15,1
0.0,Private/Medi-Gap,Bachelor's or higher,24,0.5,0.6762562089958513,16,1
0.0,Private/Medi-Gap,Bachelor's or higher,22,1.25,0.47634983047973994,17,4
0.0,Medicaid/CHIP/state,High school/GED,21,2.36,1.0834904597955033,20,4
0.0,Private/Medi-Gap,Bachelor's or higher,27,6.35,0.44041970533084795,4,3
0.0,Private/Medi-Gap,Bachelor's or higher,37,1.84,1.338243117467032,8,2
0.0,Private/Medi-Gap,Bachelor's or higher,35,4.17,1.0306190046920178,5,2
0.0,Medicaid/CHIP/state,Less than high school,33,0.5,0.29804668937236806,4,3
0.0,Private/Medi-Gap,High school/GED,46,2.9,1.1463201856643637,15,2
0.0,Medicaid/CHIP/state,Some college/associate,45,6.86,3.2981414053292655,6,3
1.0,Private/Medi-Gap,Bachelor's or higher,46,5.37,1.003579943455716,1,3
0.0,Private/Medi-Gap,Bachelor's or higher,33,5.37,0.9806977408337494,11,2
1.0,Private/Medi-Gap,Some college/associate,34,3.52,0.4415001966613719,8,2
1.0,Private/Medi-Gap,Bachelor's or higher,40,4.17,0.543704106955877,3,1
0.0,Private/Medi-Gap,Bachelor's or higher,30,3.61,0.4416810329964334,17,4
0.0,Private/Medi-Gap,Bachelor's or higher,27,6.35,0.8152095265292735,3,4
0.0,Private/Medi-Gap,Bachelor's or higher,44,5.37,0.9819598538066523,18,1
0.0,Private/Medi-Gap,High school/GED,18,6.35,0.4972463850773927,17,3
0.0,Medicaid/CHIP/state,High school/GED,18,1.93,0.866906183503078,15,1
0.0,Medicare/military/other govt,Bachelor's or higher,34,2.92,1.3286202374056868,6,1
1.0,Private/Medi-Gap,Bachelor's or higher,39,4.51,0.6593204399264869,1,4
0.0,Private/Medi-Gap,Bachelor's or higher,44,3.8,1.2011275123841472,1,4
0.0,Medicaid/CHIP/state,High school/GED,24,0.5,0.6328939115399502,18,1
0.0,Private/Medi-Gap,Some college/associate,20,1.68,1.013188783399998,20,4
0.0,Private/Medi-Gap,Bachelor's or higher,37,4.44,0.2030303310253473,17,3
0.0,Medicaid/CHIP/state,Less than high school,26,0.92,0.9842567371975177,15,2
0.0,Private/Medi-Gap,Bachelor's or higher,45,2.92,0.7311226255628118,1,3
0.0,Private/Medi-Gap,Bachelor's or higher,37,4.17,0.9072008610370845,16,4
0.0,Private/Medi-Gap,High school/GED,42,3.15,0.42667348053013865,8,4
0.0,Medicaid/CHIP/state,Some college/associate,37,1.4,0.9474822677346654,10,4
0.0,Private/Medi-Gap,Some college/associate,36,2.92,0.6211719372957669,13,1
0.0,Private/Medi-Gap,Bachelor's or higher,49,4.06,3.0323206345238054,18,2
0.0,Single-service/IHS/uninsured,Less than high school,30,0.58,1.55881907321053,15,1
0.0,Private/Medi-Gap,Bachelor's or higher,31,5.37,1.8320662966618242,16,2
0.0,Private/Medi-Gap,Bachelor's or higher,24,3.61,1.0353899110128157,16,2
0.0,Private/Medi-Gap,Some college/associate,22,5.8,3.8493125283833876,17,1
0.0,Private/Medi-Gap,High school/GED,48,2.13,0.24319295594720652,13,3
0.0,Private/Medi-Gap,High school/GED,21,3.8,5.201246819601842,9,2
0.0,Medicaid/CHIP/state,Less than high school,18,1.51,2.333087673544893,18,4
0.0,Private/Medi-Gap,Bachelor's or higher,28,3.15,1.2247059318733942,20,1
0.0,Private/Medi-Gap,Bachelor's or higher,30,6.35,0.7402387106962016,2,3
0.0,Private/Medi-Gap,Bachelor's or higher,27,6.86,1.2199166321420023,1,4
0.0,Private/Medi-Gap,Bachelor's or higher,41,3.52,0.6603765917990702,16,1
0.0,Single-service/IHS/uninsured,Bachelor's or higher,34,2.46,0.2855029951192398,19,2
0.0,Private/Medi-Gap,Bachelor's or higher,24,5.8,0.8180983549713826,2,2
0.0,Private/Medi-Gap,Some college/associate,36,2.95,0.2620238094032799,16,2
0.0,Private/Medi-Gap,High school/GED,18,5.37,1.9155462199985047,15,2
0.0,Private/Medi-Gap,Some college/associate,30,1.84,1.1216456955699128,2,3
0.0,Single-service/IHS/uninsured,Some college/associate,19,0.57,0.3994645536311859,7,2
0.0,Single-service/IHS/uninsured,Some college/associate,19,1.78,0.3598996661754181,5,4
0.0,Private/Medi-Gap,Bachelor's or higher,47,6.86,0.9962950645371453,18,4
0.0,Medicaid/CHIP/state,High school/GED,30,1.27,0.711412481505333,15,4
0.0,Private/Medi-Gap,Bachelor's or higher,26,5.8,1.752802129615582,15,1
0.0,Private/Medi-Gap,Bachelor's or higher,42,0.5,1.0285195170728227,15,2
0.0,Private/Medi-Gap,High school/GED,26,1.84,1.9750298136304132,16,4
0.0,Private/Medi-Gap,Some college/associate,42,1.9,0.5528068400013009,4,4
0.0,Medicare/military/other govt,Some college/associate,33,1.5,1.286695464636572,17,3
0.0,Medicare/military/other govt,Bachelor's or higher,33,1.15,0.20469535242137255,13,1
0.0,Single-service/IHS/uninsured,Less than high school,38,3.7,1.060324987468986,5,2
0.0,Private/Medi-Gap,Some college/associate,19,2.36,0.18071084794649456,16,4
0.0,Medicaid/CHIP/state,Some college/associate,34,0.5,1.1326887698117731,6,3
0.0,Private/Medi-Gap,Bachelor's or higher,47,3.61,0.5372144341032833,3,3
1.0,Private/Medi-Gap,Some college/associate,28,4.17,0.7074718668582588,18,1
0.0,Private/Medi-Gap,Less than high school,18,4.17,1.0954279673914131,15,3
0.0,Private/Medi-Gap,Bachelor's or higher,31,2.9,0.7439718335832065,18,1
0.0,Private/Medi-Gap,Bachelor's or higher,46,1.4,0.4187829458474407,4,4
1.0,Private/Medi-Gap,Bachelor's or higher,35,6.86,0.7938607767714618,12,2
0.0,Private/Medi-Gap,Bachelor's or higher,35,3.76,2.473879928712628,2,3
0.0,Medicaid/CHIP/state,Some college/associate,21,0.5,0.4417014808037688,20,2
0.0,Private/Medi-Gap,Bachelor's or higher,24,2.13,2.517553506707955,12,4
1.0,Private/Medi-Gap,Bachelor's or higher,37,6.35,0.702838879883525,19,2
0.0,Medicaid/CHIP/state,High school/GED,19,1.06,0.575462561856452,17,2
0.0,Medicare/military/other govt,Less than high school,19,0.8,0.5498585680814577,5,4
0.0,Private/Medi-Gap,Bachelor's or higher,31,6.35,0.28653449378366874,16,2
1.0,Medicaid/CHIP/state,High school/GED,45,0.5,0.27507998634126385,12,4
0.0,Medicaid/CHIP/state,Bachelor's or higher,27,2.43,2.562802072758452,5,2
0.0,Medicaid/CHIP/state,High school/GED,32,0.5,1.8165710338380585,18,4
0.0,Single-service/IHS/uninsured,Some college/associate,27,0.63,1.9632865769762968,18,3
0.0,Private/Medi-Gap,Less than high school,33,1.32,1.7902327104836366,20,4
0.0,Private/Medi-Gap,Less than high school,49,2.25,0.48346124309974536,8,1
0.0,Private/Medi-Gap,Bachelor's or higher,45,4.17,1.1029866148023189,15,2
0.0,Private/Medi-Gap,Some college/associate,20,2.92,0.49244876138660565,16,4
0.0,Private/Medi-Gap,Some college/associate,21,1.93,0.9509332569478286,17,3
0.0,Private/Medi-Gap,High school/GED,20,4.51,3.861629353204076,2,2
1.0,Private/Medi-Gap,Bachelor's or higher,36,2.43,0.7669663835297943,9,2
0.0,Medicare/military/other govt,Some college/associate,20,2.25,0.798465080908903,15,1
0.0,Medicaid/CHIP/state,High school/GED,40,0.5,4.462425299462705,7,2
0.0,Private/Medi-Gap,High school/GED,20,4.43,0.3873827213097635,4,3
0.0,Private/Medi-Gap,Bachelor's or higher,44,4.17,1.4593669270913525,11,4
0.0,Private/Medi-Gap,Bachelor's or higher,28,5.37,0.8238247585331209,15,2
0.0,Private/Medi-Gap,High school/GED,40,0.5,0.278995839767815,4,1
0.0,Medicaid/CHIP/state,Less than high school,31,4.17,0.4859643876252877,3,3
1.0,Single-service/IHS/uninsured,Some college/associate,36,1.51,2.710095248750025,6,4
0.0,Private/Medi-Gap,Bachelor's or higher,42,4.51,0.803906474194105,20,3
0.0,Private/Medi-Gap,Bachelor's or higher,49,6.35,3.3526384234718543,8,3
0.0,Medicare/military/other govt,Some college/associate,29,4.17,1.746413801809095,10,4
0.0,Private/Medi-Gap,Bachelor's or higher,45,5.37,0.45784109495316033,5,1
0.0,Private/Medi-Gap,Bachelor's or higher,24,4.43,0.4908883839983051,4,4
0.0,Medicare/military/other govt,High school/GED,22,2.36,1.0774011190213229,15,1
0.0,Single-service/IHS/uninsured,Bachelor's or higher,34,0.97,0.4093651804540857,8,1
0.0,Single-service/IHS/uninsured,Some college/associate,30,1.5,0.3101349460816268,3,3
0.0,Medicaid/CHIP/state,Bachelor's or higher,31,0.92,0.7439718335832065,18,1
0.0,Private/Medi-Gap,High school/GED,48,3.43,0.6565535971052354,11,4
0.0,Medicare/military/other govt,Some college/associate,23,1.93,0.4392889155697977,17,4
0.0,Single-service/IHS/uninsured,Some college/associate,29,2.29,0.7033194578466193,16,3
0.0,Medicaid/CHIP/state,Some college/associate,19,5.37,0.3534131263523979,10,4
0.0,Private/Medi-Gap,Some college/associate,36,3.02,0.8415983257258413,12,1
0.0,Private/Medi-Gap,Some college/associate,20,1.65,1.6251197359183889,5,1
0.0,Private/Medi-Gap,Some college/associate,33,1.18,0.1528867220291172,13,3
0.0,Single-service/IHS/uninsured,Bachelor's or higher,24,1.51,2.3802089459661566,14,3
0.0,Private/Medi-Gap,Some college/associate,37,0.5,1.2786164242188436,1,1
1.0,Private/Medi-Gap,Bachelor's or higher,35,3.7,2.570900894571801,2,2
0.0,Medicare/military/other govt,Bachelor's or higher,45,5.37,0.7017685581895851,2,3
0.0,Private/Medi-Gap,Bachelor's or higher,29,4.51,0.9930373332305173,20,1
0.0,Single-service/IHS/uninsured,Some college/associate,33,1.82,2.847933117409531,9,4
0.0,Private/Medi-Gap,Some college/associate,37,6.35,0.38983719191378496,7,2
0.0,Medicaid/CHIP/state,High school/GED,44,1.14,0.36742093310709334,7,2
0.0,Medicare/military/other govt,Bachelor's or higher,48,4.51,3.3526384234718543,7,4
0.0,Medicare/military/other govt,Less than high school,44,0.74,0.27600039812354266,17,4
0.0,Private/Medi-Gap,Some college/associate,35,5.37,0.5169448134082,17,2
0.0,Medicaid/CHIP/state,Some college/associate,31,0.5,0.35044935551490247,2,1
1.0,Single-service/IHS/uninsured,Less than high school,38,0.63,1.753697505189327,12,4
0.0,Private/Medi-Gap,Bachelor's or higher,31,6.35,0.6742547634358391,2,3
0.0,Private/Medi-Gap,Less than high school,17,1.25,1.4092114739313832,12,2
0.0,Medicaid/CHIP/state,Some college/associate,46,0.81,3.36516372185448,5,1
0.0,Single-service/IHS/uninsured,High school/GED,22,1.61,0.4161481510912318,1,3
0.0,Medicaid/CHIP/state,High school/GED,26,2.66,2.379610836979261,18,2
0.0,Single-service/IHS/uninsured,Some college/associate,24,1.09,0.2879944532879334,19,1
0.0,Medicaid/CHIP/state,High school/GED,20,3.76,3.6283550489512666,16,3
0.0,Private/Medi-Gap,High school/GED,24,1.4,1.3992408126788396,12,3
0.0,Private/Medi-Gap,High school/GED,21,5.8,0.6850483053271269,19,1
0.0,Private/Medi-Gap,Bachelor's or higher,36,2.36,0.5438644249662112,19,4
0.0,Medicaid/CHIP/state,Less than high school,17,5.8,0.6175404918407567,13,2
0.0,Single-service/IHS/uninsured,High school/GED,38,2.46,0.5621021851153293,11,2
0.0,Private/Medi-Gap,Some college/associate,29,6.35,0.5873523343961151,8,2
1.0,Medicaid/CHIP/state,Less than high school,48,0.75,2.1237087883110477,6,1
0.0,Private/Medi-Gap,Bachelor's or higher,45,6.86,3.3526384234718543,9,2
0.0,Private/Medi-Gap,Some college/associate,25,0.89,0.711868907336285,4,4
0.0,Private/Medi-Gap,Bachelor's or higher,46,6.35,0.8790506126819642,8,3
0.0,Medicaid/CHIP/state,Some college/associate,49,0.5,1.1393443220071864,4,2
0.0,Medicaid/CHIP/state,Less than high school,49,1.95,1.6065879651329031,11,4
0.0,Private/Medi-Gap,High school/GED,18,5.37,0.5414784653627258,16,3
0.0,Private/Medi-Gap,Some college/associate,25,1.09,1.0805467679280765,18,1
1.0,Private/Medi-Gap,Bachelor's or higher,48,6.86,0.7522512510332467,12,4
0.0,Private/Medi-Gap,Bachelor's or higher,45,7.0,0.6171875952314889,7,1
0.0,Private/Medi-Gap,Bachelor's or higher,35,6.35,0.30605691554986725,12,2
0.0,Private/Medi-Gap,Some college/associate,26,0.97,0.3315447891706947,17,4
0.0,Single-service/IHS/uninsured,Bachelor's or higher,35,0.5,0.9824569425299738,4,4
1.0,Private/Medi-Gap,Bachelor's or higher,38,3.76,0.7981298884884488,16,4
1.0,Medicaid/CHIP/state,Bachelor's or higher,33,0.57,0.26122200138876117,16,4
0.0,Single-service/IHS/uninsured,Less than high school,21,1.4,0.4012660735149193,8,1
0.0,Private/Medi-Gap,Some college/associate,36,2.46,0.20415646686216807,5,4
0.0,Single-service/IHS/uninsured,High school/GED,19,1.48,0.39750941891464303,5,3
0.0,Single-service/IHS/uninsured,High school/GED,33,2.06,0.5390153091181411,6,3
1.0,Single-service/IHS/uninsured,Bachelor's or higher,49,0.7,0.2162360254076904,15,4
0.0,Private/Medi-Gap,Bachelor's or higher,33,6.35,0.7103112173613126,15,2
1.0,Private/Medi-Gap,Bachelor's or higher,42,5.8,2.543246335773571,19,4
0.0,Medicaid/CHIP/state,Some college/associate,33,0.58,0.3829297315429461,20,4
0.0,Private/Medi-Gap,Bachelor's or higher,28,3.43,0.3887290148290893,13,3
0.0,Private/Medi-Gap,Bachelor's or higher,38,6.35,0.35331678848836384,6,1
0.0,Private/Medi-Gap,Bachelor's or higher,46,6.35,0.7465421905754955,13,3
0.0,Single-service/IHS/uninsured,Bachelor's or higher,40,1.98,0.9641272577426812,1,4
0.0,Private/Medi-Gap,Bachelor's or higher,39,4.51,1.0866709104514118,20,3
0.0,Private/Medi-Gap,Bachelor's or higher,41,4.44,0.25912267575084763,9,1
0.0,Private/Medi-Gap,Bachelor's or higher,36,3.61,0.448067327576305,1,3
1.0,Medicaid/CHIP/state,Less than high school,31,0.5,0.6195931236348214,15,3
0.0,Single-service/IHS/uninsured,High school/GED,26,0.5,0.7700000290519328,18,1
0.0,Private/Medi-Gap,Bachelor's or higher,37,4.17,0.7615112497891728,5,2
1.0,Private/Medi-Gap,Some college/associate,29,1.68,0.48212734409289404,4,4
0.0,Private/Medi-Gap,Bachelor's or higher,48,4.17,0.46254763678551,19,4
0.0,Medicaid/CHIP/state,High school/GED,18,0.99,3.1267976027321027,14,2
0.0,Private/Medi-Gap,Bachelor's or higher,24,6.35,0.7025687902969371,5,1
0.0,Private/Medi-Gap,Some college/associate,20,5.37,0.601701485803713,2,1
0.0,Private/Medi-Gap,Bachelor's or higher,36,2.25,0.29627367893961304,17,3
0.0,Private/Medi-Gap,Bachelor's or higher,29,5.37,1.2433036684735548,5,1
0.0,Medicaid/CHIP/state,Less than high school,49,2.13,1.3185094917889746,3,1
0.0,Medicaid/CHIP/state,Bachelor's or higher,46,3.19,0.9836172294327437,12,3
0.0,Private/Medi-Gap,Some college/associate,41,5.8,2.7746473000426857,20,3
0.0,Private/Medi-Gap,Some college/associate,39,4.51,0.5444575389960364,2,4
0.0,Private/Medi-Gap,Bachelor's or higher,45,4.43,0.35654120040191817,5,2
0.0,Private/Medi-Gap,Bachelor's or higher,45,6.35,0.3829259406740676,3,1
0.0,Private/Medi-Gap,Bachelor's or higher,29,3.15,1.4698040526908276,20,1
0.0,Private/Medi-Gap,Bachelor's or higher,40,1.5,0.4091200411283014,7,3
0.0,Private/Medi-Gap,Less than high school,16,2.92,0.4161375360620306,14,1
0.0,Medicaid/CHIP/state,Some college/associate,45,1.81,1.7921217290328841,3,3
0.0,Single-service/IHS/uninsured,High school/GED,20,0.89,0.334451878933738,20,2
0.0,Private/Medi-Gap,Some college/associate,38,5.8,1.3746750945430695,3,4
0.0,Private/Medi-Gap,Bachelor's or higher,31,3.7,0.9194662446876947,12,1
0.0,Private/Medi-Gap,Some college/associate,20,4.17,3.8493125283833876,9,1
0.0,Medicaid/CHIP/state,High school/GED,35,0.77,0.5131078712538748,4,1
0.0,Single-service/IHS/uninsured,High school/GED,40,1.9,1.1527490825885067,15,1
0.0,Private/Medi-Gap,Bachelor's or higher,27,2.79,1.0218957879003745,12,4
0.0,Private/Medi-Gap,Bachelor's or higher,26,6.35,0.8942172368792347,4,4
0.0,Single-service/IHS/uninsured,Bachelor's or higher,35,1.9,0.5036665992681377,13,1
0.0,Medicare/military/other govt,Bachelor's or higher,38,4.44,0.37150409963070674,17,4
0.0,Medicaid/CHIP/state,Less than high school,17,1.28,0.7893985361068064,15,4
0.0,Medicaid/CHIP/state,Some college/associate,33,0.5,0.14098740780055327,4,3
0.0,Single-service/IHS/uninsured,Bachelor's or higher,35,4.44,0.22488793562401543,17,2
1.0,Private/Medi-Gap,Bachelor's or higher,49,2.13,0.2741097103396714,18,1
0.0,Private/Medi-Gap,Some college/associate,26,3.43,2.604656056054941,15,3
0.0,Medicaid/CHIP/state,Less than high school,42,0.57,4.615932760225349,8,1
0.0,Medicaid/CHIP/state,Bachelor's or higher,37,0.5,0.12841471800351664,16,4
1.0,Private/Medi-Gap,Some college/associate,32,6.86,1.6787623568442984,7,3
1.0,Private/Medi-Gap,Bachelor's or higher,42,4.17,0.35345485200000476,17,2
0.0,Private/Medi-Gap,Bachelor's or higher,47,5.37,2.553602807665267,2,3
0.0,Private/Medi-Gap,Bachelor's or higher,38,3.15,1.926001062906308,18,2
0.0,Single-service/IHS/uninsured,High school/GED,47,2.79,0.733223607688548,17,4
0.0,Private/Medi-Gap,Bachelor's or higher,30,0.97,1.7933133969204234,1,1
0.0,Private/Medi-Gap,Some college/associate,40,4.17,0.5717988040802104,20,4
0.0,Medicaid/CHIP/state,Some college/associate,32,0.5,0.28266306758116516,17,3
0.0,Private/Medi-Gap,Bachelor's or higher,44,6.35,0.2281446518081896,3,2
0.0,Private/Medi-Gap,Bachelor's or higher,46,3.76,1.1326586113272419,17,3
0.0,Private/Medi-Gap,High school/GED,18,2.92,0.7227587322281817,17,4
0.0,Private/Medi-Gap,Bachelor's or higher,31,7.0,0.16070044158024122,19,2
0.0,Private/Medi-Gap,High school/GED,20,6.21,5.201246819601842,6,2
0.0,Private/Medi-Gap,Bachelor's or higher,38,6.35,2.119665875664023,5,4
0.0,Medicaid/CHIP/state,Some college/associate,22,0.5,2.123644724080585,20,4
0.0,Private/Medi-Gap,Bachelor's or higher,27,7.0,0.7555340212319456,11,3
0.0,Medicaid/CHIP/state,Less than high school,27,1.25,1.013485631056888,19,1
0.0,Medicare/military/other govt,High school/GED,34,0.5,1.9212210400136127,4,2
0.0,Private/Medi-Gap,Bachelor's or higher,44,4.06,0.853704763473549,6,4
0.0,Private/Medi-Gap,Bachelor's or higher,42,4.43,0.28808177700173654,1,3
0.0,Single-service/IHS/uninsured,Less than high school,43,0.5,3.515493239577558,10,1
0.0,Private/Medi-Gap,Some college/associate,32,1.9,0.5748945353950791,17,2
0.0,Private/Medi-Gap,Less than high school,17,1.84,1.630593951098702,10,1
0.0,Private/Medi-Gap,Bachelor's or higher,40,4.51,0.9641272577426812,1,4
0.0,Private/Medi-Gap,Bachelor's or higher,27,6.35,0.3150444358493803,16,4
1.0,Medicaid/CHIP/state,Some college/associate,38,0.5,0.743817443655429,14,3
0.0,Private/Medi-Gap,Bachelor's or higher,33,5.8,2.3878629126151356,11,2
0.0,Private/Medi-Gap,Bachelor's or higher,30,6.35,0.273653494495498,4,3
0.0,Private/Medi-Gap,Some college/associate,40,4.17,2.0083452365599355,5,1
0.0,Medicaid/CHIP/state,Some college/associate,30,3.76,0.5568094777506964,13,3
0.0,Medicaid/CHIP/state,Some college/associate,24,2.9,0.16863497509010456,16,4
0.0,Private/Medi-Gap,Some college/associate,19,4.17,0.4627940197071157,3,3
0.0,Private/Medi-Gap,Bachelor's or higher,33,5.8,1.603720029518033,15,1
0.0,Private/Medi-Gap,Some college/associate,42,6.86,2.7746473000426857,18,3
0.0,Single-service/IHS/uninsured,High school/GED,32,5.37,0.43593202294538463,17,2
0.0,Private/Medi-Gap,Less than high school,43,1.25,1.8429071656371754,20,4
0.0,Private/Medi-Gap,Bachelor's or higher,47,4.17,2.553602807665267,12,1
0.0,Private/Medi-Gap,High school/GED,19,2.9,0.6816341720362321,7,1
0.0,Medicare/military/other govt,Some college/associate,33,5.37,1.1752842464645414,10,4
1.0,Private/Medi-Gap,Bachelor's or higher,37,4.17,0.6375653364566202,7,3
0.0,Private/Medi-Gap,Some college/associate,20,2.05,1.092531938870158,19,2
1.0,Private/Medi-Gap,Bachelor's or higher,43,7.0,0.406675128165318,3,4
0.0,Medicare/military/other govt,Some college/associate,32,1.48,0.3083464333767983,16,1
0.0,Medicare/military/other govt,Some college/associate,49,1.23,0.6356352411539472,20,1
0.0,Medicaid/CHIP/state,Bachelor's or higher,31,1.14,0.47931298865080507,1,1
1.0,Medicaid/CHIP/state,Some college/associate,22,1.4,3.43450329205349,16,2
0.0,Single-service/IHS/uninsured,Bachelor's or higher,32,1.78,0.7215774753464808,8,4
0.0,Private/Medi-Gap,Some college/associate,41,0.75,0.9880235094035751,19,4
0.0,Medicaid/CHIP/state,Some college/associate,21,0.92,0.3272767721132198,15,1
0.0,Private/Medi-Gap,Some college/associate,43,1.51,1.1656150746426575,10,3
0.0,Medicaid/CHIP/state,High school/GED,44,0.59,0.728075892653826,13,1
0.0,Private/Medi-Gap,Some college/associate,49,2.55,0.473112090555511,11,3
0.0,Private/Medi-Gap,Some college/associate,19,4.51,1.872511004792119,15,3
0.0,Single-service/IHS/uninsured,Some college/associate,30,0.75,0.24841283807814601,4,4
0.0,Private/Medi-Gap,Bachelor's or higher,45,6.35,0.29430588739484337,16,2
0.0,Private/Medi-Gap,Bachelor's or higher,37,4.79,0.5427119880803665,18,3
0.0,Private/Medi-Gap,Bachelor's or higher,35,0.5,1.9993241262773573,15,2
0.0,Private/Medi-Gap,Some college/associate,30,2.92,0.24184115208260035,20,2
0.0,Private/Medi-Gap,Bachelor's or higher,29,5.37,1.1860663146692962,20,2
1.0,Private/Medi-Gap,Bachelor's or higher,33,5.37,0.6927036900018394,4,4
0.0,Single-service/IHS/uninsured,High school/GED,34,1.48,3.0096197033426253,6,3
1.0,Private/Medi-Gap,Some college/associate,43,2.18,1.056962944093265,6,1
0.0,Medicaid/CHIP/state,Some college/associate,43,0.5,0.3128998182921288,4,3
0.0,Private/Medi-Gap,Bachelor's or higher,38,4.43,1.8018604171381218,4,4
0.0,Private/Medi-Gap,Bachelor's or higher,46,4.17,1.059445203245838,5,4
0.0,Medicaid/CHIP/state,Some college/associate,29,6.86,1.9475159094479875,2,2
0.0,Private/Medi-Gap,Bachelor's or higher,41,2.9,0.8314878529354017,13,3
0.0,Medicaid/CHIP/state,Some college/associate,38,2.25,2.4422359602884622,19,1
0.0,Single-service/IHS/uninsured,Some college/associate,28,4.43,0.4943785360065943,19,3
0.0,Single-service/IHS/uninsured,Some college/associate,29,1.65,0.5257104052634303,14,1
0.0,Medicaid/CHIP/state,Some college/associate,36,1.9,0.5642918869905063,20,2
0.0,Private/Medi-Gap,Bachelor's or higher,48,4.17,0.5081855887665571,5,2
0.0,Single-service/IHS/uninsured,Less than high school,39,0.97,1.5624558869324396,20,4
0.0,Single-service/IHS/uninsured,High school/GED,47,0.5,0.8886704379835684,14,3
0.0,Private/Medi-Gap,Bachelor's or higher,39,5.37,1.1897350431016886,19,3
0.0,Private/Medi-Gap,Bachelor's or higher,34,4.51,1.1180832486246797,7,3
0.0,Private/Medi-Gap,Some college/associate,21,1.25,0.7097702808343308,15,1
0.0,Private/Medi-Gap,High school/GED,41,3.9,0.4725890501647884,6,3
0.0,Private/Medi-Gap,Bachelor's or higher,29,0.5,0.3457963731324641,4,4
0.0,Medicaid/CHIP/state,Some college/associate,21,1.18,2.1492623097474026,18,1
0.0,Private/Medi-Gap,Bachelor's or higher,40,3.52,0.6517641792236682,16,3
0.0,Medicaid/CHIP/state,Bachelor's or higher,37,1.81,0.3973148871479512,16,2
0.0,Private/Medi-Gap,Bachelor's or higher,40,4.17,0.5425365262737906,16,4
0.0,Private/Medi-Gap,High school/GED,19,0.58,1.3073032160016147,12,4
0.0,Private/Medi-Gap,Some college/associate,20,3.15,2.44657534787889,2,4
0.0,Private/Medi-Gap,Some college/associate,32,2.31,0.3873189823836322,12,2
0.0,Private/Medi-Gap,Some college/associate,43,3.76,0.5056088582990941,10,1
0.0,Private/Medi-Gap,Bachelor's or higher,36,4.17,1.3673747972129597,15,2
0.0,Single-service/IHS/uninsured,Bachelor's or higher,39,1.2,0.8147846219724472,15,4
0.0,Private/Medi-Gap,Bachelor's or higher,37,3.11,0.3818083529465333,4,1
0.0,Private/Medi-Gap,Some college/associate,40,4.17,0.5350240667109035,1,1
0.0,Private/Medi-Gap,Bachelor's or higher,29,6.35,0.6475506677120205,19,4
0.0,Private/Medi-Gap,Some college/associate,34,6.35,0.3801625501487627,8,3
0.0,Private/Medi-Gap,Bachelor's or higher,28,4.51,1.1756035955800814,19,3
0.0,Private/Medi-Gap,Bachelor's or higher,43,3.76,0.1899056175932247,16,1
0.0,Single-service/IHS/uninsured,High school/GED,26,4.44,1.3068906922414065,17,4
1.0,Private/Medi-Gap,Bachelor's or higher,46,4.8,0.6435781777130077,5,1
1.0,Private/Medi-Gap,Bachelor's or higher,41,4.51,2.7746473000426857,10,3
0.0,Private/Medi-Gap,Some college/associate,30,3.8,0.700172848009953,20,1
0.0,Private/Medi-Gap,Bachelor's or higher,26,2.92,2.2017390225057283,1,1
0.0,Private/Medi-Gap,Bachelor's or higher,39,2.92,0.3568319001498365,4,3
0.0,Private/Medi-Gap,Bachelor's or higher,45,7.0,0.3902222248489752,2,3
0.0,Private/Medi-Gap,Bachelor's or higher,31,0.75,0.38598591012983824,4,4
0.0,Private/Medi-Gap,Bachelor's or higher,22,3.61,0.7954646844115317,15,2
0.0,Single-service/IHS/uninsured,High school/GED,40,0.5,0.40642971265883965,13,1
0.0,Private/Medi-Gap,Some college/associate,33,2.79,1.3634935706583955,1,1
0.0,Private/Medi-Gap,Bachelor's or higher,29,3.43,2.376727506806515,3,1
0.0,Private/Medi-Gap,Bachelor's or higher,30,4.17,1.4256665656722374,4,3
1.0,Private/Medi-Gap,Bachelor's or higher,44,5.75,0.35005232933057817,8,2
0.0,Private/Medi-Gap,Bachelor's or higher,29,6.35,0.46490543922680505,17,4
0.0,Single-service/IHS/uninsured,Less than high school,42,0.5,1.2161606894990293,17,2
0.0,Private/Medi-Gap,Bachelor's or higher,47,4.17,0.4694566846176337,8,3
0.0,Medicare/military/other govt,Some college/associate,21,3.7,1.2560128942532762,20,3
0.0,Private/Medi-Gap,Bachelor's or higher,41,4.17,0.49668587087998267,13,4
1.0,Single-service/IHS/uninsured,Some college/associate,39,1.4,0.2873190217573225,5,1
0.0,Private/Medi-Gap,Bachelor's or higher,34,3.76,0.8859418934857805,12,4
0.0,Private/Medi-Gap,High school/GED,20,3.43,0.997642961991692,6,1
0.0,Private/Medi-Gap,Bachelor's or higher,34,5.37,0.2098206532869432,7,2
0.0,Private/Medi-Gap,Some college/associate,48,3.76,0.4035846430909526,16,1
0.0,Private/Medi-Gap,Bachelor's or higher,48,6.35,0.3782168389709451,8,1
0.0,Single-service/IHS/uninsured,Less than high school,43,0.89,0.22834292204024353,16,4
0.0,Private/Medi-Gap,Some college/associate,32,3.43,0.686433845353028,1,1
0.0,Medicaid/CHIP/state,Some college/associate,31,0.81,2.579687507691338,10,2
1.0,Private/Medi-Gap,Some college/associate,37,4.51,1.6398320231201753,1,2
0.0,Medicaid/CHIP/state,Bachelor's or higher,35,6.35,0.23048327374254846,20,4
0.0,Private/Medi-Gap,Some college/associate,27,4.17,1.4119022916245685,12,4
0.0,Private/Medi-Gap,Bachelor's or higher,42,5.8,0.7341088533569667,14,2
0.0,Private/Medi-Gap,High school/GED,18,1.4,1.101713359187002,4,4
0.0,Single-service/IHS/uninsured,Some college/associate,39,0.57,0.3634505101770807,1,1
1.0,Private/Medi-Gap,High school/GED,37,3.43,0.96701653716811,16,4
0.0,Single-service/IHS/uninsured,Bachelor's or higher,32,0.5,0.3027925357055116,17,2
0.0,Medicaid/CHIP/state,High school/GED,41,0.5,1.7895045796513003,3,4
0.0,Private/Medi-Gap,Some college/associate,21,5.37,0.691010603056599,10,1
0.0,Medicaid/CHIP/state,High school/GED,28,1.9,0.5519577788490746,20,2
0.0,Private/Medi-Gap,High school/GED,39,3.52,0.9991617791426313,16,3
0.0,Private/Medi-Gap,Some college/associate,38,7.0,0.21378949829713645,3,2
0.0,Medicare/military/other govt,Some college/associate,22,3.76,1.8648585103614146,4,1
0.0,Medicare/military/other govt,High school/GED,34,0.5,1.3824073727682737,15,1
0.0,Private/Medi-Gap,Bachelor's or higher,28,4.17,0.6871343188319605,12,2
0.0,Private/Medi-Gap,Bachelor's or higher,47,7.0,0.5418272111364292,17,4
0.0,Single-service/IHS/uninsured,Less than high school,37,0.99,3.1301899656045813,15,4
0.0,Private/Medi-Gap,Bachelor's or higher,47,2.46,0.22004127759776534,11,2
0.0,Medicaid/CHIP/state,High school/GED,40,1.81,0.3791549178943166,1,1
0.0,Private/Medi-Gap,Bachelor's or higher,36,7.0,0.6486510519540402,2,3
0.0,Medicaid/CHIP/state,Less than high school,33,0.56,0.2645966021527506,16,4
0.0,Single-service/IHS/uninsured,Some college/associate,49,2.66,0.9594209068887223,8,1
0.0,Private/Medi-Gap,Some college/associate,47,3.76,0.6649712954334224,3,1
0.0,Private/Medi-Gap,Bachelor's or higher,34,3.43,0.7545854586981484,19,3
0.0,Medicaid/CHIP/state,Some college/associate,48,1.65,0.2249312675922095,16,1
0.0,Medicaid/CHIP/state,High school/GED,25,1.14,0.5975738105808837,16,4
0.0,Private/Medi-Gap,Bachelor's or higher,49,5.75,0.5503959484745155,7,2
0.0,Private/Medi-Gap,Bachelor's or higher,38,7.0,0.21457350626093288,17,4
0.0,Private/Medi-Gap,Some college/associate,28,6.86,1.2180098657219207,6,2
0.0,Private/Medi-Gap,Bachelor's or higher,29,5.75,0.41312464389774434,11,1
0.0,Private/Medi-Gap,Bachelor's or higher,30,5.75,0.4589065125575783,2,3
1.0,Private/Medi-Gap,High school/GED,35,2.79,1.915756649560823,19,2
0.0,Private/Medi-Gap,Bachelor's or higher,34,4.17,0.6529199583058956,1,3
0.0,Private/Medi-Gap,Bachelor's or higher,33,6.35,0.3987847988477514,8,3
0.0,Single-service/IHS/uninsured,Less than high school,29,0.68,3.140974864195558,8,1
0.0,Medicaid/CHIP/state,High school/GED,42,0.5,0.2267171970944009,15,4
0.0,Private/Medi-Gap,Bachelor's or higher,23,4.43,1.7481123637663771,19,4
0.0,Medicare/military/other govt,Some college/associate,19,0.68,0.7175854981718746,15,1
0.0,Private/Medi-Gap,High school/GED,41,6.86,3.782618415900742,20,3
0.0,Private/Medi-Gap,Bachelor's or higher,21,0.62,1.4683306737865411,3,4
0.0,Private/Medi-Gap,Some college/associate,28,4.51,3.072011847923532,11,3
0.0,Private/Medi-Gap,Some college/associate,49,6.35,0.6263057658459251,8,1
0.0,Private/Medi-Gap,Bachelor's or higher,48,3.76,1.7775963882074408,10,4
0.0,Medicare/military/other govt,Some college/associate,19,5.37,0.5361425784697154,20,2
1.0,Private/Medi-Gap,Bachelor's or higher,44,1.81,0.3735729635443959,4,3
0.0,Medicaid/CHIP/state,Some college/associate,44,0.75,1.1949240385404856,19,3
0.0,Medicaid/CHIP/state,Some college/associate,25,1.93,1.9003199303353473,15,4
0.0,Single-service/IHS/uninsured,Some college/associate,20,2.36,0.4470537365277108,3,1
0.0,Private/Medi-Gap,Some college/associate,48,1.9,0.43563255466542344,7,3
0.0,Private/Medi-Gap,Bachelor's or higher,38,3.8,1.0666737435391087,2,4
0.0,Private/Medi-Gap,Some college/associate,35,5.37,0.2600334499823168,3,2
0.0,Private/Medi-Gap,High school/GED,18,5.37,0.501417794128098,8,1
0.0,Private/Medi-Gap,Bachelor's or higher,43,4.51,0.7667345057971412,9,2
0.0,Private/Medi-Gap,Bachelor's or higher,47,6.86,0.4172468448539589,12,1
0.0,Private/Medi-Gap,Some college/associate,46,5.75,0.2019644473799849,3,1
0.0,Single-service/IHS/uninsured,High school/GED,24,0.5,0.5241901990838669,17,2
0.0,Private/Medi-Gap,Some college/associate,24,1.81,0.35276399579626827,7,1
0.0,Single-service/IHS/uninsured,Some college/associate,48,1.61,1.5661326995203695,3,3
0.0,Private/Medi-Gap,Some college/associate,31,1.84,0.5612511676645513,6,1
1.0,Medicaid/CHIP/state,Bachelor's or higher,48,6.35,1.4469203174710015,11,3
0.0,Private/Medi-Gap,Bachelor's or higher,38,4.51,1.0171478399849618,20,3
0.0,Medicaid/CHIP/state,Less than high school,32,0.5,0.4685180419278413,5,4
0.0,Private/Medi-Gap,Bachelor's or higher,24,5.8,3.214355144304884,12,4
0.0,Private/Medi-Gap,Bachelor's or higher,32,5.37,0.18697596658828802,8,3
0.0,Private/Medi-Gap,Bachelor's or higher,31,6.86,2.7143389749513984,15,3
0.0,Medicaid/CHIP/state,Less than high school,38,1.27,0.4828722708858181,15,4
0.0,Private/Medi-Gap,Some college/associate,34,5.8,1.6245912371386462,2,4
0.0,Medicaid/CHIP/state,Some college/associate,19,1.65,0.27739485994127266,15,2
0.0,Private/Medi-Gap,Bachelor's or higher,48,7.0,0.4231444616612321,15,2
0.0,Private/Medi-Gap,Some college/associate,28,2.43,1.0550219118860231,20,1
0.0,Single-service/IHS/uninsured,Less than high school,36,1.12,3.3170052563775876,7,1
0.0,Medicare/military/other govt,Bachelor's or higher,22,1.5,2.6852547147970216,17,4
0.0,Medicare/military/other govt,Bachelor's or higher,43,2.46,0.2550575990999641,4,3
0.0,Single-service/IHS/uninsured,Less than high school,49,2.29,0.35471799015862565,20,4
0.0,Private/Medi-Gap,Bachelor's or higher,40,4.17,0.8626139985849519,16,1
0.0,Private/Medi-Gap,Bachelor's or higher,34,3.7,1.0449745208532941,2,2
0.0,Private/Medi-Gap,Less than high school,17,5.8,1.015332400296079,1,4
0.0,Medicaid/CHIP/state,Bachelor's or higher,27,1.65,1.0023055063386448,9,1
0.0,Medicaid/CHIP/state,Bachelor's or higher,23,1.4,0.3128183055543048,2,3
0.0,Single-service/IHS/uninsured,Bachelor's or higher,41,3.61,0.5077072475316423,9,1
0.0,Private/Medi-Gap,Bachelor's or higher,35,4.17,0.7967704369157984,5,2
0.0,Medicaid/CHIP/state,High school/GED,21,0.7,0.5811567403864576,3,1
0.0,Private/Medi-Gap,Some college/associate,40,5.37,0.48479446876241067,13,4
1.0,Private/Medi-Gap,Bachelor's or higher,38,4.06,0.5045183907702859,12,4
0.0,Private/Medi-Gap,Bachelor's or higher,39,3.8,2.0865967268983105,5,3
0.0,Private/Medi-Gap,Bachelor's or higher,25,6.86,2.676842475230568,11,2
0.0,Single-service/IHS/uninsured,Some college/associate,24,0.5,2.3063474554734915,5,4
0.0,Medicaid/CHIP/state,Some college/associate,30,1.12,1.1057545252986258,2,1
0.0,Medicaid/CHIP/state,High school/GED,28,0.63,0.3282787374081782,15,1
0.0,Medicaid/CHIP/state,High school/GED,20,1.95,1.877584295055946,3,3
0.0,Private/Medi-Gap,Bachelor's or higher,40,3.76,1.2460034089276237,8,3
0.0,Private/Medi-Gap,High school/GED,18,6.35,0.9084056283128452,15,1
0.0,Medicaid/CHIP/state,High school/GED,18,1.35,2.8729098431070432,8,1
0.0,Private/Medi-Gap,Bachelor's or higher,44,2.97,2.7746473000426857,20,1
0.0,Medicaid/CHIP/state,High school/GED,33,2.47,0.579417992013728,5,1
1.0,Single-service/IHS/uninsured,Some college/associate,43,0.92,0.6183384541975142,20,4
0.0,Medicaid/CHIP/state,High school/GED,33,0.58,0.4008595005727908,18,1
0.0,Private/Medi-Gap,Bachelor's or higher,23,4.51,3.8493125283833876,3,4
0.0,Medicaid/CHIP/state,Less than high school,17,1.28,0.8237686562081716,2,2
0.0,Medicaid/CHIP/state,Less than high school,44,0.5,0.4622926547674127,9,4
0.0,Medicaid/CHIP/state,Some college/associate,37,1.14,0.77390568548473,2,2
1.0,Medicaid/CHIP/state,Bachelor's or higher,42,2.79,0.2746633344064715,13,4
0.0,Private/Medi-Gap,Some college/associate,21,2.36,0.34912894724543436,6,1
0.0,Single-service/IHS/uninsured,Bachelor's or higher,29,1.95,1.2349014824807056,18,4
0.0,Medicaid/CHIP/state,Some college/associate,25,0.5,0.6241243043677794,5,2
1.0,Single-service/IHS/uninsured,Bachelor's or higher,27,1.61,0.5911465942963972,10,1
0.0,Medicaid/CHIP/state,Less than high school,30,2.46,0.8595720057715538,11,2
0.0,Private/Medi-Gap,Bachelor's or higher,37,6.86,0.805572835942373,2,2
1.0,Private/Medi-Gap,Bachelor's or higher,37,4.17,0.531939094814441,1,3
0.0,Medicaid/CHIP/state,High school/GED,45,0.96,2.4746407465177924,6,2
0.0,Private/Medi-Gap,Some college/associate,25,3.76,0.3641121179135362,20,2
0.0,Single-service/IHS/uninsured,High school/GED,20,1.14,0.6372868234706786,5,4
0.0,Single-service/IHS/uninsured,Some college/associate,31,2.95,0.1473950709391591,4,1
0.0,Single-service/IHS/uninsured,Some college/associate,23,5.37,0.4968136460085226,5,3
1.0,Private/Medi-Gap,Bachelor's or higher,39,3.8,0.8261670861340549,1,4
0.0,Private/Medi-Gap,Bachelor's or higher,29,6.35,1.5544065950144061,2,3
0.0,Private/Medi-Gap,Bachelor's or higher,36,7.0,0.26352266424347226,3,3
0.0,Private/Medi-Gap,Bachelor's or higher,35,4.8,1.2983904900556904,9,2
0.0,Private/Medi-Gap,High school/GED,22,4.79,0.5464429311898128,11,3
0.0,Private/Medi-Gap,Some college/associate,34,1.65,0.17224788967778695,4,1
0.0,Private/Medi-Gap,Bachelor's or higher,39,3.15,0.7165506419552674,20,1
0.0,Private/Medi-Gap,Some college/associate,30,1.74,0.45903033215242117,6,3
0.0,Medicare/military/other govt,Some college/associate,23,0.77,2.358476521217474,2,1
0.0,Private/Medi-Gap,Bachelor's or higher,34,5.8,1.9173735119762811,20,3
0.0,Private/Medi-Gap,Less than high school,31,4.43,0.29497261300927724,20,4
1.0,Private/Medi-Gap,Bachelor's or higher,35,3.36,1.6902535161856087,12,1
0.0,Private/Medi-Gap,Bachelor's or higher,29,7.0,0.4369931855780899,2,3
0.0,Single-service/IHS/uninsured,Less than high school,46,0.64,0.5093090491914241,11,3
0.0,Medicaid/CHIP/state,Less than high school,21,1.4,1.714464441644059,2,1
1.0,Medicaid/CHIP/state,Some college/associate,39,1.06,0.7662968402759398,15,3
0.0,Medicare/military/other govt,High school/GED,49,0.5,0.8393184999404317,5,4
0.0,Private/Medi-Gap,Bachelor's or higher,41,4.17,0.7148850973440489,17,4
0.0,Medicare/military/other govt,Bachelor's or higher,44,2.25,0.8620472102032408,16,1
0.0,Private/Medi-Gap,Bachelor's or higher,37,4.44,0.18222023402989615,16,3
0.0,Medicaid/CHIP/state,Some college/associate,48,0.5,0.8653857122496824,15,4
0.0,Private/Medi-Gap,Bachelor's or higher,32,2.66,0.7093821645895464,3,3
1.0,Medicare/military/other govt,Some college/associate,42,2.9,1.4438577143471876,3,2
0.0,Private/Medi-Gap,Some college/associate,37,1.98,0.575338005108874,20,1
0.0,Medicaid/CHIP/state,High school/GED,37,0.75,0.893716278644489,6,4
0.0,Private/Medi-Gap,High school/GED,20,0.5,3.311463407117031,10,4
1.0,Private/Medi-Gap,Bachelor's or higher,41,2.95,0.15457449340914567,16,4
0.0,Private/Medi-Gap,Some college/associate,22,5.37,1.9664458589969858,9,1
0.0,Single-service/IHS/uninsured,Some college/associate,26,1.5,0.2795717418888008,5,1
0.0,Private/Medi-Gap,High school/GED,40,2.92,0.9937897403831296,20,2
0.0,Private/Medi-Gap,Some college/associate,26,3.76,1.757351496530435,10,4
0.0,Private/Medi-Gap,High school/GED,18,4.51,1.2184254278424766,1,2
0.0,Single-service/IHS/uninsured,Bachelor's or higher,32,1.25,0.41373573397360053,13,1
0.0,Private/Medi-Gap,Some college/associate,33,3.8,0.8352467936856658,20,1
0.0,Private/Medi-Gap,Some college/associate,28,3.19,1.2592995846524337,15,4
0.0,Private/Medi-Gap,Some college/associate,38,4.17,0.7772454159948256,8,3
0.0,Single-service/IHS/uninsured,Bachelor's or higher,39,0.75,2.710095248750025,5,2
0.0,Medicaid/CHIP/state,High school/GED,36,0.5,1.0471714976484854,19,4
0.0,Single-service/IHS/uninsured,High school/GED,22,1.25,1.4119037712971128,5,1
0.0,Medicaid/CHIP/state,Some college/associate,30,1.27,0.4703405223981258,18,1
1.0,Private/Medi-Gap,Bachelor's or higher,41,5.37,0.2179686113356224,12,2
0.0,Private/Medi-Gap,Bachelor's or higher,35,4.17,1.3155242908204767,18,1
0.0,Medicaid/CHIP/state,Some college/associate,42,0.59,0.1963968458537432,16,2
0.0,Single-service/IHS/uninsured,High school/GED,36,4.43,1.0808938208371208,11,4
0.0,Single-service/IHS/uninsured,High school/GED,41,0.5,0.519925143980475,16,2
0.0,Private/Medi-Gap,High school/GED,19,2.9,0.5369128094521703,17,4
0.0,Medicaid/CHIP/state,Some college/associate,38,4.17,0.3135095101706091,8,3
0.0,Medicaid/CHIP/state,High school/GED,37,0.57,0.3899261966399582,16,3
0.0,Private/Medi-Gap,Bachelor's or higher,36,2.79,0.2668685646526351,16,1
0.0,Private/Medi-Gap,High school/GED,41,2.46,0.7232118328584862,15,2
0.0,Private/Medi-Gap,Bachelor's or higher,31,4.17,2.579687507691338,15,1
0.0,Private/Medi-Gap,Bachelor's or higher,29,6.86,1.8000386808275861,8,4
0.0,Private/Medi-Gap,High school/GED,33,0.92,1.1359955464861833,17,2
0.0,Medicaid/CHIP/state,Some college/associate,22,2.05,2.6852547147970216,15,2
0.0,Private/Medi-Gap,Some college/associate,31,3.43,0.2467977478407767,18,1
1.0,Private/Medi-Gap,Bachelor's or higher,45,1.95,2.0733025742623092,19,4
1.0,Private/Medi-Gap,Bachelor's or higher,37,4.17,1.6173241351625616,11,1
0.0,Private/Medi-Gap,Bachelor's or higher,29,6.35,0.39792701068376474,13,3
0.0,Private/Medi-Gap,Bachelor's or higher,28,6.35,0.35156409518959564,17,4
0.0,Single-service/IHS/uninsured,Bachelor's or higher,27,2.9,0.6646469708164563,7,1
1.0,Private/Medi-Gap,Bachelor's or higher,40,4.17,0.6816602616076235,8,4
0.0,Single-service/IHS/uninsured,High school/GED,27,0.5,0.44759534229903036,13,1
0.0,Medicaid/CHIP/state,Bachelor's or higher,33,0.57,0.2512202975007519,3,1
0.0,Medicare/military/other govt,Less than high school,34,0.5,0.3521448025564866,13,3
0.0,Medicaid/CHIP/state,High school/GED,30,0.68,1.5407967555455901,9,4
1.0,Private/Medi-Gap,Bachelor's or higher,36,3.43,0.5750420073878203,4,4
0.0,Single-service/IHS/uninsured,Bachelor's or higher,28,0.74,1.6272197363913425,7,2
0.0,Private/Medi-Gap,Bachelor's or higher,42,3.76,0.6521218619959105,5,1
0.0,Medicaid/CHIP/state,Less than high school,40,0.5,0.3922972082708681,13,4
0.0,Medicaid/CHIP/state,Some college/associate,37,0.81,1.8763665648051002,6,1
0.0,Private/Medi-Gap,Bachelor's or higher,36,6.86,1.0561534260530072,8,4
1.0,Private/Medi-Gap,Bachelor's or higher,38,2.92,0.27460167447617184,16,4
0.0,Private/Medi-Gap,Bachelor's or higher,27,2.36,1.0012300057908,11,2
0.0,Private/Medi-Gap,Bachelor's or higher,25,4.44,1.197701880360373,18,1
0.0,Medicaid/CHIP/state,Less than high school,42,4.17,4.023768482635354,20,4
0.0,Private/Medi-Gap,Some college/associate,21,3.9,1.3799013486583291,17,1
0.0,Private/Medi-Gap,Some college/associate,38,2.97,1.1874972079631754,6,1
0.0,Private/Medi-Gap,Bachelor's or higher,30,6.86,1.2087480153253904,19,3
0.0,Single-service/IHS/uninsured,Bachelor's or higher,33,0.81,1.7618089351545214,14,4
0.0,Private/Medi-Gap,Bachelor's or higher,37,6.86,1.5396647344882637,12,2
0.0,Private/Medi-Gap,Bachelor's or higher,41,2.79,0.18232715390071644,9,1
0.0,Private/Medi-Gap,Bachelor's or higher,45,6.35,0.3405575845880869,8,3
1.0,Private/Medi-Gap,Bachelor's or higher,43,3.76,0.3232938477765044,16,1
0.0,Private/Medi-Gap,Some college/associate,32,2.05,0.7062022346889222,1,2
0.0,Medicaid/CHIP/state,High school/GED,22,0.7,0.32424132824850554,20,2
0.0,Private/Medi-Gap,Bachelor's or higher,44,4.44,0.4194037400407353,20,2
1.0,Medicaid/CHIP/state,Less than high school,38,0.75,0.37023258339469217,15,3
0.0,Private/Medi-Gap,Bachelor's or higher,22,2.36,1.1996003978855554,15,1
1.0,Private/Medi-Gap,Some college/associate,41,4.8,1.417720718891726,8,2
0.0,Single-service/IHS/uninsured,Some college/associate,33,2.92,0.40746151978095047,7,1
0.0,Private/Medi-Gap,Some college/associate,33,1.81,0.3732618713743663,20,2
0.0,Private/Medi-Gap,Less than high school,18,3.43,1.237632953524795,3,3
0.0,Private/Medi-Gap,Bachelor's or higher,31,6.35,2.437018558863951,2,3
0.0,Private/Medi-Gap,Bachelor's or higher,44,5.37,2.255091310806504,19,3
0.0,Single-service/IHS/uninsured,Some college/associate,49,0.5,0.41933762692969045,8,2
0.0,Private/Medi-Gap,Less than high school,42,0.5,0.9746083389345569,7,2
0.0,Medicaid/CHIP/state,Less than high school,35,0.5,0.4281938396713172,14,2
0.0,Single-service/IHS/uninsured,Some college/associate,30,0.92,0.17851012679706812,4,1
0.0,Medicare/military/other govt,Less than high school,44,0.92,0.29584447446182754,20,4
0.0,Medicaid/CHIP/state,High school/GED,22,2.13,0.5142234776365111,4,3
0.0,Private/Medi-Gap,Bachelor's or higher,27,6.86,1.1442274083787924,18,4
0.0,Private/Medi-Gap,Bachelor's or higher,47,4.43,0.5089753638006839,8,3
0.0,Private/Medi-Gap,Bachelor's or higher,25,2.79,0.694373378888865,9,1
0.0,Private/Medi-Gap,Some college/associate,22,2.36,3.176802469207261,8,3
0.0,Single-service/IHS/uninsured,High school/GED,37,0.58,0.7594269442811658,4,4
1.0,Private/Medi-Gap,Bachelor's or higher,43,4.17,0.821529577697465,5,4
0.0,Medicaid/CHIP/state,Less than high school,26,0.62,0.6422076909885135,5,2
0.0,Private/Medi-Gap,Bachelor's or higher,38,4.44,0.283008714316765,7,2
0.0,Medicaid/CHIP/state,High school/GED,21,0.64,2.755991036989055,12,3
0.0,Medicare/military/other govt,Less than high school,40,1.5,1.4748060898264501,20,4
0.0,Private/Medi-Gap,Bachelor's or higher,48,4.44,0.21483251060298417,16,3
0.0,Private/Medi-Gap,Bachelor's or higher,35,3.43,0.9282329631067114,8,3
0.0,Single-service/IHS/uninsured,High school/GED,29,1.48,0.33119255621506233,8,1
0.0,Medicaid/CHIP/state,Less than high school,28,2.25,0.8379933857159313,8,1
0.0,Private/Medi-Gap,Some college/associate,36,6.86,1.4111437719707656,10,2
0.0,Private/Medi-Gap,Bachelor's or higher,37,4.17,2.722268370904011,15,1
0.0,Private/Medi-Gap,Bachelor's or higher,25,2.46,0.8656971404581921,18,1
0.0,Private/Medi-Gap,Some college/associate,39,6.86,1.0171478399849618,20,3
0.0,Private/Medi-Gap,Less than high school,32,3.7,1.011248978165556,20,1
1.0,Private/Medi-Gap,Bachelor's or higher,39,6.35,0.7637990814602876,12,1
0.0,Single-service/IHS/uninsured,High school/GED,25,1.15,0.20553190165637586,4,3
0.0,Single-service/IHS/uninsured,Some college/associate,23,1.84,1.0570515283986246,8,2
0.0,Medicare/military/other govt,Less than high school,39,0.5,0.41523506812333744,19,1
0.0,Private/Medi-Gap,High school/GED,18,4.51,2.0213375188520937,1,2
0.0,Single-service/IHS/uninsured,High school/GED,36,1.48,0.3862087509767377,13,1
0.0,Private/Medi-Gap,High school/GED,25,2.66,2.247923203023477,6,2
0.0,Medicaid/CHIP/state,Some college/associate,29,1.9,1.5365117856151496,1,1
0.0,Private/Medi-Gap,Some college/associate,42,3.13,2.7746473000426857,6,3
0.0,Private/Medi-Gap,High school/GED,19,2.29,0.9001167569106592,7,1
1.0,Private/Medi-Gap,Bachelor's or higher,49,7.0,1.2083751907695592,19,3
0.0,Medicare/military/other govt,Less than high school,17,0.5,2.900898768392639,3,2
0.0,Private/Medi-Gap,Bachelor's or higher,26,5.37,0.919864535265253,4,1
0.0,Private/Medi-Gap,Bachelor's or higher,42,3.11,0.2574460845082096,20,2
1.0,Private/Medi-Gap,Bachelor's or higher,43,4.17,0.2672466886724555,4,1
0.0,Medicaid/CHIP/state,Some college/associate,39,0.89,0.2775793350781098,18,1
0.0,Medicaid/CHIP/state,High school/GED,31,5.8,0.7503833891923873,2,2
0.0,Medicaid/CHIP/state,Some college/associate,33,0.87,1.3160334808053011,2,4
1.0,Private/Medi-Gap,Bachelor's or higher,46,2.92,2.8834111924583534,18,1
0.0,Private/Medi-Gap,High school/GED,43,2.95,1.1235781359858472,19,1
1.0,Private/Medi-Gap,Bachelor's or higher,45,3.43,0.36745551122815595,19,3
0.0,Medicaid/CHIP/state,Some college/associate,29,0.5,0.3514823436915117,19,1
0.0,Private/Medi-Gap,Bachelor's or higher,36,5.37,0.8156673961031896,11,1
0.0,Private/Medi-Gap,Bachelor's or higher,48,4.51,3.3526384234718543,12,1
0.0,Medicare/military/other govt,Less than high school,32,1.4,0.6221916917582138,3,1
0.0,Private/Medi-Gap,Bachelor's or higher,22,5.37,0.44261986181934126,19,3
0.0,Private/Medi-Gap,Bachelor's or higher,37,3.76,1.264917582260135,1,3
0.0,Private/Medi-Gap,Bachelor's or higher,48,5.37,0.4311579809860189,19,4
0.0,Private/Medi-Gap,Bachelor's or higher,42,4.17,0.28622314951023636,16,2
1.0,Private/Medi-Gap,Bachelor's or higher,38,3.76,0.8001704232699445,19,1
0.0,Private/Medi-Gap,Bachelor's or higher,28,6.35,0.6977800116935432,1,3
0.0,Medicare/military/other govt,High school/GED,21,1.9,0.6146945589938905,20,4
0.0,Private/Medi-Gap,High school/GED,40,1.65,0.4637644494157503,7,1
0.0,Single-service/IHS/uninsured,Some college/associate,34,3.43,0.6567177659167769,19,3
0.0,Medicare/military/other govt,Bachelor's or higher,39,0.74,0.37846112858452124,11,4
0.0,Single-service/IHS/uninsured,Some college/associate,22,2.79,0.5868061118228295,19,3
0.0,Private/Medi-Gap,Some college/associate,45,6.86,2.3722944689890095,3,4
0.0,Private/Medi-Gap,Some college/associate,49,1.51,1.5106874207419074,14,3
0.0,Single-service/IHS/uninsured,High school/GED,19,0.82,1.1439378219260603,4,1
0.0,Private/Medi-Gap,Bachelor's or higher,49,3.52,0.326168229694764,6,1
0.0,Private/Medi-Gap,High school/GED,19,0.5,0.2673434699909966,4,3
0.0,Medicare/military/other govt,Bachelor's or higher,28,6.35,0.48902662109186507,20,4
0.0,Private/Medi-Gap,Bachelor's or higher,47,4.17,1.2975560471736889,9,1
0.0,Private/Medi-Gap,Bachelor's or higher,40,3.43,0.46056581779593553,10,1
0.0,Medicaid/CHIP/state,Some college/associate,34,0.5,1.513492656257678,1,1
0.0,Private/Medi-Gap,Bachelor's or higher,24,5.8,2.0145366315049036,2,4
0.0,Single-service/IHS/uninsured,High school/GED,35,2.36,0.286277919533554,16,1
0.0,Medicare/military/other govt,Bachelor's or higher,33,1.25,0.2667941702206179,13,4
0.0,Medicare/military/other govt,Bachelor's or higher,49,0.5,0.48349535093092977,11,2
0.0,Private/Medi-Gap,Bachelor's or higher,40,4.17,0.736298889481599,3,4
0.0,Private/Medi-Gap,Bachelor's or higher,31,3.61,0.18843053546284447,16,1
0.0,Single-service/IHS/uninsured,Less than high school,18,1.4,1.054352472246518,5,1
0.0,Private/Medi-Gap,Bachelor's or higher,41,3.52,0.8800327686277907,17,2
0.0,Private/Medi-Gap,High school/GED,18,1.14,0.923191255092937,13,4
0.0,Medicaid/CHIP/state,High school/GED,39,0.5,0.29602434651255494,19,1
0.0,Private/Medi-Gap,Bachelor's or higher,39,6.86,1.1097281303818496,19,3
0.0,Private/Medi-Gap,Some college/associate,33,4.06,0.8430208061308869,4,2
0.0,Private/Medi-Gap,Bachelor's or higher,46,5.37,1.119492562553076,6,1
0.0,Private/Medi-Gap,Bachelor's or higher,38,2.9,0.5663374030877587,4,1
1.0,Private/Medi-Gap,Some college/associate,30,0.92,0.4280934536915558,13,1
0.0,Medicare/military/other govt,Less than high school,18,0.5,0.1429962236952323,7,3
0.0,Private/Medi-Gap,Bachelor's or higher,31,4.8,1.4460538801178306,9,2
0.0,Private/Medi-Gap,Less than high school,15,5.8,0.8387600267966202,20,1
0.0,Medicaid/CHIP/state,Some college/associate,30,1.9,0.25691539201142377,18,1
0.0,Private/Medi-Gap,Bachelor's or higher,45,6.35,0.884390643552611,17,4
1.0,Medicaid/CHIP/state,Less than high school,16,1.32,1.1458860050142678,17,2
1.0,Private/Medi-Gap,Bachelor's or higher,37,6.86,1.7470452291454663,12,1
0.0,Private/Medi-Gap,Bachelor's or higher,35,3.52,0.252902259693826,7,2
0.0,Private/Medi-Gap,Some college/associate,31,1.68,0.3456312417510706,7,2
0.0,Medicare/military/other govt,Less than high school,17,2.36,0.43874658159086694,8,3
0.0,Private/Medi-Gap,High school/GED,22,6.86,3.6283550489512666,2,4
0.0,Private/Medi-Gap,Bachelor's or higher,46,6.86,1.74540989057702,15,3
0.0,Private/Medi-Gap,Bachelor's or higher,40,2.25,0.8477893114314002,5,2
0.0,Single-service/IHS/uninsured,Some college/associate,30,1.09,0.24697222322383733,3,1
0.0,Single-service/IHS/uninsured,Some college/associate,33,0.74,1.0150085883092432,17,2
0.0,Private/Medi-Gap,High school/GED,24,0.5,0.5244685228804423,4,3
0.0,Medicaid/CHIP/state,Some college/associate,23,4.44,1.149726786192054,13,3
0.0,Private/Medi-Gap,Bachelor's or higher,34,3.61,0.49467717984432186,11,1
0.0,Private/Medi-Gap,Bachelor's or higher,25,3.43,0.34586536761693587,4,4
0.0,Private/Medi-Gap,Bachelor's or higher,39,5.37,0.5269306771966309,6,1
0.0,Private/Medi-Gap,Bachelor's or higher,22,2.9,1.0540685271851284,2,3
0.0,Private/Medi-Gap,Some college/associate,45,3.52,0.6756962737715723,16,4
0.0,Private/Medi-Gap,Some college/associate,49,0.63,2.6485141070999094,15,2
0.0,Private/Medi-Gap,Bachelor's or higher,38,2.95,0.5199409985413366,3,1
1.0,Single-service/IHS/uninsured,Some college/associate,32,2.29,0.877609698613268,6,1
0.0,Private/Medi-Gap,Bachelor's or higher,38,2.95,0.1762174395637272,20,2
0.0,Private/Medi-Gap,Bachelor's or higher,31,3.52,0.32211552206275246,20,2
0.0,Private/Medi-Gap,High school/GED,42,2.46,0.6025787718028989,3,4
0.0,Single-service/IHS/uninsured,Some college/associate,26,5.37,0.9455255092545441,12,4
0.0,Private/Medi-Gap,Bachelor's or higher,33,3.43,0.3834584394894979,14,1
0.0,Single-service/IHS/uninsured,Less than high school,43,0.97,0.5950586276333324,15,2
0.0,Medicaid/CHIP/state,High school/GED,20,1.51,0.8618119057427863,15,4
0.0,Private/Medi-Gap,Bachelor's or higher,41,1.51,0.31696055499262454,8,2
0.0,Private/Medi-Gap,Some college/associate,38,5.75,0.36515267619924147,19,3
0.0,Medicaid/CHIP/state,Some college/associate,43,2.92,0.5809148380773097,1,1
0.0,Private/Medi-Gap,Some college/associate,38,2.95,0.880889025684772,13,4
0.0,Private/Medi-Gap,Bachelor's or higher,44,5.37,0.6322194366903184,10,4
0.0,Medicaid/CHIP/state,Less than high school,31,1.28,0.4506870283307941,14,3
0.0,Private/Medi-Gap,Bachelor's or higher,28,2.79,0.1711161910921695,20,2
0.0,Medicaid/CHIP/state,Some college/associate,38,1.06,0.15324999118019128,1,3
0.0,Private/Medi-Gap,Bachelor's or higher,30,5.8,0.4883157257238606,12,2
0.0,Private/Medi-Gap,Bachelor's or higher,32,6.35,0.7818782364411732,15,2
0.0,Private/Medi-Gap,Bachelor's or higher,32,6.35,0.5977167388235024,15,1
0.0,Single-service/IHS/uninsured,Less than high school,48,4.17,3.1015791291033694,15,3
0.0,Medicare/military/other govt,High school/GED,28,2.29,1.006606230122763,9,1
0.0,Private/Medi-Gap,Bachelor's or higher,30,6.86,0.7098632138861165,5,1
0.0,Medicaid/CHIP/state,High school/GED,30,1.81,0.9266879233256659,2,1
0.0,Private/Medi-Gap,Bachelor's or higher,46,5.37,0.21121340762964552,6,1
0.0,Single-service/IHS/uninsured,High school/GED,36,4.43,0.4710295512621772,7,1
0.0,Private/Medi-Gap,High school/GED,43,0.57,0.7376462928671472,17,2
0.0,Private/Medi-Gap,High school/GED,21,3.15,1.2564243401260793,19,2
0.0,Private/Medi-Gap,Less than high school,18,2.97,2.900898768392639,10,3
0.0,Private/Medi-Gap,Bachelor's or higher,35,4.17,1.9576160521114154,16,2
0.0,Private/Medi-Gap,Some college/associate,43,5.37,0.47867331965017645,6,1
0.0,Private/Medi-Gap,Some college/associate,25,1.93,0.5953259641344757,3,2
0.0,Private/Medi-Gap,Bachelor's or higher,46,4.79,1.4490845141149922,18,3
0.0,Medicaid/CHIP/state,High school/GED,27,3.13,0.5499974614769493,6,3
0.0,Private/Medi-Gap,Bachelor's or higher,30,6.35,0.9201600821520726,16,2
0.0,Single-service/IHS/uninsured,High school/GED,18,0.5,0.9763147248933627,16,2
0.0,Private/Medi-Gap,Bachelor's or higher,28,6.35,0.9364017931852171,9,1
0.0,Private/Medi-Gap,Bachelor's or higher,32,4.44,1.0351188737649153,17,4
0.0,Medicaid/CHIP/state,Some college/associate,41,0.74,1.06497094308405,12,3
0.0,Private/Medi-Gap,High school/GED,36,3.43,1.1349149680897888,5,3
0.0,Medicaid/CHIP/state,Less than high school,19,0.52,2.18356218528326,18,4
0.0,Private/Medi-Gap,Bachelor's or higher,37,2.97,1.312463345526254,20,1
0.0,Private/Medi-Gap,Less than high school,18,0.6,0.4648659028982221,15,1
0.0,Medicare/military/other govt,High school/GED,20,2.47,0.6607168490231023,20,1
0.0,Private/Medi-Gap,Some college/associate,30,6.35,0.5655253103427311,8,3
0.0,Single-service/IHS/uninsured,Some college/associate,31,3.76,0.3263588743579549,17,2
0.0,Medicare/military/other govt,Some college/associate,28,5.37,0.26106430049799145,19,1
0.0,Medicaid/CHIP/state,Less than high school,39,1.09,1.1860190911250394,15,2
0.0,Medicaid/CHIP/state,High school/GED,21,3.52,2.207633183662633,20,4
0.0,Medicaid/CHIP/state,Bachelor's or higher,21,0.5,0.7128275352214324,8,2
0.0,Private/Medi-Gap,Bachelor's or higher,40,4.51,0.7598724792749361,18,4
0.0,Medicaid/CHIP/state,Less than high school,16,0.5,0.3886279795078905,17,4
0.0,Private/Medi-Gap,Bachelor's or higher,38,4.17,0.689257732346211,11,4
0.0,Private/Medi-Gap,High school/GED,21,3.52,2.094942683843625,3,3
0.0,Medicaid/CHIP/state,Less than high school,38,0.74,0.4563384282975916,8,1
0.0,Medicaid/CHIP/state,Some college/associate,20,1.24,1.0866652511698223,6,1
0.0,Private/Medi-Gap,Bachelor's or higher,33,6.21,0.8137895037969624,18,4
0.0,Private/Medi-Gap,High school/GED,29,5.37,0.7174834669602379,19,4
0.0,Medicare/military/other govt,Bachelor's or higher,32,1.5,0.5772108545270765,16,1
0.0,Medicare/military/other govt,Some college/associate,48,0.5,1.6928995672618448,6,2
0.0,Single-service/IHS/uninsured,Some college/associate,44,1.14,0.30758142932828775,7,2
0.0,Single-service/IHS/uninsured,Some college/associate,36,1.81,0.5008702939675208,11,3
1.0,Private/Medi-Gap,Bachelor's or higher,30,4.8,1.5717148592354218,15,1
0.0,Medicaid/CHIP/state,Less than high school,15,2.9,0.6128914685700647,16,2
0.0,Private/Medi-Gap,Some college/associate,25,4.44,0.2627137286798522,20,2
0.0,Private/Medi-Gap,Bachelor's or higher,46,5.8,1.2890636183004618,19,4
0.0,Medicaid/CHIP/state,High school/GED,45,3.76,1.9558997952086146,15,2
0.0,Medicaid/CHIP/state,Some college/associate,37,2.36,1.5754988135332395,19,3
1.0,Private/Medi-Gap,Bachelor's or higher,39,5.37,0.9242102582395363,8,2
0.0,Medicaid/CHIP/state,Some college/associate,18,1.55,0.7879469609415221,17,3
1.0,Single-service/IHS/uninsured,High school/GED,26,2.55,1.4645671069164738,12,2
0.0,Private/Medi-Gap,Bachelor's or higher,25,6.35,1.6420823762138699,2,3
0.0,Private/Medi-Gap,Some college/associate,45,4.8,1.0638896259695236,14,2
0.0,Private/Medi-Gap,High school/GED,42,3.8,2.6177130235182307,2,4
0.0,Private/Medi-Gap,Some college/associate,21,2.36,1.0713520059592443,17,3
0.0,Medicaid/CHIP/state,High school/GED,23,0.5,0.2688458246853766,8,3
0.0,Private/Medi-Gap,High school/GED,44,6.86,2.357094214853788,17,1
0.0,Private/Medi-Gap,Bachelor's or higher,41,5.37,0.8088573839844059,4,1
0.0,Private/Medi-Gap,Bachelor's or higher,40,2.9,0.7290499724201837,1,3
0.0,Private/Medi-Gap,Some college/associate,25,3.02,0.8453106295828776,19,4
0.0,Private/Medi-Gap,Bachelor's or higher,46,6.86,1.3841380551738838,18,2
0.0,Private/Medi-Gap,Less than high school,18,0.59,0.8111679511782406,12,3
0.0,Single-service/IHS/uninsured,Some college/associate,36,2.46,0.7022052014322337,17,3
0.0,Private/Medi-Gap,Bachelor's or higher,40,4.17,2.292487741428579,4,1
1.0,Private/Medi-Gap,Bachelor's or higher,30,6.21,0.3231031565986703,19,1
0.0,Private/Medi-Gap,High school/GED,38,2.95,0.19113565387436315,3,1
0.0,Single-service/IHS/uninsured,Bachelor's or higher,30,3.11,2.0371130860719058,5,4
0.0,Private/Medi-Gap,Some college/associate,19,3.52,0.3274180262013967,20,4
0.0,Private/Medi-Gap,High school/GED,48,0.77,1.6526214411883786,5,1
0.0,Medicare/military/other govt,Bachelor's or higher,28,1.18,0.7072596722739508,10,4
0.0,Single-service/IHS/uninsured,Some college/associate,27,2.79,0.4171098196475506,6,1
0.0,Medicaid/CHIP/state,Some college/associate,30,0.5,2.0518014063056103,14,3
0.0,Single-service/IHS/uninsured,Less than high school,34,0.75,2.1419586319059642,11,2
1.0,Private/Medi-Gap,Bachelor's or higher,45,5.37,0.30619230350046883,7,1
0.0,Single-service/IHS/uninsured,High school/GED,35,1.23,0.876694267326776,17,1
0.0,Medicare/military/other govt,High school/GED,46,2.29,1.5914400936420283,6,1
0.0,Private/Medi-Gap,Some college/associate,34,0.5,0.9742302367557468,19,4
0.0,Private/Medi-Gap,Bachelor's or higher,40,5.75,0.4865815401841842,15,3
0.0,Private/Medi-Gap,Some college/associate,33,4.17,0.5884173733236301,8,1
0.0,Single-service/IHS/uninsured,Less than high school,36,0.5,0.17417531292292748,13,1
1.0,Private/Medi-Gap,Bachelor's or higher,39,4.17,0.5898728856105654,19,3
0.0,Private/Medi-Gap,Less than high school,18,3.13,2.3740980534072915,1,2
0.0,Single-service/IHS/uninsured,High school/GED,47,2.9,0.2709393951052487,1,1
0.0,Private/Medi-Gap,Less than high school,18,4.17,1.0853557648218406,10,4
0.0,Medicaid/CHIP/state,High school/GED,22,0.5,0.5841580893158741,4,4
0.0,Single-service/IHS/uninsured,Some college/associate,32,1.84,0.3431832147669014,17,4
0.0,Medicaid/CHIP/state,Bachelor's or higher,18,0.5,0.3808196785399863,8,2
0.0,Private/Medi-Gap,Some college/associate,19,2.9,0.5309546199943824,2,3
0.0,Private/Medi-Gap,Bachelor's or higher,40,5.75,0.15528155758067244,16,4
1.0,Private/Medi-Gap,Bachelor's or higher,36,5.8,0.742503485714656,19,3
0.0,Private/Medi-Gap,High school/GED,29,3.13,1.031233593578464,8,1
0.0,Private/Medi-Gap,Some college/associate,40,1.9,0.18253171166021423,7,3
0.0,Single-service/IHS/uninsured,High school/GED,23,0.5,0.26083642622998987,20,2
1.0,Private/Medi-Gap,Bachelor's or higher,41,6.86,1.5489142473229407,11,4
1.0,Private/Medi-Gap,Some college/associate,48,2.46,0.4638056132350465,18,1
0.0,Medicaid/CHIP/state,Some college/associate,27,0.61,0.7033320793416076,6,3
1.0,Private/Medi-Gap,Bachelor's or higher,33,4.8,2.3555845604912182,3,4
0.0,Single-service/IHS/uninsured,Some college/associate,33,2.05,2.262035259753198,9,4
0.0,Private/Medi-Gap,Bachelor's or higher,30,6.86,0.9205250051819749,1,2
0.0,Medicaid/CHIP/state,Some college/associate,41,1.93,0.5738434680798884,17,4
0.0,Private/Medi-Gap,Bachelor's or higher,28,5.37,0.5180620143336773,2,3
0.0,Medicaid/CHIP/state,Less than high school,31,1.61,0.16391928761420568,15,3
0.0,Private/Medi-Gap,Bachelor's or higher,32,4.06,0.9351560169898857,15,1
0.0,Private/Medi-Gap,Some college/associate,47,3.9,2.1474214234178937,11,2
0.0,Private/Medi-Gap,Bachelor's or higher,35,4.8,0.8816663099718017,8,2
0.0,Private/Medi-Gap,Bachelor's or higher,38,6.86,0.30662839453081486,4,2
0.0,Single-service/IHS/uninsured,Some college/associate,35,1.51,0.7041471997873772,18,3
0.0,Medicaid/CHIP/state,Some college/associate,25,1.15,0.18932292075628163,13,3
0.0,Private/Medi-Gap,Some college/associate,23,2.25,1.596723316268381,7,2
0.0,Private/Medi-Gap,Bachelor's or higher,23,2.06,1.2467669110153234,12,3
0.0,Private/Medi-Gap,Bachelor's or higher,47,7.0,0.474469570697442,1,3
1.0,Private/Medi-Gap,Some college/associate,38,3.15,2.710095248750025,2,2
0.0,Private/Medi-Gap,Some college/associate,32,4.06,2.0037693234996694,10,2
0.0,Private/Medi-Gap,Bachelor's or higher,32,6.35,0.9515460746997833,15,4
0.0,Private/Medi-Gap,Some college/associate,30,2.95,0.6600898708421704,11,3
0.0,Private/Medi-Gap,Some college/associate,44,6.86,1.1774967989563634,11,4
0.0,Private/Medi-Gap,Bachelor's or higher,49,4.44,0.8648711179192935,16,2
0.0,Private/Medi-Gap,Less than high school,22,1.95,1.0714054806541085,9,4
0.0,Private/Medi-Gap,Bachelor's or higher,41,2.74,0.8157487982196506,5,2
0.0,Single-service/IHS/uninsured,High school/GED,29,2.09,1.4359120822496447,7,2
0.0,Private/Medi-Gap,Bachelor's or higher,31,1.81,0.16484174253727873,8,3
0.0,Private/Medi-Gap,Bachelor's or higher,37,2.66,1.0408998567442937,6,4
0.0,Private/Medi-Gap,Bachelor's or higher,45,3.19,0.3165591470394591,4,2
0.0,Private/Medi-Gap,Bachelor's or higher,25,0.5,0.4532931761047478,16,1
0.0,Private/Medi-Gap,Some college/associate,31,1.9,0.1471560344240144,8,3
0.0,Private/Medi-Gap,Some college/associate,49,2.25,0.18300844679816994,8,1
0.0,Medicaid/CHIP/state,Some college/associate,47,2.13,0.152679631383303,16,4
0.0,Medicare/military/other govt,High school/GED,19,0.57,0.49911086856866127,13,1
0.0,Private/Medi-Gap,Some college/associate,39,2.92,2.1301413080102867,10,4
0.0,Single-service/IHS/uninsured,Some college/associate,39,0.5,0.2903893583878253,4,4
0.0,Single-service/IHS/uninsured,Bachelor's or higher,42,1.4,0.7232766109098198,11,1
0.0,Private/Medi-Gap,Bachelor's or higher,36,3.52,0.26577454590972077,6,1
0.0,Private/Medi-Gap,High school/GED,20,0.97,2.0258613086766,3,2
1.0,Private/Medi-Gap,Bachelor's or higher,34,5.37,0.6140458367826576,3,3
0.0,Private/Medi-Gap,Bachelor's or higher,33,7.0,0.3377581653408271,2,3
0.0,Private/Medi-Gap,Bachelor's or higher,47,4.43,0.18707862619486412,7,1
0.0,Single-service/IHS/uninsured,Less than high school,35,2.29,1.3268052047199317,20,2
0.0,Private/Medi-Gap,Bachelor's or higher,33,6.35,1.433762595861567,3,3
0.0,Private/Medi-Gap,Some college/associate,21,3.61,0.6057823804149937,13,4
0.0,Medicaid/CHIP/state,Some college/associate,20,1.93,1.3688030688401698,19,4
0.0,Medicaid/CHIP/state,Some college/associate,40,0.5,0.49671641519751586,9,1
0.0,Private/Medi-Gap,Bachelor's or higher,34,1.81,0.7058104109885377,17,4
0.0,Private/Medi-Gap,Bachelor's or higher,38,4.51,1.0138965946384384,12,4
0.0,Private/Medi-Gap,Some college/associate,37,3.61,0.28804814490204717,1,1
0.0,Private/Medi-Gap,Bachelor's or higher,34,3.43,0.24051489504400544,16,2
0.0,Private/Medi-Gap,High school/GED,18,2.9,0.45397744444851235,3,3
0.0,Private/Medi-Gap,Bachelor's or higher,34,5.37,1.7693024247935922,16,2
1.0,Medicaid/CHIP/state,Less than high school,37,7.0,0.2450686043691553,16,2
0.0,Private/Medi-Gap,Some college/associate,19,3.8,2.43531941025564,20,3
0.0,Private/Medi-Gap,Bachelor's or higher,33,1.9,0.3589726785345417,13,3
0.0,Private/Medi-Gap,Bachelor's or higher,34,5.37,0.5362862055501225,15,2
0.0,Medicare/military/other govt,Some college/associate,30,0.75,0.6084884163725752,2,1
0.0,Medicare/military/other govt,Some college/associate,35,2.18,1.3169144584570351,20,4
0.0,Private/Medi-Gap,Bachelor's or higher,40,5.75,0.36391752681085726,4,1
0.0,Private/Medi-Gap,Some college/associate,49,2.29,0.5556987599527011,16,2
0.0,Medicare/military/other govt,Bachelor's or higher,48,6.35,0.32097774519104294,12,2
0.0,Private/Medi-Gap,High school/GED,28,2.9,0.6945344904807562,8,2
0.0,Medicaid/CHIP/state,High school/GED,29,2.25,0.4506989409992724,1,1
0.0,Private/Medi-Gap,Bachelor's or higher,34,6.35,0.7861593435690324,15,2
0.0,Private/Medi-Gap,Bachelor's or higher,43,3.11,0.6593870717056207,6,1
0.0,Private/Medi-Gap,Bachelor's or higher,44,4.44,0.2508393150666554,3,3
0.0,Single-service/IHS/uninsured,Less than high school,42,1.61,0.5337500753591631,19,1
0.0,Private/Medi-Gap,Bachelor's or higher,39,3.8,1.53283481276042,12,4
0.0,Private/Medi-Gap,Bachelor's or higher,34,1.95,1.070388757768624,6,4
0.0,Medicare/military/other govt,High school/GED,44,4.8,0.640819852363994,7,3
0.0,Single-service/IHS/uninsured,Less than high school,27,0.5,0.544761062026025,5,1
0.0,Medicaid/CHIP/state,High school/GED,18,3.76,0.6536665345796286,2,3
0.0,Medicaid/CHIP/state,Less than high school,43,0.92,0.5119828982085914,15,3
0.0,Private/Medi-Gap,Some college/associate,30,6.35,0.9972159210411571,15,2
0.0,Private/Medi-Gap,Bachelor's or higher,31,3.7,1.0133557553151342,8,1
0.0,Medicare/military/other govt,Some college/associate,22,2.18,3.083178783802317,19,2
0.0,Private/Medi-Gap,Bachelor's or higher,44,3.61,0.16944665553947252,7,2
0.0,Medicaid/CHIP/state,Some college/associate,28,0.5,0.6054027827605876,1,3
0.0,Medicaid/CHIP/state,High school/GED,41,0.5,0.5983548108959237,1,1
0.0,Private/Medi-Gap,High school/GED,45,0.7,0.8359858793128183,16,3
0.0,Medicaid/CHIP/state,Less than high school,35,0.71,3.664211059948684,15,1
0.0,Single-service/IHS/uninsured,High school/GED,30,0.97,0.27508807191311274,16,2
0.0,Single-service/IHS/uninsured,High school/GED,29,1.04,2.953000093071769,10,2
0.0,Single-service/IHS/uninsured,High school/GED,49,0.7,0.3556228796168453,16,4
0.0,Private/Medi-Gap,Some college/associate,23,2.46,0.43232077408881936,4,4
0.0,Private/Medi-Gap,High school/GED,24,1.48,0.5180598962029294,20,2
0.0,Private/Medi-Gap,Bachelor's or higher,30,2.66,1.7159308552786963,6,2
0.0,Medicaid/CHIP/state,Some college/associate,37,1.55,0.620057780768596,16,4
0.0,Private/Medi-Gap,Some college/associate,19,2.43,2.1062343058015673,18,3
0.0,Single-service/IHS/uninsured,Less than high school,46,0.75,0.7109911606632289,15,3
0.0,Private/Medi-Gap,Some college/associate,46,6.35,0.21494686379705075,16,3
0.0,Private/Medi-Gap,High school/GED,18,5.37,0.7227323829500323,4,3
0.0,Medicaid/CHIP/state,Less than high school,18,1.48,0.8123344758139325,3,1
0.0,Private/Medi-Gap,Bachelor's or higher,32,3.76,0.3207208424312606,17,3
1.0,Private/Medi-Gap,Bachelor's or higher,41,4.8,1.4421095501881733,5,2
0.0,Private/Medi-Gap,Some college/associate,40,6.86,1.1126029790864804,20,3
0.0,Medicare/military/other govt,Bachelor's or higher,49,6.35,0.6824849666043448,17,2
0.0,Private/Medi-Gap,Some college/associate,23,0.74,0.24721089082717237,13,4
0.0,Medicaid/CHIP/state,Less than high school,16,2.36,3.290638846825624,17,4
0.0,Private/Medi-Gap,High school/GED,41,0.5,2.196765924336107,10,3
0.0,Private/Medi-Gap,Bachelor's or higher,24,3.43,0.6272748123402658,16,3
1.0,Private/Medi-Gap,Some college/associate,30,2.25,2.108343132129898,10,4
0.0,Medicare/military/other govt,High school/GED,21,0.9,0.23498107626824463,19,4
0.0,Single-service/IHS/uninsured,Some college/associate,23,1.23,1.7144154983997721,2,4
0.0,Private/Medi-Gap,Bachelor's or higher,33,7.0,0.9184671794763803,8,4
1.0,Private/Medi-Gap,Some college/associate,23,0.5,0.4146094100190347,7,2
0.0,Private/Medi-Gap,Bachelor's or higher,38,7.0,0.3473531421324096,8,3
0.0,Private/Medi-Gap,Bachelor's or higher,26,2.95,1.3430720329149795,12,4
0.0,Private/Medi-Gap,Some college/associate,19,5.37,0.5384374366845766,7,4
0.0,Medicare/military/other govt,Less than high school,17,5.37,0.46356671492206286,6,1
0.0,Medicaid/CHIP/state,High school/GED,29,0.5,0.3635268453282257,16,4
0.0,Private/Medi-Gap,Bachelor's or higher,32,5.37,0.4076289263545554,14,1
0.0,Single-service/IHS/uninsured,Less than high school,28,0.5,0.5879258003126632,4,4
0.0,Private/Medi-Gap,Bachelor's or higher,27,6.35,0.8152095265292735,3,4
0.0,Private/Medi-Gap,Some college/associate,20,4.17,0.5822361341503044,8,4
0.0,Medicaid/CHIP/state,Less than high school,20,1.06,1.6932625149102647,20,4
0.0,Medicaid/CHIP/state,Some college/associate,33,0.5,0.2377226125145988,1,1
0.0,Private/Medi-Gap,Bachelor's or higher,49,5.37,3.3526384234718543,2,1
0.0,Private/Medi-Gap,Some college/associate,49,6.35,0.4095060944784769,13,3
0.0,Single-service/IHS/uninsured,High school/GED,27,0.5,0.21043619005832992,16,1
0.0,Private/Medi-Gap,Some college/associate,24,6.35,1.4041936971051956,2,1
0.0,Medicaid/CHIP/state,High school/GED,42,0.62,0.6858877367555268,17,1
0.0,Medicare/military/other govt,High school/GED,18,1.15,0.9703575393766238,17,2
0.0,Single-service/IHS/uninsured,Less than high school,42,1.65,1.3213039387401442,8,3
0.0,Private/Medi-Gap,Some college/associate,49,3.19,1.1430978069774247,10,2
0.0,Private/Medi-Gap,Some college/associate,37,1.93,0.18205244229417358,16,4
0.0,Private/Medi-Gap,Some college/associate,39,1.15,0.7747559187463309,10,1
0.0,Medicaid/CHIP/state,High school/GED,49,1.6,2.521893547292412,11,2
0.0,Medicaid/CHIP/state,High school/GED,19,2.55,1.985998556876092,5,1
0.0,Medicaid/CHIP/state,High school/GED,23,0.5,0.40469273788051036,17,4
0.0,Private/Medi-Gap,Bachelor's or higher,27,3.61,1.1239600659321711,15,2
0.0,Medicaid/CHIP/state,High school/GED,39,1.37,0.632629929162021,6,3
0.0,Medicare/military/other govt,Bachelor's or higher,36,1.48,0.18302485946020738,20,4
1.0,Medicaid/CHIP/state,Less than high school,19,0.5,0.4604989916839897,7,2
0.0,Single-service/IHS/uninsured,Bachelor's or higher,36,2.55,1.6217654285838088,5,4
0.0,Private/Medi-Gap,Bachelor's or higher,47,3.11,1.1279183845444303,4,3
0.0,Medicaid/CHIP/state,Bachelor's or higher,22,1.9,2.911666788280634,20,2
0.0,Private/Medi-Gap,Bachelor's or higher,47,5.8,2.4124509935601384,2,2
0.0,Private/Medi-Gap,Bachelor's or higher,32,6.35,0.36122342819538683,8,3
0.0,Private/Medi-Gap,High school/GED,49,4.8,4.139708993373817,10,3
0.0,Medicaid/CHIP/state,Some college/associate,32,3.02,1.0113757864753101,5,1
0.0,Medicaid/CHIP/state,Less than high school,43,0.74,0.3532535615960213,14,1
1.0,Private/Medi-Gap,Bachelor's or higher,47,2.92,3.3526384234718543,14,1
1.0,Private/Medi-Gap,Some college/associate,48,4.44,0.33532752901888585,2,1
0.0,Medicaid/CHIP/state,High school/GED,23,0.68,2.9919704532427103,2,2
0.0,Private/Medi-Gap,Bachelor's or higher,30,6.35,0.5845348399610368,11,2
0.0,Private/Medi-Gap,Some college/associate,29,3.11,0.26186377331342736,20,2
0.0,Private/Medi-Gap,High school/GED,43,1.4,3.644771439614463,15,2
0.0,Private/Medi-Gap,Bachelor's or higher,45,2.06,3.3526384234718543,9,4
0.0,Medicaid/CHIP/state,Some college/associate,44,0.8,0.7214708947194766,14,3
0.0,Medicare/military/other govt,Some college/associate,32,0.5,0.9104416942596293,9,4
0.0,Single-service/IHS/uninsured,High school/GED,29,2.46,0.6450475717137741,17,2
0.0,Private/Medi-Gap,Bachelor's or higher,39,4.51,1.830851140370321,7,4
0.0,Single-service/IHS/uninsured,High school/GED,29,1.65,0.5342830780086854,7,3
0.0,Private/Medi-Gap,Bachelor's or higher,47,4.8,3.3526384234718543,9,4
0.0,Private/Medi-Gap,Bachelor's or higher,40,6.35,0.5623863303238615,13,4
0.0,Private/Medi-Gap,Bachelor's or higher,33,4.17,0.40825156868494766,17,4
0.0,Private/Medi-Gap,Bachelor's or higher,33,4.8,0.8228624562893311,20,1
1.0,Private/Medi-Gap,Some college/associate,42,3.19,0.3194328816289341,10,3
0.0,Private/Medi-Gap,High school/GED,30,3.76,0.6809050457607142,1,1
0.0,Private/Medi-Gap,Bachelor's or higher,32,3.61,0.2749151368803521,15,3
0.0,Private/Medi-Gap,Bachelor's or higher,23,3.36,2.7644185168099997,6,3
0.0,Medicare/military/other govt,Bachelor's or higher,34,1.35,0.6046002106834201,20,1
0.0,Private/Medi-Gap,Bachelor's or higher,26,4.43,0.4733811006147546,19,4
1.0,Private/Medi-Gap,Bachelor's or higher,32,5.37,0.707032912195648,13,4
0.0,Private/Medi-Gap,Less than high school,42,1.93,0.491454664893332,15,1
0.0,Medicaid/CHIP/state,Bachelor's or higher,27,2.79,1.184952474575876,18,1
0.0,Private/Medi-Gap,Some college/associate,47,4.44,2.8434083861107555,17,3
0.0,Private/Medi-Gap,Bachelor's or higher,31,3.61,0.2497965767052208,12,4
1.0,Private/Medi-Gap,Bachelor's or higher,28,6.86,1.1804221190305786,18,3
0.0,Single-service/IHS/uninsured,Some college/associate,36,0.5,2.711790851362219,16,3
0.0,Private/Medi-Gap,Bachelor's or higher,35,4.17,0.40378344861411686,7,4
1.0,Private/Medi-Gap,Bachelor's or higher,48,4.17,1.5971439592191945,2,3
0.0,Medicaid/CHIP/state,Bachelor's or higher,41,3.52,2.5062823064674036,7,2
0.0,Private/Medi-Gap,High school/GED,19,5.8,1.08872289871837,10,2
0.0,Private/Medi-Gap,Some college/associate,39,7.0,0.22095253538771287,20,4
0.0,Medicaid/CHIP/state,High school/GED,29,0.53,2.1305192104146675,6,3
0.0,Private/Medi-Gap,High school/GED,42,5.8,0.46766029178063034,20,1
0.0,Private/Medi-Gap,Bachelor's or higher,27,3.76,0.3541831022497423,8,3
0.0,Medicaid/CHIP/state,High school/GED,30,0.5,1.4534794136522053,2,1
0.0,Medicaid/CHIP/state,Some college/associate,32,0.5,0.39584322265116334,16,4
0.0,Private/Medi-Gap,Bachelor's or higher,44,4.44,0.20165993665925516,12,4
0.0,Single-service/IHS/uninsured,Bachelor's or higher,35,3.36,3.3500273552835282,12,1
0.0,Medicaid/CHIP/state,Some college/associate,22,0.5,0.24389355793774928,16,3
0.0,Private/Medi-Gap,High school/GED,42,0.5,0.6613611670281423,6,1
0.0,Private/Medi-Gap,Bachelor's or higher,35,3.11,0.7752606056068028,12,2
0.0,Private/Medi-Gap,High school/GED,29,1.74,2.281628101856585,14,2
0.0,Medicare/military/other govt,Some college/associate,40,1.09,0.5466670344918362,16,1
0.0,Private/Medi-Gap,Some college/associate,47,2.95,0.4579167294029494,19,4
1.0,Medicaid/CHIP/state,Some college/associate,39,0.5,0.5307164808242296,11,2
1.0,Private/Medi-Gap,Some college/associate,42,3.8,0.8138969824398427,18,4
0.0,Private/Medi-Gap,Bachelor's or higher,22,5.37,0.9102950948637042,7,1
0.0,Single-service/IHS/uninsured,Less than high school,17,6.35,1.6490057491397894,17,2
0.0,Private/Medi-Gap,Bachelor's or higher,33,5.37,0.4961803072483035,15,3
0.0,Private/Medi-Gap,Some college/associate,18,4.17,0.48803842510035017,8,4
0.0,Medicaid/CHIP/state,Less than high school,40,0.93,2.2212028222547184,20,2
0.0,Single-service/IHS/uninsured,High school/GED,36,0.59,0.40808306387378135,3,2
0.0,Private/Medi-Gap,High school/GED,47,1.61,0.39419533407417556,4,3
0.0,Private/Medi-Gap,Some college/associate,43,5.37,0.5509430197909542,8,1
1.0,Private/Medi-Gap,Some college/associate,40,5.37,0.8252936149319533,8,1
0.0,Medicare/military/other govt,High school/GED,18,5.8,0.6661694875960124,13,2
0.0,Private/Medi-Gap,High school/GED,39,1.61,1.1155581788555387,3,1
1.0,Private/Medi-Gap,Bachelor's or higher,38,4.17,0.651229233171481,6,1
0.0,Private/Medi-Gap,Bachelor's or higher,27,4.44,0.36105562073115516,16,3
0.0,Private/Medi-Gap,High school/GED,33,2.25,1.0151747983980113,3,3
0.0,Medicare/military/other govt,High school/GED,18,1.14,0.3943011402770961,16,1
0.0,Private/Medi-Gap,Bachelor's or higher,34,4.17,0.2743053846968296,4,1
0.0,Private/Medi-Gap,High school/GED,29,4.17,1.3565050735048556,20,4
0.0,Medicaid/CHIP/state,Some college/associate,39,1.35,1.7147360193265158,6,3
0.0,Medicaid/CHIP/state,High school/GED,22,5.8,0.8797793897994873,11,3
0.0,Private/Medi-Gap,Some college/associate,35,4.8,2.4548325296895395,18,4
0.0,Private/Medi-Gap,Bachelor's or higher,39,5.75,0.224865246541396,20,4
0.0,Private/Medi-Gap,Bachelor's or higher,38,6.86,0.7519908063026528,7,2
0.0,Private/Medi-Gap,Bachelor's or higher,37,3.11,0.2975246095388447,8,3
0.0,Private/Medi-Gap,Bachelor's or higher,33,6.86,0.5608289488065712,8,4
0.0,Private/Medi-Gap,Bachelor's or higher,38,3.61,0.3122494085833112,18,1
0.0,Private/Medi-Gap,Some college/associate,36,2.46,0.17608042524055276,13,3
0.0,Single-service/IHS/uninsured,High school/GED,49,0.5,0.2744796286993573,5,4
1.0,Private/Medi-Gap,Some college/associate,35,3.19,0.3195138836001952,6,4
0.0,Private/Medi-Gap,Bachelor's or higher,25,3.19,1.1524886766201154,8,4
0.0,Medicaid/CHIP/state,Bachelor's or higher,30,6.35,0.610746993985707,2,3
0.0,Single-service/IHS/uninsured,Less than high school,32,0.5,0.6070462922522714,19,1
0.0,Private/Medi-Gap,Bachelor's or higher,34,1.27,0.4277060580510275,14,1
0.0,Private/Medi-Gap,Bachelor's or higher,43,0.96,3.017144901954335,19,4
0.0,Medicaid/CHIP/state,High school/GED,29,1.9,0.3128614323064528,17,4
0.0,Private/Medi-Gap,Bachelor's or higher,34,7.0,0.9348928275971718,19,3
0.0,Single-service/IHS/uninsured,Some college/associate,37,0.59,0.9556358493589824,17,2
0.0,Private/Medi-Gap,Bachelor's or higher,33,6.35,0.7506809345689255,3,4
1.0,Private/Medi-Gap,Some college/associate,39,3.8,2.710095248750025,1,2
0.0,Medicaid/CHIP/state,High school/GED,36,1.84,0.3386034820642755,18,1
0.0,Private/Medi-Gap,Bachelor's or higher,35,1.14,1.8322246432414393,3,2
0.0,Medicaid/CHIP/state,Some college/associate,24,0.5,0.20285533801779562,18,1
0.0,Private/Medi-Gap,Some college/associate,40,3.61,0.4925605521754476,5,3
0.0,Private/Medi-Gap,Bachelor's or higher,48,6.35,3.080628697503914,10,1
0.0,Private/Medi-Gap,Some college/associate,44,1.4,0.2869654420387755,13,1
0.0,Private/Medi-Gap,Bachelor's or higher,45,6.35,0.2926025314476033,14,1
0.0,Private/Medi-Gap,Some college/associate,49,4.06,2.392212034736422,14,4
0.0,Private/Medi-Gap,Bachelor's or higher,38,3.52,0.27910457251703713,17,4
0.0,Private/Medi-Gap,Bachelor's or higher,41,4.17,0.9762981041081139,2,3
0.0,Private/Medi-Gap,High school/GED,41,1.4,0.6364351620455374,19,1
0.0,Medicaid/CHIP/state,Some college/associate,34,1.17,1.9690867599182555,10,3
0.0,Private/Medi-Gap,Bachelor's or higher,29,6.86,1.2974484790795715,18,4
0.0,Single-service/IHS/uninsured,Some college/associate,42,2.29,0.2923616359866698,4,4
0.0,Medicare/military/other govt,Less than high school,45,0.5,1.1243636468049667,19,3
0.0,Private/Medi-Gap,Bachelor's or higher,36,5.37,0.35823801977456227,12,1
0.0,Private/Medi-Gap,Some college/associate,19,3.15,0.8211592697030995,2,2
0.0,Private/Medi-Gap,Bachelor's or higher,35,2.66,1.4509482701440766,7,4
0.0,Private/Medi-Gap,Bachelor's or higher,40,5.75,0.10418472869745168,16,4
0.0,Private/Medi-Gap,Bachelor's or higher,30,5.37,0.7545854586981484,19,3
0.0,Medicaid/CHIP/state,High school/GED,21,3.43,0.3770314579399656,4,3
0.0,Private/Medi-Gap,Some college/associate,24,0.62,0.8721308535860169,3,4
0.0,Medicaid/CHIP/state,Bachelor's or higher,45,0.74,0.5434670054946151,4,4
1.0,Private/Medi-Gap,Bachelor's or higher,31,6.86,2.437018558863951,3,4
0.0,Medicaid/CHIP/state,Some college/associate,45,0.5,2.3789844330752703,16,3
0.0,Private/Medi-Gap,Bachelor's or higher,23,3.7,2.0507531041517812,20,3
0.0,Medicaid/CHIP/state,Some college/associate,31,1.12,0.3264151775009309,8,2
0.0,Medicaid/CHIP/state,Less than high school,41,1.01,4.023768482635354,6,2
0.0,Private/Medi-Gap,Bachelor's or higher,31,6.35,1.261919544293711,5,1
0.0,Private/Medi-Gap,Some college/associate,20,3.76,0.4619174221842834,19,3
0.0,Private/Medi-Gap,Some college/associate,28,3.7,3.3914511936715606,14,2
0.0,Private/Medi-Gap,Bachelor's or higher,23,2.36,1.1955492072719798,19,3
0.0,Private/Medi-Gap,Bachelor's or higher,42,7.0,1.0180842088243116,2,2
0.0,Private/Medi-Gap,Bachelor's or higher,45,1.65,1.0958606840229315,17,4
0.0,Medicaid/CHIP/state,Some college/associate,45,0.5,3.23379211464621,4,2
0.0,Single-service/IHS/uninsured,High school/GED,42,1.15,0.5795900595931186,1,1
0.0,Medicaid/CHIP/state,Less than high school,45,0.89,0.42708074776295113,20,4
0.0,Private/Medi-Gap,Bachelor's or higher,41,4.51,1.91773870932331,9,4
0.0,Private/Medi-Gap,Bachelor's or higher,43,3.11,1.651420746925606,7,4
0.0,Medicaid/CHIP/state,Some college/associate,30,1.4,0.1164761746368259,4,3
0.0,Private/Medi-Gap,Bachelor's or higher,30,6.35,0.2801655131615894,5,3
0.0,Private/Medi-Gap,Bachelor's or higher,31,7.0,0.41741650023166016,3,4
0.0,Private/Medi-Gap,High school/GED,39,0.7,0.5800794824199779,20,2
0.0,Private/Medi-Gap,Some college/associate,43,2.36,0.38745840249782393,19,2
0.0,Private/Medi-Gap,Bachelor's or higher,28,3.02,0.6049556307866243,8,4
1.0,Private/Medi-Gap,Bachelor's or higher,33,4.17,0.5486531487807226,19,4
0.0,Private/Medi-Gap,Some college/associate,27,5.37,0.32963406654603183,13,3
0.0,Private/Medi-Gap,Some college/associate,33,6.86,1.0042665286610597,19,4
0.0,Medicaid/CHIP/state,Some college/associate,19,1.93,0.22000976474696426,16,4
0.0,Private/Medi-Gap,Bachelor's or higher,22,5.37,0.6528893221517591,8,3
0.0,Private/Medi-Gap,Bachelor's or higher,46,6.35,1.5761055605279146,5,3
0.0,Private/Medi-Gap,High school/GED,18,5.37,0.8635311152818329,2,3
0.0,Private/Medi-Gap,Bachelor's or higher,43,2.92,1.4916854472932137,11,4
0.0,Private/Medi-Gap,Bachelor's or higher,30,5.37,1.1378328301671248,19,2
0.0,Single-service/IHS/uninsured,Some college/associate,25,0.81,2.0339537473987668,9,3
1.0,Private/Medi-Gap,Bachelor's or higher,32,6.86,0.8507839487599671,13,2
0.0,Private/Medi-Gap,Bachelor's or higher,25,6.35,0.8406105343520881,11,3
0.0,Medicare/military/other govt,High school/GED,39,1.5,1.5227200865636643,20,2
1.0,Medicare/military/other govt,Some college/associate,47,2.09,0.9681684082003384,6,3
0.0,Private/Medi-Gap,Some college/associate,33,1.9,0.663834353961723,17,3
1.0,Private/Medi-Gap,Some college/associate,32,6.86,0.8338919667419648,20,1
0.0,Private/Medi-Gap,Bachelor's or higher,29,5.37,0.43191552442865583,17,3
0.0,Private/Medi-Gap,Bachelor's or higher,41,5.37,1.7169737612866574,12,3
0.0,Medicare/military/other govt,Bachelor's or higher,22,4.8,1.9070597552865003,17,1
0.0,Medicaid/CHIP/state,Less than high school,38,0.52,2.0276638338431514,18,4
0.0,Private/Medi-Gap,Some college/associate,33,7.0,0.5466315599948368,4,4
0.0,Private/Medi-Gap,Some college/associate,34,2.92,1.7300420980021616,10,4
0.0,Private/Medi-Gap,Some college/associate,42,2.79,0.2605804470542289,19,4
0.0,Medicare/military/other govt,Some college/associate,38,1.48,0.21327917571056718,8,3
0.0,Medicaid/CHIP/state,Some college/associate,33,0.5,0.161577457585777,7,4
0.0,Private/Medi-Gap,High school/GED,22,0.5,0.8307345013268127,13,4
0.0,Private/Medi-Gap,High school/GED,20,4.51,2.4162413861107344,9,2
0.0,Private/Medi-Gap,Bachelor's or higher,43,4.43,0.2331421346831693,16,2
0.0,Medicaid/CHIP/state,High school/GED,31,1.2,0.5077996562500943,8,3
0.0,Medicaid/CHIP/state,Some college/associate,37,0.5,0.45495106272103003,11,4
0.0,Single-service/IHS/uninsured,Some college/associate,49,6.35,1.2840008653923454,19,2
0.0,Private/Medi-Gap,Less than high school,45,4.43,0.3848077333523958,13,3
0.0,Private/Medi-Gap,Some college/associate,18,2.66,1.5077329634181162,1,2
0.0,Private/Medi-Gap,Bachelor's or higher,38,5.37,0.8112859157423702,2,3
0.0,Private/Medi-Gap,Bachelor's or higher,30,4.51,0.8420048092912756,15,3
1.0,Private/Medi-Gap,Bachelor's or higher,41,4.51,0.7998539537388069,12,2
0.0,Private/Medi-Gap,Bachelor's or higher,31,6.35,1.0641732959683599,3,4
0.0,Private/Medi-Gap,Some college/associate,36,1.5,0.3200243642172831,17,2
0.0,Private/Medi-Gap,Some college/associate,24,4.51,3.8493125283833876,8,1
0.0,Private/Medi-Gap,Bachelor's or higher,34,6.86,2.207476816937062,18,3
0.0,Private/Medi-Gap,Some college/associate,22,2.36,0.7324479423198212,8,2
0.0,Private/Medi-Gap,Some college/associate,46,6.86,1.020602913392518,1,2
0.0,Private/Medi-Gap,Bachelor's or higher,43,6.86,0.8510328714258175,8,4
0.0,Single-service/IHS/uninsured,Less than high school,42,1.9,0.437724394427489,20,4
0.0,Single-service/IHS/uninsured,High school/GED,42,0.8,1.593153989777601,6,3
0.0,Medicaid/CHIP/state,Less than high school,26,0.5,1.5916712609827746,4,4
0.0,Medicaid/CHIP/state,Some college/associate,32,1.14,0.22187262887267362,8,1
0.0,Single-service/IHS/uninsured,Some college/associate,32,1.4,0.6361429377503709,4,4
0.0,Private/Medi-Gap,Bachelor's or higher,40,3.36,0.7697824456269413,18,4
0.0,Single-service/IHS/uninsured,High school/GED,27,1.18,3.7781539672813884,15,2
0.0,Private/Medi-Gap,Bachelor's or higher,38,2.43,1.0178586351675811,8,4
0.0,Medicaid/CHIP/state,High school/GED,28,1.65,0.6072432246665342,7,4
0.0,Private/Medi-Gap,Some college/associate,45,2.29,0.26479665634063965,7,1
0.0,Medicare/military/other govt,Some college/associate,33,1.61,0.6123418030186696,20,4
0.0,Private/Medi-Gap,Bachelor's or higher,29,6.86,1.7326894356853557,19,3
0.0,Private/Medi-Gap,Bachelor's or higher,42,3.11,1.152630073681186,9,1
0.0,Medicaid/CHIP/state,Bachelor's or higher,30,5.37,0.3645214033153393,8,3
0.0,Medicaid/CHIP/state,Some college/associate,33,0.5,2.847933117409531,10,3
0.0,Single-service/IHS/uninsured,Some college/associate,34,0.9,0.13494600543509802,16,4
0.0,Private/Medi-Gap,High school/GED,18,5.37,0.7027099188552115,15,2
0.0,Medicaid/CHIP/state,Some college/associate,29,0.5,0.52043518181394,3,4
0.0,Private/Medi-Gap,Bachelor's or higher,33,6.86,0.6188233724837097,2,2
0.0,Private/Medi-Gap,Bachelor's or higher,41,3.52,1.267772125533983,12,3
0.0,Private/Medi-Gap,Bachelor's or higher,40,3.36,1.5816290059418994,3,4
1.0,Private/Medi-Gap,Some college/associate,31,3.15,1.5790475341861654,6,3
0.0,Private/Medi-Gap,Some college/associate,40,2.9,0.41796197625983095,6,1
0.0,Private/Medi-Gap,Bachelor's or higher,37,3.43,0.13439491283830307,20,4
1.0,Private/Medi-Gap,Bachelor's or higher,46,5.8,0.9923008170901456,7,2
0.0,Private/Medi-Gap,Bachelor's or higher,38,3.76,0.22905829869159017,18,1
0.0,Medicaid/CHIP/state,Less than high school,42,2.95,0.2237674897803758,15,4
0.0,Private/Medi-Gap,Some college/associate,31,2.9,1.3134343215583182,15,2
0.0,Private/Medi-Gap,High school/GED,44,3.43,4.359866673642572,4,1
0.0,Private/Medi-Gap,Bachelor's or higher,33,2.29,0.5209270583627709,16,2
0.0,Private/Medi-Gap,Some college/associate,30,6.86,1.0029015378205626,12,3
0.0,Private/Medi-Gap,Bachelor's or higher,29,5.37,1.1839912293475359,5,1
0.0,Private/Medi-Gap,High school/GED,43,6.86,1.1131201123411443,14,3
0.0,Medicaid/CHIP/state,High school/GED,31,0.5,1.0019225126680287,15,1
0.0,Private/Medi-Gap,Bachelor's or higher,41,3.61,0.47348471116252194,5,1
0.0,Medicaid/CHIP/state,Less than high school,17,0.5,1.1180017570569818,17,2
1.0,Medicaid/CHIP/state,Bachelor's or higher,43,1.93,0.6664383103294572,12,1
1.0,Private/Medi-Gap,Bachelor's or higher,41,6.35,0.9391464567958999,6,1
0.0,Private/Medi-Gap,Less than high school,43,6.86,4.023768482635354,7,2
0.0,Medicaid/CHIP/state,High school/GED,38,7.0,0.3467737836156288,16,1
0.0,Private/Medi-Gap,Bachelor's or higher,28,6.35,2.118311080028255,2,3
0.0,Private/Medi-Gap,High school/GED,48,4.44,0.9399016906075993,17,2
0.0,Medicaid/CHIP/state,Some college/associate,30,0.5,0.35625592318798255,8,1
0.0,Single-service/IHS/uninsured,Less than high school,30,0.5,0.5446978255176746,15,1
0.0,Private/Medi-Gap,Some college/associate,38,1.81,0.2224566104530071,16,2
0.0,Private/Medi-Gap,Bachelor's or higher,25,4.79,1.0793731155196553,11,2
0.0,Single-service/IHS/uninsured,Some college/associate,19,0.74,0.15641051702032965,16,2
0.0,Private/Medi-Gap,High school/GED,44,4.8,2.5285191855033418,18,3
0.0,Private/Medi-Gap,Bachelor's or higher,44,1.9,0.36141911462846205,16,1
0.0,Medicaid/CHIP/state,Some college/associate,40,6.35,0.6076337444660551,8,3
0.0,Medicare/military/other govt,Bachelor's or higher,33,5.75,0.29157621745140966,12,2
0.0,Medicaid/CHIP/state,Some college/associate,42,5.37,0.16842780639808616,13,3
1.0,Private/Medi-Gap,Bachelor's or higher,32,5.37,0.527072951699793,15,3
0.0,Medicaid/CHIP/state,High school/GED,31,0.5,0.3669193486391463,4,4
0.0,Private/Medi-Gap,Some college/associate,30,6.86,0.6246380668762077,8,2
0.0,Medicaid/CHIP/state,Some college/associate,25,0.75,0.5599264377821989,18,1
0.0,Private/Medi-Gap,Some college/associate,34,4.17,1.003190559985075,10,4
0.0,Private/Medi-Gap,Bachelor's or higher,26,2.55,3.3914511936715606,5,3
1.0,Private/Medi-Gap,Bachelor's or higher,39,3.61,0.2821976112751314,3,1
0.0,Private/Medi-Gap,Some college/associate,47,4.51,1.8478920460255546,19,4
0.0,Private/Medi-Gap,High school/GED,39,1.25,0.4626712470644584,6,1
0.0,Private/Medi-Gap,Bachelor's or higher,49,4.17,1.0884105573618164,15,2
0.0,Medicaid/CHIP/state,High school/GED,39,1.4,0.6704680135632392,15,2
1.0,Private/Medi-Gap,Some college/associate,49,6.35,0.6702986184140947,12,1
0.0,Medicaid/CHIP/state,Some college/associate,44,0.9,0.9433989641270314,1,1
1.0,Private/Medi-Gap,Bachelor's or higher,41,4.17,0.5173403811646489,2,1
0.0,Private/Medi-Gap,Bachelor's or higher,23,0.5,0.12309896844750662,4,3
0.0,Private/Medi-Gap,Some college/associate,49,4.43,0.19523152403901742,3,1
0.0,Private/Medi-Gap,Bachelor's or higher,28,4.51,1.0141508321986163,3,2
1.0,Private/Medi-Gap,Bachelor's or higher,36,4.17,0.8408848663872156,1,3
0.0,Single-service/IHS/uninsured,Some college/associate,49,0.62,1.6503545604878067,12,2
1.0,Private/Medi-Gap,Bachelor's or higher,43,6.86,1.1240428269620064,6,4
0.0,Private/Medi-Gap,Less than high school,16,0.5,0.28759992748930935,20,4
1.0,Medicaid/CHIP/state,Some college/associate,46,1.4,0.3862976142954138,12,4
0.0,Medicare/military/other govt,Some college/associate,40,1.98,2.2728256417049986,7,2
0.0,Private/Medi-Gap,Bachelor's or higher,45,2.95,0.47559571048502575,1,1
0.0,Private/Medi-Gap,Bachelor's or higher,45,6.21,0.34699996084458035,8,2
0.0,Medicare/military/other govt,Some college/associate,27,0.5,0.6200851937710377,20,4
0.0,Private/Medi-Gap,Bachelor's or higher,21,2.43,2.44657534787889,19,4
0.0,Private/Medi-Gap,Bachelor's or higher,21,4.17,1.1377062559214406,3,3
0.0,Private/Medi-Gap,Bachelor's or higher,37,7.0,0.36656907414380396,11,2
0.0,Medicaid/CHIP/state,Less than high school,19,0.97,0.8273130615843427,2,1
1.0,Private/Medi-Gap,High school/GED,46,2.46,0.5653725776482031,17,4
0.0,Private/Medi-Gap,Bachelor's or higher,24,5.8,1.307591919123382,19,4
0.0,Medicaid/CHIP/state,Bachelor's or higher,40,4.17,0.39521474116765226,8,3
0.0,Private/Medi-Gap,Some college/associate,27,1.24,0.5951731704640213,17,1
0.0,Private/Medi-Gap,Bachelor's or higher,27,5.37,1.029323952791969,16,4
0.0,Single-service/IHS/uninsured,High school/GED,40,1.9,0.24204186425887977,8,1
1.0,Medicaid/CHIP/state,Some college/associate,27,5.37,0.6835810917002606,16,3
0.0,Private/Medi-Gap,Bachelor's or higher,43,6.35,0.3109152406264075,8,3
0.0,Private/Medi-Gap,High school/GED,34,1.61,0.816524259937728,4,4
0.0,Medicaid/CHIP/state,Less than high school,48,0.5,2.4217718109574804,14,3
0.0,Medicaid/CHIP/state,Some college/associate,23,1.95,2.6852547147970216,15,1
0.0,Single-service/IHS/uninsured,Bachelor's or higher,33,5.75,0.16688600996980626,20,2
0.0,Single-service/IHS/uninsured,Bachelor's or higher,25,1.5,0.9044023843076913,5,1
0.0,Private/Medi-Gap,Some college/associate,36,0.5,0.23267354713658675,4,3
0.0,Medicaid/CHIP/state,High school/GED,24,1.65,0.505655554528309,3,1
0.0,Private/Medi-Gap,Bachelor's or higher,37,7.0,1.3666542674994815,8,2
0.0,Single-service/IHS/uninsured,Some college/associate,22,2.66,1.2981530946725728,18,2
0.0,Private/Medi-Gap,Bachelor's or higher,40,0.93,0.5708746241645759,1,3
0.0,Medicaid/CHIP/state,Some college/associate,30,1.25,0.3550376456446521,19,2
0.0,Medicaid/CHIP/state,Less than high school,17,0.5,0.7016938474729026,20,4
0.0,Single-service/IHS/uninsured,Bachelor's or higher,40,1.81,0.10418472869745168,16,4
0.0,Medicaid/CHIP/state,Less than high school,50,0.98,0.9018389287765022,15,2
1.0,Private/Medi-Gap,Bachelor's or higher,31,5.8,2.1946517786408863,15,1
0.0,Single-service/IHS/uninsured,Some college/associate,23,1.15,0.3058295436996464,8,1
0.0,Medicaid/CHIP/state,Bachelor's or higher,39,2.29,1.266542239605465,1,1
0.0,Single-service/IHS/uninsured,High school/GED,34,0.97,0.6809050457607142,1,1
0.0,Private/Medi-Gap,Bachelor's or higher,28,6.35,0.4031830743491888,20,4
0.0,Private/Medi-Gap,Some college/associate,24,2.47,0.5742315454879274,4,2
0.0,Private/Medi-Gap,Bachelor's or higher,46,6.35,0.9256853344810433,9,1
1.0,Private/Medi-Gap,Bachelor's or higher,45,5.8,1.9316288338070713,17,1
0.0,Medicaid/CHIP/state,High school/GED,30,0.52,4.433413323362037,6,3
0.0,Private/Medi-Gap,Some college/associate,22,1.18,0.5648767733701013,13,1
0.0,Private/Medi-Gap,Bachelor's or higher,46,2.9,0.6438892016019264,10,4
0.0,Medicaid/CHIP/state,High school/GED,18,3.36,0.8797729105482256,15,1
0.0,Private/Medi-Gap,Some college/associate,30,0.5,1.0510678101541582,5,1
1.0,Private/Medi-Gap,Bachelor's or higher,42,4.17,0.8430364712787545,19,3
0.0,Medicaid/CHIP/state,High school/GED,34,2.95,0.35926878285165276,9,1
0.0,Private/Medi-Gap,Some college/associate,39,6.35,0.3996199334114427,16,2
0.0,Medicare/military/other govt,Some college/associate,32,1.17,1.0606808975413404,7,2
0.0,Private/Medi-Gap,Bachelor's or higher,47,6.35,1.0326588268453263,7,1
0.0,Private/Medi-Gap,Bachelor's or higher,42,4.17,0.5810427989662517,2,3
0.0,Private/Medi-Gap,Bachelor's or higher,28,6.35,0.8928195508662123,2,3
0.0,Single-service/IHS/uninsured,Some college/associate,35,1.48,3.082370046224101,18,3
0.0,Single-service/IHS/uninsured,High school/GED,37,0.52,0.7317723195871914,14,3
0.0,Medicaid/CHIP/state,High school/GED,28,2.29,0.4937969416561464,4,3
1.0,Private/Medi-Gap,Bachelor's or higher,48,4.06,0.935356525664601,1,2
0.0,Private/Medi-Gap,Some college/associate,18,4.17,0.7815252141529176,16,3
0.0,Private/Medi-Gap,High school/GED,29,1.14,0.35783389421827616,5,4
0.0,Private/Medi-Gap,Bachelor's or higher,47,4.79,0.29537547342690235,6,2
0.0,Medicare/military/other govt,Some college/associate,35,0.81,3.3500273552835282,19,4
0.0,Private/Medi-Gap,Bachelor's or higher,32,6.86,1.5786516163026667,19,4
1.0,Medicare/military/other govt,Some college/associate,30,2.95,0.2646472112772397,5,4
0.0,Medicare/military/other govt,Some college/associate,30,0.96,2.026583074308002,17,1
0.0,Medicaid/CHIP/state,Some college/associate,20,1.4,0.5371625541003454,8,3
0.0,Private/Medi-Gap,Bachelor's or higher,32,4.17,0.12603129590799492,13,4
0.0,Private/Medi-Gap,Bachelor's or higher,32,1.5,0.35973834660940096,17,3
0.0,Private/Medi-Gap,High school/GED,20,2.13,1.6755809296790534,5,2
0.0,Private/Medi-Gap,Some college/associate,43,2.25,3.3476684531138177,13,1
0.0,Private/Medi-Gap,Bachelor's or higher,33,1.09,0.41840841284752683,4,1
1.0,Medicaid/CHIP/state,High school/GED,22,0.5,0.5881574979501593,13,1
0.0,Private/Medi-Gap,Some college/associate,48,6.35,0.8472730987790499,6,1
1.0,Private/Medi-Gap,Bachelor's or higher,46,4.51,1.723046625888422,18,4
0.0,Single-service/IHS/uninsured,Bachelor's or higher,39,5.75,0.25402632406362763,3,1
0.0,Single-service/IHS/uninsured,Less than high school,20,0.5,0.6510404743639925,17,4
0.0,Single-service/IHS/uninsured,Some college/associate,44,1.81,0.22022761160584858,15,4
0.0,Single-service/IHS/uninsured,High school/GED,36,0.57,0.5013230543104117,11,2
0.0,Private/Medi-Gap,Some college/associate,44,2.29,2.7746473000426857,6,1
0.0,Single-service/IHS/uninsured,Bachelor's or higher,45,0.63,2.6485141070999094,14,2
0.0,Private/Medi-Gap,High school/GED,20,1.14,0.3674902748114498,3,3
1.0,Private/Medi-Gap,Bachelor's or higher,39,4.17,1.7051788009456397,15,2
1.0,Private/Medi-Gap,Some college/associate,35,2.46,0.11241264221246262,16,4
0.0,Private/Medi-Gap,Bachelor's or higher,38,4.17,0.6891942003506077,8,3
0.0,Single-service/IHS/uninsured,Bachelor's or higher,30,0.5,1.8406372324131435,18,3
1.0,Medicaid/CHIP/state,Some college/associate,35,0.57,0.4488450936327884,18,1
0.0,Medicaid/CHIP/state,Some college/associate,20,1.35,0.5865254906948616,19,3
0.0,Private/Medi-Gap,Some college/associate,26,2.79,1.3504632574274293,10,4
0.0,Medicaid/CHIP/state,High school/GED,18,2.95,3.290638846825624,17,2
0.0,Private/Medi-Gap,Bachelor's or higher,35,5.37,0.9925141508359561,8,3
0.0,Single-service/IHS/uninsured,Some college/associate,47,1.93,1.2801318384956444,17,2
1.0,Private/Medi-Gap,Bachelor's or higher,38,4.17,0.4073647507619544,16,4
0.0,Private/Medi-Gap,Some college/associate,37,4.51,2.102980116763922,18,4
0.0,Single-service/IHS/uninsured,Bachelor's or higher,26,1.95,0.32022388385948886,4,2
0.0,Medicaid/CHIP/state,Bachelor's or higher,37,2.29,1.381155443073268,11,3
0.0,Private/Medi-Gap,Some college/associate,34,2.25,0.938636320864245,9,1
0.0,Medicaid/CHIP/state,Some college/associate,30,5.37,0.4926005599120492,3,1
0.0,Private/Medi-Gap,Bachelor's or higher,24,5.37,2.0862267081296113,1,3
0.0,Private/Medi-Gap,Bachelor's or higher,49,6.35,1.0062720037756676,2,1
0.0,Medicare/military/other govt,High school/GED,19,3.76,0.43288439843119475,13,3
0.0,Private/Medi-Gap,Bachelor's or higher,47,0.57,0.49345982506504305,7,3
0.0,Private/Medi-Gap,Bachelor's or higher,29,5.37,1.2058650347578954,4,1
0.0,Private/Medi-Gap,Bachelor's or higher,30,1.61,1.1076130767565746,2,1
0.0,Private/Medi-Gap,Bachelor's or higher,25,4.44,0.3713780475566182,4,1
0.0,Medicaid/CHIP/state,High school/GED,18,2.9,0.4868308471176398,9,1
0.0,Private/Medi-Gap,Bachelor's or higher,33,0.87,1.1514102055457776,1,4
0.0,Medicaid/CHIP/state,High school/GED,24,1.4,1.578323808081821,15,2
1.0,Private/Medi-Gap,Some college/associate,46,3.15,0.743921944466632,7,3
0.0,Private/Medi-Gap,Bachelor's or higher,35,5.75,0.08798575120372609,16,4
0.0,Medicare/military/other govt,Bachelor's or higher,46,0.74,0.20277333404359546,4,1
1.0,Private/Medi-Gap,High school/GED,46,4.17,2.8430638885253794,5,3
0.0,Single-service/IHS/uninsured,Some college/associate,25,4.8,3.072011847923532,14,2
0.0,Private/Medi-Gap,Bachelor's or higher,39,3.11,0.8357810948689776,10,4
0.0,Private/Medi-Gap,Bachelor's or higher,23,4.79,0.6712315483751831,5,4
0.0,Medicaid/CHIP/state,High school/GED,22,3.76,0.5343739078382628,20,2
0.0,Private/Medi-Gap,Bachelor's or higher,36,4.51,2.6688109803815494,20,3
1.0,Private/Medi-Gap,Bachelor's or higher,49,5.75,0.23683612623206649,19,1
0.0,Private/Medi-Gap,Bachelor's or higher,33,3.52,0.2966947997091171,6,1
0.0,Single-service/IHS/uninsured,Less than high school,26,6.35,1.3859916189799466,8,3
0.0,Private/Medi-Gap,Some college/associate,30,5.37,0.8206426977549475,12,2
0.0,Medicare/military/other govt,High school/GED,19,1.25,0.7189688512641181,15,1
0.0,Medicaid/CHIP/state,Less than high school,24,1.12,0.54902121676703,19,3
0.0,Single-service/IHS/uninsured,High school/GED,21,1.62,0.7966021381406478,13,2
0.0,Private/Medi-Gap,Bachelor's or higher,34,1.9,0.5875235158864611,4,3
0.0,Single-service/IHS/uninsured,Some college/associate,22,1.93,0.8700972915284398,7,1
0.0,Private/Medi-Gap,Bachelor's or higher,46,4.51,0.6657931218147964,14,4
0.0,Private/Medi-Gap,Bachelor's or higher,32,4.17,0.33841478751259235,4,4
0.0,Private/Medi-Gap,Less than high school,35,1.5,2.1289287249326994,15,2
0.0,Medicare/military/other govt,High school/GED,21,1.18,0.2949037294443393,20,4
0.0,Medicaid/CHIP/state,High school/GED,42,0.5,0.33506723456636994,7,3
0.0,Single-service/IHS/uninsured,Bachelor's or higher,29,3.76,0.9249336362294837,19,3
1.0,Private/Medi-Gap,Bachelor's or higher,39,4.17,0.5850866475713856,7,4
0.0,Private/Medi-Gap,Bachelor's or higher,28,3.7,1.8615252374851985,12,3
0.0,Private/Medi-Gap,Bachelor's or higher,34,4.17,0.2867590741589557,4,1
1.0,Private/Medi-Gap,Bachelor's or higher,44,3.8,2.2196043748672363,2,2
0.0,Medicaid/CHIP/state,Bachelor's or higher,29,6.86,1.1839362719984194,8,4
0.0,Private/Medi-Gap,Bachelor's or higher,36,0.9,0.1418149538431022,16,1
0.0,Medicaid/CHIP/state,Bachelor's or higher,24,3.76,0.6828663234664105,2,1
0.0,Medicaid/CHIP/state,Some college/associate,36,0.97,0.4892853997186285,4,1
0.0,Medicare/military/other govt,Less than high school,32,0.5,0.2860150915983802,15,1
0.0,Private/Medi-Gap,Bachelor's or higher,38,5.37,0.8260875185133779,12,2
0.0,Private/Medi-Gap,High school/GED,29,2.18,1.9407385239224473,10,1
0.0,Private/Medi-Gap,Some college/associate,32,0.77,0.35903416239498986,15,3
0.0,Private/Medi-Gap,Bachelor's or higher,40,7.0,0.31149682334819456,19,2
0.0,Private/Medi-Gap,Bachelor's or higher,27,4.43,0.5103601654066242,1,3
0.0,Private/Medi-Gap,Bachelor's or higher,41,6.86,0.8813472247374109,9,2
0.0,Private/Medi-Gap,Bachelor's or higher,39,6.35,0.6179315361972393,16,1
0.0,Medicaid/CHIP/state,High school/GED,29,1.18,0.27933042772153577,9,1
0.0,Medicare/military/other govt,High school/GED,33,0.5,0.349617212498745,19,4
0.0,Private/Medi-Gap,Some college/associate,30,4.51,1.5067125119069056,6,1
1.0,Private/Medi-Gap,Some college/associate,35,0.9,0.27781586524413837,4,4
0.0,Private/Medi-Gap,Bachelor's or higher,39,6.35,0.4621473503272276,5,2
0.0,Private/Medi-Gap,Bachelor's or higher,46,4.44,1.1760154879636422,1,1
0.0,Private/Medi-Gap,Less than high school,17,6.35,1.627225000596636,1,3
1.0,Private/Medi-Gap,Some college/associate,39,2.79,0.4319178559006037,19,1
0.0,Private/Medi-Gap,Bachelor's or higher,23,1.15,2.146925152427963,17,3
0.0,Medicaid/CHIP/state,Some college/associate,33,0.5,0.4546171847865024,4,2
0.0,Private/Medi-Gap,Some college/associate,19,5.37,1.344074509945556,6,1
0.0,Private/Medi-Gap,Some college/associate,18,5.8,1.0789041420655283,8,1
0.0,Medicaid/CHIP/state,Some college/associate,28,3.76,0.28347621637258735,15,3
0.0,Private/Medi-Gap,Some college/associate,47,1.81,0.3776273980325363,10,1
1.0,Private/Medi-Gap,Some college/associate,40,1.5,0.32764705908654457,17,2
0.0,Private/Medi-Gap,Some college/associate,28,2.46,0.3529286461536352,19,1
0.0,Private/Medi-Gap,Bachelor's or higher,35,3.8,0.9152658143758503,7,3
0.0,Private/Medi-Gap,Some college/associate,43,1.18,1.024713434775269,14,1
0.0,Medicare/military/other govt,High school/GED,40,0.5,0.24790386210540605,15,3
0.0,Single-service/IHS/uninsured,High school/GED,19,0.81,0.9067243572796617,3,3
1.0,Private/Medi-Gap,Bachelor's or higher,32,5.8,0.7055143077895671,8,4
0.0,Single-service/IHS/uninsured,Less than high school,21,0.5,1.1316367241236787,10,4
1.0,Medicare/military/other govt,Bachelor's or higher,32,6.35,0.27266255973073633,15,3
0.0,Single-service/IHS/uninsured,Some college/associate,28,4.79,1.144222374510434,6,3
1.0,Private/Medi-Gap,Less than high school,46,4.44,0.23301096338933389,20,2
0.0,Medicaid/CHIP/state,Some college/associate,22,4.43,0.20129352993150307,19,4
0.0,Medicaid/CHIP/state,Some college/associate,33,0.5,0.758693110932475,6,3
0.0,Single-service/IHS/uninsured,High school/GED,21,2.79,0.7784381982956914,16,2
0.0,Private/Medi-Gap,Bachelor's or higher,35,5.37,0.573883390092388,3,1
0.0,Private/Medi-Gap,Some college/associate,29,0.97,0.28583370267830255,1,1
0.0,Private/Medi-Gap,Bachelor's or higher,39,3.52,0.8766194764021512,15,2
0.0,Private/Medi-Gap,Bachelor's or higher,49,4.79,0.34514819515746514,8,4
0.0,Private/Medi-Gap,Bachelor's or higher,39,6.35,0.3859025748230618,17,3
0.0,Private/Medi-Gap,Bachelor's or higher,35,5.37,0.4965666454261259,6,1
0.0,Private/Medi-Gap,Bachelor's or higher,35,1.81,0.1871605164914507,16,2
0.0,Private/Medi-Gap,High school/GED,35,1.81,0.7414942736768231,7,1
0.0,Single-service/IHS/uninsured,Bachelor's or higher,35,3.11,0.6718137970614291,10,4
0.0,Single-service/IHS/uninsured,High school/GED,40,3.19,1.1354413155672833,9,4
0.0,Private/Medi-Gap,Bachelor's or higher,34,7.0,0.3391118507376594,7,4
0.0,Private/Medi-Gap,Bachelor's or higher,38,5.37,0.5898728856105654,19,3
0.0,Medicaid/CHIP/state,Less than high school,28,1.78,1.1715868250570496,3,3
0.0,Medicaid/CHIP/state,High school/GED,22,2.79,2.210459330641317,20,4
0.0,Private/Medi-Gap,Bachelor's or higher,38,4.17,0.6819391848765718,15,3
0.0,Private/Medi-Gap,Bachelor's or higher,29,5.37,0.2429279084286736,16,4
0.0,Private/Medi-Gap,Bachelor's or higher,33,6.35,0.5689435323751234,11,1
0.0,Private/Medi-Gap,Some college/associate,48,0.5,0.23560469533160155,18,1
0.0,Single-service/IHS/uninsured,Some college/associate,32,2.29,0.6586549079642673,1,1
0.0,Medicaid/CHIP/state,Some college/associate,32,3.61,0.15349513691664757,11,4
0.0,Medicaid/CHIP/state,Some college/associate,34,0.5,1.5828288638356063,6,3
0.0,Private/Medi-Gap,Bachelor's or higher,25,6.86,1.3123309837855404,6,2
0.0,Private/Medi-Gap,High school/GED,19,4.17,0.5353216165600033,17,4
1.0,Private/Medi-Gap,Some college/associate,41,4.17,0.5758842947705873,8,3
0.0,Private/Medi-Gap,Some college/associate,42,2.92,0.6742606857040656,10,4
0.0,Single-service/IHS/uninsured,High school/GED,18,7.0,0.41073088287917275,17,3
0.0,Single-service/IHS/uninsured,Some college/associate,27,2.79,0.3692599585527033,14,1
0.0,Private/Medi-Gap,Bachelor's or higher,37,1.9,0.6840558701669511,6,1
0.0,Medicare/military/other govt,Some college/associate,35,0.5,0.6730440935711244,19,1
0.0,Medicare/military/other govt,Some college/associate,29,0.5,1.458092299144976,16,4
0.0,Private/Medi-Gap,High school/GED,26,1.61,1.7782704673844345,11,1
0.0,Private/Medi-Gap,Bachelor's or higher,41,4.17,0.93113050111759,16,2
0.0,Private/Medi-Gap,Some college/associate,34,6.86,2.2327138069718404,4,2
0.0,Private/Medi-Gap,Bachelor's or higher,29,4.44,0.5189095310357552,1,1
0.0,Private/Medi-Gap,Some college/associate,20,1.78,0.4613010153505321,2,2
0.0,Single-service/IHS/uninsured,Some college/associate,43,5.75,0.20440170257166018,7,3
0.0,Single-service/IHS/uninsured,Some college/associate,49,0.5,1.2094482485532088,12,3
0.0,Private/Medi-Gap,High school/GED,22,2.79,0.6870766136899309,17,3
1.0,Private/Medi-Gap,Bachelor's or higher,38,4.17,0.5376050324708072,7,4
0.0,Private/Medi-Gap,Bachelor's or higher,34,6.35,0.1992796635454442,15,3
0.0,Medicaid/CHIP/state,Less than high school,27,1.93,0.43665721828629567,2,1
1.0,Private/Medi-Gap,Bachelor's or higher,36,6.35,0.42603001350453257,15,4
0.0,Private/Medi-Gap,Some college/associate,46,6.86,2.765356056715126,3,4
1.0,Private/Medi-Gap,Some college/associate,32,6.35,0.5409082725414799,16,1
0.0,Medicaid/CHIP/state,Some college/associate,26,1.14,2.0027893673088446,8,2
0.0,Medicare/military/other govt,Bachelor's or higher,26,1.98,1.0073313449575607,13,2
0.0,Private/Medi-Gap,High school/GED,40,2.92,0.866174315099892,15,4
1.0,Private/Medi-Gap,High school/GED,23,1.61,4.721776379107419,10,1
0.0,Single-service/IHS/uninsured,Bachelor's or higher,29,0.58,0.5742107289178677,13,4
0.0,Medicaid/CHIP/state,Some college/associate,40,0.5,3.525426733841157,10,3
0.0,Medicaid/CHIP/state,Some college/associate,49,1.4,0.6184118967192851,1,3
1.0,Private/Medi-Gap,High school/GED,31,0.81,0.46242696483060935,7,2
0.0,Medicaid/CHIP/state,Less than high school,21,5.75,3.587941905926204,1,1
0.0,Private/Medi-Gap,Some college/associate,18,4.51,0.8586457255408761,20,1
1.0,Private/Medi-Gap,Bachelor's or higher,36,2.25,1.1171719037688617,3,4
0.0,Private/Medi-Gap,Bachelor's or higher,48,1.6,0.7828629417472523,18,2
1.0,Private/Medi-Gap,Bachelor's or higher,47,5.37,1.3225016617309964,3,4
0.0,Private/Medi-Gap,Bachelor's or higher,28,6.35,0.6477479555458648,16,1
0.0,Medicaid/CHIP/state,Less than high school,45,0.57,1.0017780451932503,13,1
0.0,Medicare/military/other govt,Bachelor's or higher,48,5.37,3.3526384234718543,16,2
0.0,Private/Medi-Gap,Some college/associate,47,2.46,0.4773868960673565,17,4
0.0,Private/Medi-Gap,Bachelor's or higher,27,0.57,0.426238441669967,7,4
1.0,Private/Medi-Gap,Bachelor's or higher,36,6.35,0.22431554901118372,18,1
0.0,Private/Medi-Gap,Less than high school,22,4.51,1.6235025395516463,15,4
0.0,Private/Medi-Gap,Bachelor's or higher,23,2.09,1.3757851925930784,15,1
0.0,Private/Medi-Gap,Bachelor's or higher,41,4.51,0.9874278439263018,17,1
0.0,Private/Medi-Gap,Less than high school,18,5.37,0.7184447704064245,8,3
0.0,Medicare/military/other govt,High school/GED,35,2.36,2.079431197547188,20,2
0.0,Private/Medi-Gap,Bachelor's or higher,27,4.43,0.2203495129934582,13,3
0.0,Single-service/IHS/uninsured,Less than high school,26,1.04,4.1710206265991205,1,2
0.0,Private/Medi-Gap,Bachelor's or higher,35,7.0,1.2119434162646978,15,4
0.0,Private/Medi-Gap,Bachelor's or higher,34,3.61,0.3304201998712177,8,2
0.0,Medicaid/CHIP/state,Bachelor's or higher,32,1.93,0.36597032766775994,20,4
0.0,Private/Medi-Gap,Some college/associate,21,2.31,1.7258750680367605,19,4
0.0,Private/Medi-Gap,Bachelor's or higher,27,3.43,0.4600442745952911,8,2
0.0,Private/Medi-Gap,Bachelor's or higher,46,2.29,0.3301603764540069,1,1
0.0,Private/Medi-Gap,Bachelor's or higher,48,6.35,0.5549981528932549,18,1
0.0,Private/Medi-Gap,Bachelor's or higher,46,4.8,1.2975401203809531,1,2
0.0,Medicare/military/other govt,High school/GED,47,0.5,0.7801577790573714,4,4
0.0,Private/Medi-Gap,Bachelor's or higher,33,3.52,0.6799977893482226,11,4
0.0,Single-service/IHS/uninsured,High school/GED,29,0.81,0.6546733789923053,5,3
1.0,Private/Medi-Gap,Bachelor's or higher,39,4.43,0.12631311106089055,16,1
0.0,Private/Medi-Gap,Bachelor's or higher,27,4.43,0.5988851139071154,19,2
0.0,Medicare/military/other govt,Less than high school,25,1.18,0.2779133052964968,20,2
0.0,Private/Medi-Gap,Some college/associate,32,5.37,0.4220841567913463,13,3
0.0,Private/Medi-Gap,Some college/associate,19,5.8,0.6746499739836819,1,4
0.0,Medicaid/CHIP/state,Some college/associate,32,0.5,1.0320658024158234,6,1
0.0,Single-service/IHS/uninsured,Some college/associate,29,1.4,0.7701358495738078,13,4
0.0,Private/Medi-Gap,Bachelor's or higher,26,1.15,0.19792963670420238,5,2
0.0,Single-service/IHS/uninsured,Some college/associate,24,0.97,1.0844867348736527,16,3
0.0,Medicaid/CHIP/state,Some college/associate,33,1.4,0.2230046933138501,13,3
0.0,Private/Medi-Gap,Some college/associate,31,6.35,0.8332173322218751,16,2
0.0,Private/Medi-Gap,Bachelor's or higher,47,5.37,0.9630174250646752,8,4
0.0,Private/Medi-Gap,Some college/associate,20,4.43,1.1738191939795595,16,4
0.0,Medicare/military/other govt,Bachelor's or higher,23,0.5,0.878855606749174,18,3
0.0,Medicare/military/other govt,Some college/associate,39,5.37,0.2831833381888789,12,2
0.0,Medicaid/CHIP/state,High school/GED,26,1.18,0.6228289288033384,17,2
0.0,Single-service/IHS/uninsured,Less than high school,25,0.5,3.7781539672813884,15,2
0.0,Private/Medi-Gap,Some college/associate,49,5.8,3.3526384234718543,20,1
0.0,Medicaid/CHIP/state,Bachelor's or higher,39,0.5,0.5968817324732507,13,1
0.0,Private/Medi-Gap,Some college/associate,27,2.95,0.24607072478746705,20,2
1.0,Private/Medi-Gap,Some college/associate,43,5.37,0.4472241501537305,11,4
0.0,Private/Medi-Gap,Bachelor's or higher,27,1.81,0.3059265332159415,18,1
0.0,Medicaid/CHIP/state,Bachelor's or higher,25,2.25,0.38956595354968676,4,3
0.0,Private/Medi-Gap,Some college/associate,46,2.47,0.3104189691892207,8,1
0.0,Medicaid/CHIP/state,Bachelor's or higher,27,0.93,1.391948647957021,18,1
0.0,Private/Medi-Gap,Bachelor's or higher,25,6.35,2.0115308217168444,19,3
0.0,Private/Medi-Gap,Some college/associate,47,3.02,2.0218078996723485,7,2
0.0,Private/Medi-Gap,High school/GED,35,0.5,0.7545550363324682,10,1
0.0,Private/Medi-Gap,Bachelor's or higher,36,1.48,0.7165506419552674,20,1
0.0,Medicaid/CHIP/state,Bachelor's or higher,32,0.77,2.436136153719561,15,1
0.0,Private/Medi-Gap,Some college/associate,32,2.36,0.4734304060620082,13,3
0.0,Private/Medi-Gap,High school/GED,45,2.79,0.7017964793495952,16,4
0.0,Medicaid/CHIP/state,High school/GED,39,0.5,1.590936226005801,18,4
0.0,Medicaid/CHIP/state,High school/GED,24,0.59,1.0865626192931295,20,4
0.0,Single-service/IHS/uninsured,Less than high school,29,0.5,2.950545919371311,2,4
0.0,Private/Medi-Gap,Bachelor's or higher,31,6.35,1.0211974309122507,12,4
0.0,Private/Medi-Gap,Some college/associate,49,6.35,0.37920292816220214,9,1
0.0,Medicaid/CHIP/state,Bachelor's or higher,39,6.35,0.9839137215209668,16,2
0.0,Medicaid/CHIP/state,High school/GED,42,0.7,0.9443364585611124,1,1
0.0,Private/Medi-Gap,Some college/associate,43,0.5,0.2746633344064715,13,4
0.0,Private/Medi-Gap,Bachelor's or higher,45,3.9,0.6590508914453399,5,2
1.0,Private/Medi-Gap,High school/GED,33,5.37,1.0907345996390678,6,1
0.0,Private/Medi-Gap,Bachelor's or higher,43,3.7,0.39317153574493524,8,4
0.0,Private/Medi-Gap,Less than high school,17,5.37,1.3271359894306862,8,3
0.0,Private/Medi-Gap,Some college/associate,47,3.02,1.177122696738698,2,4
0.0,Private/Medi-Gap,Bachelor's or higher,27,6.35,0.13594758668607915,13,4
0.0,Medicaid/CHIP/state,Bachelor's or higher,38,1.9,0.49224771525904165,16,3
0.0,Private/Medi-Gap,Some college/associate,26,3.52,0.472359965397923,20,4
0.0,Medicare/military/other govt,Some college/associate,20,1.4,0.7012789984277905,4,4
0.0,Private/Medi-Gap,Some college/associate,36,0.92,0.7245354205976283,3,1
0.0,Private/Medi-Gap,Bachelor's or higher,35,3.36,1.0012651578906329,17,1
0.0,Single-service/IHS/uninsured,Less than high school,32,0.96,2.6571255374261873,14,4
0.0,Private/Medi-Gap,Bachelor's or higher,30,6.35,0.9726458160676424,5,2
0.0,Medicare/military/other govt,Bachelor's or higher,45,2.43,1.8197525750536305,2,2
0.0,Private/Medi-Gap,Bachelor's or higher,28,5.75,0.3466729708043818,15,3
0.0,Medicaid/CHIP/state,Some college/associate,38,0.5,1.9052861325600285,5,1
0.0,Medicare/military/other govt,Bachelor's or higher,30,1.23,1.8864602021273225,8,2
0.0,Single-service/IHS/uninsured,Bachelor's or higher,28,3.76,0.26522526171876587,16,2
0.0,Private/Medi-Gap,Bachelor's or higher,25,3.61,0.5396982113178896,16,1
0.0,Private/Medi-Gap,Bachelor's or higher,39,7.0,0.35831670972951946,19,2
0.0,Private/Medi-Gap,Bachelor's or higher,35,3.76,0.38666074241170434,7,2
0.0,Private/Medi-Gap,Bachelor's or higher,24,2.79,0.77524622781132,18,1
1.0,Private/Medi-Gap,Bachelor's or higher,46,5.75,1.4258105516011903,11,1
0.0,Private/Medi-Gap,Bachelor's or higher,32,4.51,0.8850941410051505,18,4
0.0,Single-service/IHS/uninsured,Less than high school,35,0.5,4.045229507858626,10,4
0.0,Private/Medi-Gap,High school/GED,44,4.43,0.4922127903653506,5,2
1.0,Single-service/IHS/uninsured,Some college/associate,37,1.04,0.9263582597370809,3,2
0.0,Private/Medi-Gap,Bachelor's or higher,38,6.35,0.5006505325539954,8,2
0.0,Medicaid/CHIP/state,Bachelor's or higher,26,4.06,1.8345024295386467,12,1
0.0,Private/Medi-Gap,Bachelor's or higher,24,6.35,0.7342637481624341,6,1
0.0,Medicare/military/other govt,Some college/associate,37,6.35,0.31659956610266526,7,1
1.0,Medicaid/CHIP/state,High school/GED,38,0.5,0.2504729337579631,20,2
0.0,Private/Medi-Gap,Some college/associate,28,1.18,0.2412789701414204,13,4
0.0,Private/Medi-Gap,Bachelor's or higher,29,5.75,0.4043923566015908,11,4
0.0,Private/Medi-Gap,Some college/associate,27,4.44,0.3689264692092574,14,1
0.0,Private/Medi-Gap,Bachelor's or higher,43,4.44,0.16995700630318145,11,4
0.0,Single-service/IHS/uninsured,Bachelor's or higher,23,1.81,0.24389355793774928,16,3
0.0,Single-service/IHS/uninsured,Some college/associate,47,1.04,0.44667988156817295,17,1
0.0,Medicaid/CHIP/state,Some college/associate,47,0.89,0.21121340762964552,6,1
0.0,Private/Medi-Gap,Less than high school,18,2.9,1.158690461326253,13,1
0.0,Medicaid/CHIP/state,Bachelor's or higher,44,0.9,0.540793094308838,11,3
0.0,Single-service/IHS/uninsured,Some college/associate,26,0.8,0.6013214886749912,6,3
0.0,Medicaid/CHIP/state,High school/GED,29,0.5,0.5243128346425036,19,1
0.0,Private/Medi-Gap,Bachelor's or higher,49,7.0,1.6121731333912241,19,2
0.0,Private/Medi-Gap,Some college/associate,38,2.95,0.20416565477142676,16,2
0.0,Private/Medi-Gap,Bachelor's or higher,41,4.17,0.6039231315355676,19,3
0.0,Private/Medi-Gap,Bachelor's or higher,41,1.95,0.9708161200878737,9,4
0.0,Private/Medi-Gap,High school/GED,49,3.43,0.41913540764915413,20,2
0.0,Medicaid/CHIP/state,Less than high school,27,0.5,1.1047806182476982,6,2
0.0,Private/Medi-Gap,Bachelor's or higher,34,5.37,0.36625157197267855,19,4
0.0,Single-service/IHS/uninsured,Bachelor's or higher,24,2.46,1.269517817111723,19,2
0.0,Private/Medi-Gap,Some college/associate,47,0.96,0.4581085927647009,15,4
0.0,Single-service/IHS/uninsured,Some college/associate,40,1.67,2.9778902955695057,20,1
0.0,Private/Medi-Gap,Some college/associate,31,1.67,2.847933117409531,10,3
0.0,Private/Medi-Gap,Bachelor's or higher,40,6.35,1.1520932335735994,3,4
0.0,Single-service/IHS/uninsured,Bachelor's or higher,31,0.5,0.7779064844894078,3,1
0.0,Medicare/military/other govt,Some college/associate,23,0.63,0.7018575176683409,15,4
0.0,Private/Medi-Gap,Bachelor's or higher,37,7.0,0.3365687201674404,16,3
1.0,Single-service/IHS/uninsured,Bachelor's or higher,36,5.8,1.1231499918033903,20,1
0.0,Private/Medi-Gap,Some college/associate,27,1.37,3.072011847923532,10,1
0.0,Medicaid/CHIP/state,Less than high school,16,2.46,0.4603719440176341,15,2
0.0,Private/Medi-Gap,Some college/associate,34,2.79,0.768079837492042,19,1
0.0,Single-service/IHS/uninsured,Some college/associate,38,0.5,0.1294041830099128,13,1
0.0,Private/Medi-Gap,Bachelor's or higher,27,4.17,0.9473147680572315,8,3
0.0,Private/Medi-Gap,Some college/associate,46,1.68,0.18960699276388499,8,1
0.0,Medicaid/CHIP/state,Bachelor's or higher,33,0.74,0.43630984700539055,16,4
0.0,Private/Medi-Gap,Some college/associate,48,4.43,0.6477390015515907,6,1
0.0,Medicaid/CHIP/state,Bachelor's or higher,24,2.95,0.8566806592771249,3,3
1.0,Private/Medi-Gap,Bachelor's or higher,33,5.37,0.40053379721409277,4,4
0.0,Medicaid/CHIP/state,Bachelor's or higher,45,1.4,0.21446272828372107,20,2
0.0,Private/Medi-Gap,Bachelor's or higher,44,4.17,3.017144901954335,2,3
0.0,Private/Medi-Gap,High school/GED,18,0.68,0.5924353788700731,5,2
1.0,Private/Medi-Gap,Some college/associate,40,3.43,0.71251128193866,12,4
0.0,Private/Medi-Gap,Bachelor's or higher,28,7.0,0.5469683537415176,3,4
0.0,Medicaid/CHIP/state,Less than high school,32,0.5,0.538418461468229,19,1
0.0,Medicaid/CHIP/state,High school/GED,28,0.5,0.8800679020919493,6,4
0.0,Private/Medi-Gap,Some college/associate,48,4.44,1.235885245567089,11,2
0.0,Single-service/IHS/uninsured,Some college/associate,49,0.5,0.5152741986263295,1,3
0.0,Single-service/IHS/uninsured,Some college/associate,21,4.17,1.771211059253672,1,3
1.0,Private/Medi-Gap,Some college/associate,29,1.84,1.5900462883218345,10,1
0.0,Medicaid/CHIP/state,High school/GED,22,2.66,1.9778778746712913,3,3
0.0,Private/Medi-Gap,Bachelor's or higher,23,6.35,1.1925373714522587,4,1
0.0,Private/Medi-Gap,Bachelor's or higher,27,3.61,0.40383016161543883,7,4
0.0,Medicare/military/other govt,Some college/associate,24,1.28,3.2552521618692927,6,3
0.0,Medicaid/CHIP/state,Some college/associate,44,0.5,0.9845407202756831,9,1
0.0,Medicaid/CHIP/state,Less than high school,36,1.06,0.839429158574785,3,1
1.0,Private/Medi-Gap,Bachelor's or higher,45,6.86,0.401384904786992,15,2
0.0,Medicaid/CHIP/state,High school/GED,27,0.5,0.3650381959098757,13,1
1.0,Private/Medi-Gap,Some college/associate,34,2.92,0.8928606663818406,4,1
0.0,Single-service/IHS/uninsured,Bachelor's or higher,39,2.74,0.552860919088356,16,2
0.0,Single-service/IHS/uninsured,High school/GED,21,0.5,0.922241083927729,7,1
0.0,Single-service/IHS/uninsured,Less than high school,17,2.36,0.5029473299225878,1,1
0.0,Medicaid/CHIP/state,Some college/associate,18,1.9,0.32654403215681527,18,1
0.0,Medicaid/CHIP/state,Less than high school,21,0.5,0.6724982073344895,14,3
0.0,Private/Medi-Gap,Some college/associate,42,2.46,0.4668060314988855,19,3
0.0,Private/Medi-Gap,Bachelor's or higher,42,7.0,1.0717061776958945,5,2
0.0,Private/Medi-Gap,High school/GED,34,1.25,0.3159138062340675,5,3
0.0,Private/Medi-Gap,Some college/associate,48,2.9,0.7735595002526838,1,3
1.0,Private/Medi-Gap,Bachelor's or higher,40,1.65,0.22130497572112948,4,4
0.0,Private/Medi-Gap,Some college/associate,32,4.43,0.37846264836103666,5,1
0.0,Medicaid/CHIP/state,Some college/associate,38,0.5,0.15264826083451138,17,4
0.0,Private/Medi-Gap,High school/GED,18,3.52,1.292178062888639,3,2
0.0,Medicaid/CHIP/state,High school/GED,29,1.62,1.5635571934167118,6,3
0.0,Private/Medi-Gap,Some college/associate,35,4.17,0.667777143615623,12,4
0.0,Medicaid/CHIP/state,Some college/associate,31,2.47,1.1315120715887346,5,1
0.0,Single-service/IHS/uninsured,Less than high school,49,1.18,1.8982783049941878,15,2
1.0,Private/Medi-Gap,Bachelor's or higher,30,6.35,0.2566770923508433,13,4
0.0,Private/Medi-Gap,Bachelor's or higher,30,2.79,0.4949942988659824,4,3
0.0,Private/Medi-Gap,Some college/associate,46,4.44,0.22792372327965033,16,4
0.0,Private/Medi-Gap,Bachelor's or higher,40,2.25,1.9268170855423445,7,2
0.0,Medicare/military/other govt,Some college/associate,44,3.43,0.9188731151529883,13,4
0.0,Medicaid/CHIP/state,High school/GED,37,0.53,3.661919937962904,14,4
0.0,Medicaid/CHIP/state,Less than high school,35,0.75,3.2939597702131542,15,1
0.0,Private/Medi-Gap,High school/GED,29,1.18,0.8519389162958475,7,1
0.0,Private/Medi-Gap,Bachelor's or higher,36,2.9,0.7648956336113172,11,2
0.0,Private/Medi-Gap,Bachelor's or higher,44,4.17,0.593113722560245,13,4
0.0,Private/Medi-Gap,High school/GED,40,1.65,0.23160530033863005,1,1
0.0,Private/Medi-Gap,Bachelor's or higher,43,4.17,0.8568775362316209,11,3
0.0,Private/Medi-Gap,Some college/associate,47,2.95,0.31632901770577454,4,3
0.0,Medicare/military/other govt,Less than high school,32,4.17,0.3890252162753351,20,4
0.0,Medicaid/CHIP/state,Some college/associate,28,4.44,0.4550177162666313,15,2
0.0,Medicaid/CHIP/state,Some college/associate,25,0.5,0.1607327183446057,1,3
0.0,Private/Medi-Gap,Bachelor's or higher,43,4.79,0.7788869363891708,20,3
0.0,Private/Medi-Gap,Bachelor's or higher,35,6.35,0.3564774460454485,7,4
0.0,Private/Medi-Gap,High school/GED,42,1.14,0.47784959526264004,17,4
0.0,Private/Medi-Gap,High school/GED,18,3.8,1.7543342712736891,12,1
1.0,Private/Medi-Gap,Bachelor's or higher,42,4.8,1.2356548094902045,15,3
0.0,Private/Medi-Gap,Some college/associate,27,1.5,0.9232372874448885,10,1
0.0,Private/Medi-Gap,Some college/associate,29,2.92,0.7210915540137485,16,3
1.0,Private/Medi-Gap,Bachelor's or higher,43,4.17,1.3371897650454512,5,1
1.0,Private/Medi-Gap,Some college/associate,34,1.4,0.737475247640852,10,1
0.0,Private/Medi-Gap,Bachelor's or higher,32,6.35,1.5098650060695653,2,3
0.0,Private/Medi-Gap,Some college/associate,18,4.17,0.6225747333597844,17,2
0.0,Private/Medi-Gap,Less than high school,27,4.51,1.042558451888915,12,1
0.0,Single-service/IHS/uninsured,Some college/associate,22,1.27,2.6852547147970216,20,4
0.0,Private/Medi-Gap,Bachelor's or higher,42,4.17,0.2984174745890826,8,3
0.0,Private/Medi-Gap,Bachelor's or higher,33,7.0,1.019462893158329,20,3
0.0,Single-service/IHS/uninsured,Some college/associate,47,1.4,1.1045286445492415,2,1
0.0,Medicaid/CHIP/state,High school/GED,18,0.93,1.4476916495236405,20,2
0.0,Private/Medi-Gap,Bachelor's or higher,24,2.13,0.21591789335077163,4,3
0.0,Medicaid/CHIP/state,Less than high school,34,0.5,0.1998964228916117,18,1
0.0,Single-service/IHS/uninsured,Bachelor's or higher,45,1.62,3.1187700094478683,1,4
0.0,Private/Medi-Gap,Bachelor's or higher,37,4.44,1.3875417947528461,1,3
0.0,Single-service/IHS/uninsured,High school/GED,28,4.17,1.4133877360098628,4,4
0.0,Private/Medi-Gap,Bachelor's or higher,37,5.37,0.8373157545794043,5,1
0.0,Private/Medi-Gap,Bachelor's or higher,43,5.8,0.3447857486596,12,1
0.0,Private/Medi-Gap,Bachelor's or higher,24,4.44,0.5091676018885753,17,4
0.0,Private/Medi-Gap,Bachelor's or higher,41,6.21,0.42965087285290837,18,4
0.0,Private/Medi-Gap,Bachelor's or higher,37,4.51,1.544832474822312,3,4
0.0,Private/Medi-Gap,Bachelor's or higher,38,4.17,1.2295339550452533,14,1
0.0,Private/Medi-Gap,High school/GED,39,3.76,2.467575577727372,4,1
0.0,Private/Medi-Gap,Bachelor's or higher,28,5.37,0.3694882342331306,7,2
0.0,Private/Medi-Gap,Bachelor's or higher,39,5.37,0.5675248629654844,2,3
0.0,Private/Medi-Gap,Bachelor's or higher,25,6.21,0.37528026518569696,20,3
0.0,Medicare/military/other govt,High school/GED,19,0.5,1.1060899905453527,16,1
0.0,Medicare/military/other govt,Some college/associate,29,0.5,0.912018907414318,15,2
0.0,Single-service/IHS/uninsured,Bachelor's or higher,31,0.5,0.23320770214166886,5,3
0.0,Medicare/military/other govt,Some college/associate,19,0.81,0.4355108784713028,17,1
0.0,Single-service/IHS/uninsured,Bachelor's or higher,28,0.5,0.698521798524423,5,4
0.0,Single-service/IHS/uninsured,Some college/associate,32,2.46,1.810377872976588,2,3
0.0,Private/Medi-Gap,High school/GED,49,4.8,4.530133578761739,9,2
0.0,Private/Medi-Gap,Bachelor's or higher,30,5.8,0.569982929136517,4,2
0.0,Private/Medi-Gap,Bachelor's or higher,35,4.17,0.40457993927439895,7,2
0.0,Medicare/military/other govt,Some college/associate,24,2.9,0.9686050808128098,20,4
0.0,Medicare/military/other govt,Bachelor's or higher,27,6.35,1.4204314409759824,9,1
0.0,Private/Medi-Gap,Some college/associate,37,5.37,0.7248234962935114,8,3
0.0,Single-service/IHS/uninsured,Some college/associate,30,1.9,0.4376644814798467,4,3
0.0,Private/Medi-Gap,Some college/associate,22,5.37,2.448605150748235,12,4
0.0,Private/Medi-Gap,Bachelor's or higher,33,6.86,0.7336998844634571,15,2
0.0,Private/Medi-Gap,Some college/associate,32,1.61,0.2637242494638241,7,3
0.0,Private/Medi-Gap,Some college/associate,35,3.76,1.6312462593354808,5,3
0.0,Private/Medi-Gap,Some college/associate,28,0.5,2.871834179310691,6,2
0.0,Medicaid/CHIP/state,Some college/associate,36,0.5,0.2377537464648688,15,2
1.0,Private/Medi-Gap,Bachelor's or higher,40,4.17,0.6010572776746089,20,4
0.0,Private/Medi-Gap,Bachelor's or higher,32,4.51,0.8059749803773891,9,2
0.0,Private/Medi-Gap,Some college/associate,32,4.17,0.42858608938321757,19,3
0.0,Private/Medi-Gap,Some college/associate,21,2.25,3.844828828366993,16,4
0.0,Private/Medi-Gap,Some college/associate,28,1.14,0.7285065456453084,4,4
0.0,Medicaid/CHIP/state,Less than high school,48,0.57,1.123541804620541,4,3
0.0,Private/Medi-Gap,High school/GED,33,4.17,2.3610589143209486,13,1
0.0,Private/Medi-Gap,Bachelor's or higher,39,2.05,2.089721513540331,20,1
0.0,Private/Medi-Gap,Bachelor's or higher,35,3.52,0.4962216470629084,1,1
0.0,Single-service/IHS/uninsured,Some college/associate,19,0.5,2.43531941025564,18,3
0.0,Private/Medi-Gap,Some college/associate,26,1.25,1.9012035907787623,7,2
0.0,Private/Medi-Gap,Bachelor's or higher,30,5.8,0.7521690050934506,15,1
0.0,Medicaid/CHIP/state,Some college/associate,33,0.5,1.141410922133697,14,1
0.0,Private/Medi-Gap,Bachelor's or higher,33,6.35,0.4521511292037006,3,3
0.0,Medicaid/CHIP/state,High school/GED,40,0.57,0.6588520769025091,16,2
0.0,Single-service/IHS/uninsured,High school/GED,20,3.61,1.7312257026061182,4,1
0.0,Private/Medi-Gap,High school/GED,40,2.36,4.07680987496248,13,3
0.0,Medicaid/CHIP/state,High school/GED,38,0.92,0.29732180129645586,4,3
0.0,Private/Medi-Gap,Bachelor's or higher,42,3.43,0.6988654447576514,13,4
0.0,Private/Medi-Gap,Bachelor's or higher,30,6.86,3.0446362905149975,3,3
0.0,Private/Medi-Gap,Bachelor's or higher,26,4.17,0.3746638089301373,2,1
0.0,Private/Medi-Gap,Less than high school,18,4.17,0.5181758856837476,8,3
0.0,Private/Medi-Gap,Some college/associate,24,2.13,0.5880341907618185,15,4
0.0,Single-service/IHS/uninsured,High school/GED,23,0.5,0.3201034429869502,5,2
0.0,Private/Medi-Gap,Bachelor's or higher,22,7.0,0.25076855190760144,12,2
0.0,Private/Medi-Gap,Bachelor's or higher,37,4.51,0.6739404461760047,2,2
0.0,Medicaid/CHIP/state,Bachelor's or higher,38,1.18,0.390649520064651,16,4
0.0,Single-service/IHS/uninsured,Bachelor's or higher,26,6.35,1.085782616433924,8,3
0.0,Medicaid/CHIP/state,High school/GED,18,1.14,1.6114135008149486,12,3
0.0,Medicaid/CHIP/state,Less than high school,25,2.9,0.9151921110291812,13,4
1.0,Private/Medi-Gap,Bachelor's or higher,27,4.44,0.568331879874615,6,1
0.0,Private/Medi-Gap,Bachelor's or higher,30,3.76,0.6067105049065488,11,4
0.0,Private/Medi-Gap,Some college/associate,46,6.86,2.6485141070999094,18,3
0.0,Private/Medi-Gap,Bachelor's or higher,27,6.35,0.34713004239872186,15,3
0.0,Medicaid/CHIP/state,Less than high school,34,2.46,0.8056230747387413,17,2
0.0,Private/Medi-Gap,Some college/associate,20,6.35,3.7627019884203197,12,4
0.0,Private/Medi-Gap,Bachelor's or higher,45,3.61,0.6291925597196503,16,1
0.0,Single-service/IHS/uninsured,Less than high school,37,1.24,0.3552534727691492,5,4
0.0,Medicaid/CHIP/state,Some college/associate,24,1.5,2.860484817324736,14,1
0.0,Single-service/IHS/uninsured,Bachelor's or higher,35,1.65,0.5502265489273517,15,4
0.0,Medicare/military/other govt,High school/GED,48,1.14,0.46890019371323266,5,1
1.0,Private/Medi-Gap,Some college/associate,41,3.76,1.0900519212164972,10,1
0.0,Private/Medi-Gap,High school/GED,49,0.5,0.30591411805513974,16,4
1.0,Private/Medi-Gap,Bachelor's or higher,37,6.35,0.17955260008467064,13,3
0.0,Single-service/IHS/uninsured,Some college/associate,40,0.62,1.7225530958334765,6,1
0.0,Private/Medi-Gap,Less than high school,16,4.51,3.290638846825624,10,3
0.0,Private/Medi-Gap,Bachelor's or higher,43,6.35,0.5929889676036346,5,1
0.0,Private/Medi-Gap,High school/GED,21,1.04,3.5556871353846224,19,1
1.0,Private/Medi-Gap,Bachelor's or higher,39,6.35,0.6693757962936939,12,1
1.0,Private/Medi-Gap,High school/GED,38,5.8,1.113544158166096,9,3
0.0,Private/Medi-Gap,Bachelor's or higher,46,1.93,1.9665389464266978,16,2
0.0,Medicaid/CHIP/state,High school/GED,22,1.4,0.9539448326135352,5,1
0.0,Medicaid/CHIP/state,Some college/associate,33,0.5,0.7446449322255583,14,3
0.0,Single-service/IHS/uninsured,Some college/associate,24,0.53,3.43450329205349,5,4
0.0,Private/Medi-Gap,Bachelor's or higher,43,3.9,0.539832755743327,18,3
0.0,Medicaid/CHIP/state,High school/GED,44,1.4,1.0216992128438032,5,1
0.0,Private/Medi-Gap,High school/GED,39,1.51,3.051144480742691,20,3
0.0,Medicaid/CHIP/state,Bachelor's or higher,23,5.8,3.8493125283833876,15,3
0.0,Private/Medi-Gap,High school/GED,47,2.9,1.2780562134847546,2,3
1.0,Single-service/IHS/uninsured,Some college/associate,29,6.35,2.621015080149039,4,4
0.0,Private/Medi-Gap,Bachelor's or higher,38,1.86,0.9355605572271976,18,4
1.0,Private/Medi-Gap,Some college/associate,32,4.51,3.308270055356476,8,1
0.0,Medicaid/CHIP/state,Bachelor's or higher,29,5.8,1.6542006289791222,15,3
0.0,Private/Medi-Gap,High school/GED,35,5.37,0.764055175133632,19,4
0.0,Private/Medi-Gap,Some college/associate,27,4.51,2.7961171429216383,15,4
0.0,Private/Medi-Gap,Bachelor's or higher,30,6.35,0.5411693354546637,12,2
0.0,Private/Medi-Gap,Some college/associate,18,2.9,0.6078688413996399,16,1
0.0,Private/Medi-Gap,Bachelor's or higher,37,2.92,0.7806611152041655,10,1
0.0,Single-service/IHS/uninsured,Less than high school,48,3.43,0.66196221419,17,3
0.0,Medicaid/CHIP/state,Some college/associate,26,4.06,3.072011847923532,12,3
0.0,Private/Medi-Gap,Bachelor's or higher,39,6.86,0.8194970912910121,15,3
0.0,Medicaid/CHIP/state,High school/GED,20,0.5,1.0911747981211284,20,1
0.0,Private/Medi-Gap,Some college/associate,19,4.06,0.43812625194766275,6,1
0.0,Medicare/military/other govt,High school/GED,22,0.75,3.5793768814107922,14,1
0.0,Private/Medi-Gap,Some college/associate,48,3.76,0.16716563975444096,15,3
0.0,Medicare/military/other govt,Bachelor's or higher,39,2.46,0.9963676400528021,3,3
0.0,Single-service/IHS/uninsured,Bachelor's or higher,32,3.8,2.6894547537597044,20,3
0.0,Private/Medi-Gap,Bachelor's or higher,30,3.43,0.2858451149416529,4,3
1.0,Private/Medi-Gap,Some college/associate,48,5.37,0.9373291662118394,9,1
0.0,Private/Medi-Gap,Bachelor's or higher,40,4.17,0.848795449253848,11,4
0.0,Single-service/IHS/uninsured,High school/GED,37,0.5,1.404366110637245,16,2
0.0,Medicaid/CHIP/state,Bachelor's or higher,46,0.97,0.43199159286602945,18,1
0.0,Medicare/military/other govt,Less than high school,23,1.65,1.1803602612639599,1,1
0.0,Private/Medi-Gap,Bachelor's or higher,36,4.51,1.391892890764761,6,4
0.0,Private/Medi-Gap,Some college/associate,41,4.79,0.6263661707753705,19,4
0.0,Single-service/IHS/uninsured,Bachelor's or higher,22,0.5,0.6163510563579205,5,1
0.0,Private/Medi-Gap,Some college/associate,29,1.9,0.5469965219360271,4,4
0.0,Private/Medi-Gap,High school/GED,42,2.13,0.6746416448062978,10,1
0.0,Private/Medi-Gap,High school/GED,41,3.52,3.7491436042846944,6,1
0.0,Private/Medi-Gap,Some college/associate,33,4.79,1.3759798347575047,20,3
0.0,Private/Medi-Gap,Bachelor's or higher,31,2.66,0.7529950485043045,20,1
0.0,Single-service/IHS/uninsured,High school/GED,24,0.96,1.660022938429963,10,3
0.0,Medicaid/CHIP/state,Some college/associate,42,1.51,0.7895021765461955,9,4
0.0,Medicaid/CHIP/state,Some college/associate,34,1.14,0.2907267349838574,20,4
0.0,Medicaid/CHIP/state,High school/GED,27,1.14,0.3918600580633341,11,2
0.0,Medicaid/CHIP/state,Bachelor's or higher,41,1.28,1.049099569116923,12,3
0.0,Private/Medi-Gap,Bachelor's or higher,46,3.76,0.6839400795660497,16,2
0.0,Private/Medi-Gap,Some college/associate,18,3.52,0.5748633729694986,17,3
0.0,Medicaid/CHIP/state,High school/GED,27,1.09,1.1257365861332924,15,4
0.0,Private/Medi-Gap,Bachelor's or higher,32,6.35,0.5798430726404056,15,3
1.0,Private/Medi-Gap,Bachelor's or higher,32,6.35,0.7908613262209212,11,3
0.0,Private/Medi-Gap,Some college/associate,49,4.17,1.2179012398669269,15,2
0.0,Private/Medi-Gap,Some college/associate,27,4.17,0.4246168965567981,13,3
0.0,Medicaid/CHIP/state,Some college/associate,25,0.53,1.4960701546074053,9,4
1.0,Private/Medi-Gap,Some college/associate,32,3.76,0.4684185061820869,13,1
0.0,Private/Medi-Gap,Some college/associate,20,1.9,2.4369897466205357,2,3
0.0,Medicare/military/other govt,Some college/associate,37,1.9,0.2876742782393058,4,1
0.0,Private/Medi-Gap,Bachelor's or higher,27,6.35,1.0414381742881436,18,1
0.0,Private/Medi-Gap,Some college/associate,32,3.61,0.1577317888669477,16,2
0.0,Medicaid/CHIP/state,Some college/associate,26,2.66,0.4776930134068443,10,2
0.0,Medicare/military/other govt,Some college/associate,22,2.29,0.46510472883024645,4,4
0.0,Private/Medi-Gap,Bachelor's or higher,41,2.09,3.0205474533226995,15,1
1.0,Private/Medi-Gap,High school/GED,39,0.5,2.110491164189949,6,3
0.0,Private/Medi-Gap,Bachelor's or higher,44,2.66,2.38283726855266,14,3
0.0,Private/Medi-Gap,Bachelor's or higher,42,1.17,2.7746473000426857,20,3
0.0,Medicare/military/other govt,Bachelor's or higher,41,3.43,0.553894260597351,17,4
1.0,Medicaid/CHIP/state,High school/GED,31,0.59,0.5494702391663575,16,1
0.0,Private/Medi-Gap,Less than high school,49,5.37,0.9398357069026773,17,2
1.0,Private/Medi-Gap,Bachelor's or higher,39,4.17,0.3239266300009444,2,1
0.0,Private/Medi-Gap,Bachelor's or higher,38,4.51,0.48253510994180976,8,1
0.0,Private/Medi-Gap,Bachelor's or higher,40,5.37,0.31975281694824664,6,1
0.0,Private/Medi-Gap,Some college/associate,33,0.64,1.81727581193414,6,4
0.0,Private/Medi-Gap,Bachelor's or higher,34,6.35,0.5020766461701145,5,4
0.0,Private/Medi-Gap,Bachelor's or higher,30,1.25,1.1452461558439395,10,1
0.0,Private/Medi-Gap,Bachelor's or higher,45,6.86,3.3526384234718543,18,4
1.0,Private/Medi-Gap,Bachelor's or higher,31,6.35,0.39134526597116887,6,1
0.0,Private/Medi-Gap,Some college/associate,21,4.44,0.3457407304377874,5,2
0.0,Private/Medi-Gap,High school/GED,45,1.81,0.259740646043135,16,2
0.0,Single-service/IHS/uninsured,Bachelor's or higher,30,1.5,0.8073768631442775,8,1
0.0,Single-service/IHS/uninsured,High school/GED,30,0.5,0.4823415328434441,1,1
0.0,Private/Medi-Gap,High school/GED,20,4.06,2.63583629361289,6,4
0.0,Private/Medi-Gap,Bachelor's or higher,41,7.0,0.46152252531211146,19,3
0.0,Single-service/IHS/uninsured,Bachelor's or higher,29,0.57,1.2506034604041758,5,1
0.0,Medicaid/CHIP/state,High school/GED,40,1.9,0.3345755934979202,18,1
0.0,Private/Medi-Gap,Bachelor's or higher,49,3.8,2.6485141070999094,18,2
0.0,Medicaid/CHIP/state,High school/GED,18,0.5,1.4068700169891553,2,2
0.0,Medicaid/CHIP/state,High school/GED,25,0.68,2.4361105609752483,6,3
0.0,Private/Medi-Gap,Bachelor's or higher,39,2.09,1.6086350939614147,15,1
0.0,Medicare/military/other govt,Bachelor's or higher,41,1.48,0.21785997236111368,4,4
0.0,Medicare/military/other govt,Bachelor's or higher,40,2.74,1.2639753893998347,4,1
0.0,Private/Medi-Gap,Some college/associate,19,1.78,0.986744174085855,14,2
0.0,Private/Medi-Gap,Some college/associate,32,1.37,0.511016296640184,20,4
0.0,Private/Medi-Gap,Bachelor's or higher,30,4.43,0.29347209884863984,7,3
1.0,Private/Medi-Gap,Bachelor's or higher,48,6.35,0.6464154937967629,10,4
0.0,Private/Medi-Gap,Bachelor's or higher,30,4.17,0.9124845003571163,15,2
0.0,Medicaid/CHIP/state,High school/GED,31,1.27,2.343166609556326,10,1
0.0,Medicaid/CHIP/state,Some college/associate,20,3.13,3.43450329205349,18,2
0.0,Private/Medi-Gap,Some college/associate,32,2.46,0.35824604630859475,4,3
0.0,Private/Medi-Gap,Some college/associate,44,3.19,0.4765983952660999,14,2
0.0,Private/Medi-Gap,Bachelor's or higher,41,4.17,0.5390806757586137,10,4
0.0,Private/Medi-Gap,Bachelor's or higher,44,5.37,1.7123045386594407,11,3
0.0,Private/Medi-Gap,Some college/associate,38,2.79,0.6821085003395728,16,3
0.0,Private/Medi-Gap,Bachelor's or higher,32,7.0,0.3724067036098228,2,3
0.0,Single-service/IHS/uninsured,Less than high school,45,0.9,0.3907751142974919,15,1
0.0,Single-service/IHS/uninsured,High school/GED,32,0.81,1.1514435775659955,6,3
0.0,Private/Medi-Gap,Some college/associate,42,4.17,0.1997847921459411,17,2
1.0,Private/Medi-Gap,Bachelor's or higher,34,4.17,0.8184586675354482,8,3
0.0,Private/Medi-Gap,High school/GED,18,2.25,1.0380954426890492,16,3
0.0,Medicare/military/other govt,Some college/associate,20,3.43,0.3194309932387798,2,1
0.0,Private/Medi-Gap,Bachelor's or higher,26,2.46,0.7291980559612148,17,4
0.0,Medicaid/CHIP/state,High school/GED,27,1.61,0.9484032651243753,1,3
0.0,Private/Medi-Gap,Bachelor's or higher,32,4.8,1.089382163279674,5,2
0.0,Single-service/IHS/uninsured,Some college/associate,19,0.57,0.21471754720239633,8,1
0.0,Private/Medi-Gap,Some college/associate,32,4.44,1.1612431528919314,11,3
0.0,Private/Medi-Gap,High school/GED,42,1.62,1.743902655124982,18,4
0.0,Medicare/military/other govt,Some college/associate,40,4.44,0.6887547449846981,14,1
0.0,Medicaid/CHIP/state,Some college/associate,36,0.7,0.2601293856884982,18,1
0.0,Single-service/IHS/uninsured,Some college/associate,48,1.65,0.4631480710573095,8,1
0.0,Private/Medi-Gap,Bachelor's or higher,40,3.52,0.6763069575897274,2,1
0.0,Private/Medi-Gap,Bachelor's or higher,47,6.35,0.42961755621791464,19,3
0.0,Medicaid/CHIP/state,Some college/associate,40,0.5,0.3388516488671737,16,2
0.0,Medicaid/CHIP/state,Some college/associate,38,0.5,0.5153971767086609,14,1
1.0,Private/Medi-Gap,Less than high school,45,2.92,0.3533483764036612,7,2
0.0,Private/Medi-Gap,Some college/associate,34,3.76,0.22833378027291462,3,3
0.0,Private/Medi-Gap,Bachelor's or higher,41,4.17,0.6993873078955534,2,3
0.0,Private/Medi-Gap,Bachelor's or higher,35,2.92,0.34225112162213445,17,3
0.0,Single-service/IHS/uninsured,High school/GED,20,0.62,1.0774491379361615,6,4
0.0,Private/Medi-Gap,Bachelor's or higher,28,5.37,0.23251417447674147,13,1
0.0,Private/Medi-Gap,Bachelor's or higher,36,4.17,1.2805622375946992,2,3
0.0,Medicare/military/other govt,High school/GED,22,2.46,0.26103610367908603,8,3
0.0,Medicaid/CHIP/state,Less than high school,15,1.06,0.6871699190079477,20,2
0.0,Private/Medi-Gap,Bachelor's or higher,31,5.37,1.4194032504419232,15,2
0.0,Medicaid/CHIP/state,Some college/associate,27,1.78,0.24970374637327217,12,2
0.0,Single-service/IHS/uninsured,Some college/associate,34,1.9,0.3754229066625586,8,4
0.0,Private/Medi-Gap,Less than high school,45,2.25,0.2668177963049442,20,4
0.0,Medicaid/CHIP/state,Less than high school,17,0.82,0.5596353778439664,16,4
0.0,Private/Medi-Gap,Some college/associate,20,2.9,1.324219037519686,8,2
0.0,Medicaid/CHIP/state,Bachelor's or higher,26,6.35,0.8078912159563267,10,1
0.0,Single-service/IHS/uninsured,Less than high school,18,2.36,0.46123509142885344,18,1
0.0,Private/Medi-Gap,Bachelor's or higher,38,3.8,0.7811469136905325,12,2
0.0,Medicaid/CHIP/state,High school/GED,27,1.68,2.6539586214878534,10,4
0.0,Private/Medi-Gap,Less than high school,15,1.61,1.1709716361018894,18,1
1.0,Private/Medi-Gap,Bachelor's or higher,43,5.37,0.5534192980101977,11,4
0.0,Single-service/IHS/uninsured,Less than high school,42,0.5,0.48186902748176935,17,4
0.0,Single-service/IHS/uninsured,Some college/associate,22,3.61,0.946209091880035,13,4
0.0,Private/Medi-Gap,Bachelor's or higher,39,4.17,0.7086870282932081,12,3
0.0,Single-service/IHS/uninsured,Less than high school,43,0.92,0.6253124274518843,20,4
0.0,Private/Medi-Gap,Bachelor's or higher,41,2.79,2.1556364133163637,4,4
0.0,Private/Medi-Gap,Bachelor's or higher,27,5.75,0.26967154189738646,16,2
0.0,Private/Medi-Gap,Bachelor's or higher,49,6.35,1.591926299131523,8,2
0.0,Medicaid/CHIP/state,Bachelor's or higher,33,0.99,2.7982907930705188,14,2
0.0,Medicaid/CHIP/state,High school/GED,18,4.43,0.7494853569169055,15,2
0.0,Private/Medi-Gap,Some college/associate,21,1.6,0.31015199332564763,17,1
0.0,Private/Medi-Gap,Bachelor's or higher,32,3.52,0.5745115520858978,10,4
0.0,Private/Medi-Gap,Bachelor's or higher,42,4.44,0.4480096690234614,16,2
0.0,Medicaid/CHIP/state,High school/GED,32,0.59,0.6525231581350298,16,3
0.0,Private/Medi-Gap,Some college/associate,47,6.35,1.051198417159774,4,4
0.0,Single-service/IHS/uninsured,High school/GED,29,1.48,2.283888706807459,14,1
0.0,Private/Medi-Gap,Less than high school,18,3.15,0.9909949892977545,18,2
0.0,Private/Medi-Gap,Bachelor's or higher,34,3.15,2.437018558863951,5,2
0.0,Single-service/IHS/uninsured,Bachelor's or higher,28,2.06,3.086867919788988,18,3
0.0,Single-service/IHS/uninsured,Bachelor's or higher,41,0.5,0.9805603638603518,2,3
0.0,Private/Medi-Gap,Bachelor's or higher,24,2.46,0.286692251699602,4,3
0.0,Medicaid/CHIP/state,Some college/associate,46,2.55,2.282945756593352,11,2
0.0,Private/Medi-Gap,Bachelor's or higher,26,6.21,0.5995054819398088,11,3
0.0,Private/Medi-Gap,Some college/associate,25,3.43,0.8430684560593731,6,1
0.0,Medicaid/CHIP/state,High school/GED,26,0.5,0.21045398988542408,13,4
0.0,Private/Medi-Gap,Bachelor's or higher,35,4.17,1.2505598954155095,2,3
0.0,Medicaid/CHIP/state,Less than high school,21,0.5,1.36338806665157,4,4
0.0,Private/Medi-Gap,Bachelor's or higher,30,6.35,0.3897407806251939,17,3
0.0,Private/Medi-Gap,Some college/associate,49,6.35,1.032407683552519,14,1
0.0,Medicaid/CHIP/state,Some college/associate,21,1.93,2.2971699285217353,2,1
0.0,Medicaid/CHIP/state,Less than high school,24,5.75,1.3687324217440957,1,1
1.0,Private/Medi-Gap,Some college/associate,45,5.37,3.3526384234718543,10,4
0.0,Private/Medi-Gap,Bachelor's or higher,42,6.86,2.5800557955786028,19,4
0.0,Single-service/IHS/uninsured,Some college/associate,41,4.44,0.4916042333248962,17,3
1.0,Medicaid/CHIP/state,Some college/associate,34,2.79,0.3026985311769929,1,1
0.0,Private/Medi-Gap,Some college/associate,40,5.37,0.3077765634745176,8,3
0.0,Private/Medi-Gap,Bachelor's or higher,45,4.17,0.55581111301711,19,3
0.0,Private/Medi-Gap,Bachelor's or higher,43,3.7,0.3530398362028785,8,2
0.0,Private/Medi-Gap,High school/GED,33,5.37,0.895274537082072,19,3
0.0,Private/Medi-Gap,Bachelor's or higher,25,3.43,0.948322393006493,16,2
0.0,Private/Medi-Gap,High school/GED,18,4.51,1.5254677467907845,1,2
0.0,Medicare/military/other govt,Some college/associate,23,4.43,0.3623798288146255,15,2
0.0,Medicare/military/other govt,Some college/associate,31,1.68,0.35931637374232245,1,1
0.0,Private/Medi-Gap,Some college/associate,49,3.61,0.5633831491909885,7,1
0.0,Private/Medi-Gap,Some college/associate,21,4.17,1.8543777034866653,5,4
0.0,Private/Medi-Gap,Bachelor's or higher,34,3.76,1.1528468363910787,9,1
0.0,Private/Medi-Gap,Bachelor's or higher,48,2.9,0.38360317531798693,8,3
1.0,Private/Medi-Gap,Bachelor's or higher,42,4.17,0.8157487982196506,5,2
0.0,Private/Medi-Gap,Bachelor's or higher,31,5.37,1.0729929240485943,2,3
0.0,Medicaid/CHIP/state,Some college/associate,34,0.5,0.6065051938930933,3,1
0.0,Single-service/IHS/uninsured,Bachelor's or higher,41,1.93,0.5189210778486745,3,1
0.0,Single-service/IHS/uninsured,Some college/associate,18,0.57,0.13616374172390233,16,3
0.0,Medicaid/CHIP/state,Bachelor's or higher,26,2.95,0.5075551385358639,11,1
0.0,Medicaid/CHIP/state,High school/GED,37,2.95,0.23479989412960972,3,1
0.0,Private/Medi-Gap,High school/GED,19,4.17,1.7798029646112086,2,1
0.0,Private/Medi-Gap,Some college/associate,43,3.76,1.4836771210599868,19,2
0.0,Private/Medi-Gap,High school/GED,29,3.76,2.231681993662686,16,4
0.0,Private/Medi-Gap,Bachelor's or higher,48,4.17,2.13475298069337,15,2
0.0,Private/Medi-Gap,Less than high school,18,1.27,1.855526969251618,10,4
0.0,Single-service/IHS/uninsured,Some college/associate,24,2.79,1.472735863943136,15,3
0.0,Medicare/military/other govt,High school/GED,18,0.81,3.290638846825624,20,1
0.0,Private/Medi-Gap,Some college/associate,30,2.36,0.30421080720623167,17,2
0.0,Medicare/military/other govt,Bachelor's or higher,30,0.5,0.8371583062392934,17,3
0.0,Medicaid/CHIP/state,Some college/associate,27,1.4,0.5936733565574837,17,2
0.0,Private/Medi-Gap,Some college/associate,48,2.05,0.33485659948983504,5,4
0.0,Private/Medi-Gap,Some college/associate,33,2.46,0.4305246364114694,11,2
0.0,Private/Medi-Gap,Some college/associate,49,6.35,0.7093404622738038,16,2
1.0,Private/Medi-Gap,Some college/associate,39,2.05,1.8090248693472666,6,4
0.0,Single-service/IHS/uninsured,Less than high school,18,2.31,0.6587099546155352,19,1
0.0,Medicare/military/other govt,Some college/associate,24,2.09,1.1170437566722615,18,3
0.0,Private/Medi-Gap,Bachelor's or higher,24,0.5,2.739372776501488,19,3
0.0,Single-service/IHS/uninsured,Bachelor's or higher,29,1.14,0.6020937783776643,8,1
0.0,Private/Medi-Gap,Bachelor's or higher,36,4.17,0.26352548784630864,16,2
0.0,Medicaid/CHIP/state,Some college/associate,32,0.5,0.3558980149240804,10,4
0.0,Private/Medi-Gap,Bachelor's or higher,34,4.17,0.753930021158931,4,1
1.0,Private/Medi-Gap,Bachelor's or higher,32,5.37,0.3242003346847302,20,2
0.0,Private/Medi-Gap,Bachelor's or higher,32,2.18,0.7521429896920433,12,2
0.0,Single-service/IHS/uninsured,Some college/associate,28,5.8,2.3452268556633067,15,3
0.0,Medicaid/CHIP/state,Less than high school,43,1.17,2.0788806885451714,19,4
0.0,Private/Medi-Gap,High school/GED,40,1.48,0.5431324241006518,12,1
1.0,Private/Medi-Gap,Bachelor's or higher,45,4.51,2.262719945610611,19,4
0.0,Medicaid/CHIP/state,High school/GED,47,1.48,0.21864203714587319,17,4
1.0,Private/Medi-Gap,Bachelor's or higher,33,5.37,0.3463763837487621,16,4
0.0,Private/Medi-Gap,Bachelor's or higher,40,6.35,0.6119872771296639,16,2
1.0,Private/Medi-Gap,Bachelor's or higher,39,1.9,0.6933329505310815,8,4
0.0,Medicaid/CHIP/state,Some college/associate,35,1.28,0.4356546536680499,14,3
1.0,Medicaid/CHIP/state,High school/GED,44,0.97,0.4428473259534215,17,4
0.0,Private/Medi-Gap,Some college/associate,20,5.37,0.37816606503255185,4,4
0.0,Medicaid/CHIP/state,Less than high school,22,0.74,0.4031033619665934,16,1
0.0,Private/Medi-Gap,Some college/associate,36,2.06,0.4051876722453331,18,2
0.0,Private/Medi-Gap,Bachelor's or higher,45,4.17,0.404143812985357,20,2
0.0,Private/Medi-Gap,Some college/associate,36,3.15,3.6983757992646296,13,2
0.0,Medicaid/CHIP/state,Some college/associate,24,1.09,1.159206740321604,20,2
0.0,Private/Medi-Gap,Bachelor's or higher,33,6.86,1.333941632601973,8,4
0.0,Medicaid/CHIP/state,Less than high school,30,0.58,1.0645487481542757,16,3
0.0,Single-service/IHS/uninsured,Some college/associate,45,0.62,2.6485141070999094,15,2
0.0,Medicaid/CHIP/state,Less than high school,34,2.29,0.497602827608235,14,1
0.0,Medicaid/CHIP/state,High school/GED,44,1.81,0.2774952418211857,15,4
0.0,Private/Medi-Gap,Bachelor's or higher,22,2.95,0.9507550111951313,12,1
0.0,Private/Medi-Gap,Bachelor's or higher,40,5.37,0.6154266223262304,12,1
0.0,Single-service/IHS/uninsured,High school/GED,19,0.5,2.037725754738466,17,2
0.0,Private/Medi-Gap,Some college/associate,39,3.76,0.48688411793822656,12,2
0.0,Private/Medi-Gap,Bachelor's or higher,39,2.43,1.0607886408107967,10,2
0.0,Medicare/military/other govt,Bachelor's or higher,39,2.47,0.39105652863430335,10,2
0.0,Private/Medi-Gap,Bachelor's or higher,47,4.51,0.5094620481524672,5,4
0.0,Private/Medi-Gap,Some college/associate,46,4.43,2.399051688758844,16,3
0.0,Medicaid/CHIP/state,High school/GED,18,1.93,0.24266530561244595,3,2
0.0,Private/Medi-Gap,Some college/associate,48,2.29,1.3208515025834444,5,1
1.0,Private/Medi-Gap,Bachelor's or higher,46,7.0,0.3941983812305616,19,3
0.0,Medicaid/CHIP/state,High school/GED,31,2.36,0.2820099317713593,4,1
0.0,Medicare/military/other govt,High school/GED,19,0.75,1.3816439079519225,15,4
0.0,Medicare/military/other govt,Bachelor's or higher,33,2.09,0.8673168839489066,9,2
0.0,Private/Medi-Gap,Bachelor's or higher,30,4.43,0.286883288084668,20,4
1.0,Private/Medi-Gap,Bachelor's or higher,36,6.35,0.5482963318219111,12,1
0.0,Private/Medi-Gap,Bachelor's or higher,30,6.35,1.0742034750922493,2,3
0.0,Private/Medi-Gap,Bachelor's or higher,27,2.36,0.530991547552183,19,4
0.0,Medicare/military/other govt,Some college/associate,19,5.37,0.26027945042534195,7,2
0.0,Private/Medi-Gap,High school/GED,23,3.43,0.5198356969924778,5,4
0.0,Medicaid/CHIP/state,Some college/associate,31,0.5,0.5933283139159039,18,1
0.0,Medicaid/CHIP/state,Some college/associate,22,4.43,0.1739036103814523,19,4
0.0,Single-service/IHS/uninsured,Less than high school,47,1.51,0.34024722099838206,5,2
1.0,Private/Medi-Gap,Bachelor's or higher,40,3.52,0.3473808351172229,17,3
0.0,Medicare/military/other govt,Some college/associate,49,0.5,0.6510778376984023,1,1
0.0,Private/Medi-Gap,Some college/associate,32,1.81,0.19889658049813377,15,4
0.0,Medicaid/CHIP/state,Some college/associate,30,1.61,0.29049568102255374,16,3
0.0,Medicare/military/other govt,High school/GED,24,2.79,1.2274278599613568,15,3
1.0,Private/Medi-Gap,Bachelor's or higher,28,2.9,0.7076240510676189,18,1
0.0,Private/Medi-Gap,Bachelor's or higher,27,5.37,0.6624010706053358,18,1
0.0,Private/Medi-Gap,Bachelor's or higher,48,6.21,1.1856631333453587,9,4
0.0,Medicaid/CHIP/state,Less than high school,49,0.68,1.815944327290716,15,1
0.0,Single-service/IHS/uninsured,Some college/associate,46,2.46,0.3902940824439129,16,2
0.0,Private/Medi-Gap,High school/GED,43,5.37,1.3841719281210285,4,3
0.0,Private/Medi-Gap,Some college/associate,26,1.93,0.8606555606578573,7,2
0.0,Medicaid/CHIP/state,High school/GED,36,0.5,0.6236054191360977,18,1
0.0,Medicaid/CHIP/state,Some college/associate,35,0.58,0.18380467886983454,2,1
0.0,Private/Medi-Gap,Some college/associate,32,3.76,0.22121374082653422,17,2
0.0,Private/Medi-Gap,Bachelor's or higher,24,2.13,0.7493636339099708,1,1
0.0,Private/Medi-Gap,Bachelor's or higher,33,5.8,0.4138965729628472,2,4
0.0,Private/Medi-Gap,Bachelor's or higher,45,6.35,0.8017133154758768,12,4
0.0,Private/Medi-Gap,Less than high school,28,0.5,1.0513821045293845,15,2
0.0,Medicare/military/other govt,Some college/associate,33,2.29,0.5946425164312673,19,2
0.0,Private/Medi-Gap,Some college/associate,47,4.43,0.25546032116634276,1,1
0.0,Single-service/IHS/uninsured,Some college/associate,19,2.08,2.052723280317442,15,1
0.0,Single-service/IHS/uninsured,Some college/associate,27,0.5,1.5538522761351232,19,1
0.0,Medicaid/CHIP/state,Less than high school,21,4.43,1.4913069023307808,14,1
0.0,Medicare/military/other govt,Some college/associate,31,1.6,0.8403404169610741,9,3
0.0,Private/Medi-Gap,Bachelor's or higher,26,3.43,1.3461785103796542,18,1
0.0,Private/Medi-Gap,Bachelor's or higher,25,5.37,2.1841457271362215,8,3
0.0,Private/Medi-Gap,Some college/associate,39,6.35,0.4356859474378632,13,3
0.0,Single-service/IHS/uninsured,High school/GED,19,4.17,0.5555665030190202,3,3
0.0,Medicaid/CHIP/state,High school/GED,36,0.5,0.254420825635875,20,2
0.0,Private/Medi-Gap,Some college/associate,30,2.31,0.4868326741591541,18,4
0.0,Medicaid/CHIP/state,High school/GED,28,2.36,1.0782441156778562,17,2
0.0,Private/Medi-Gap,Bachelor's or higher,41,7.0,0.13114417296581093,16,4
0.0,Private/Medi-Gap,Bachelor's or higher,36,3.11,0.6559511111947742,8,4
0.0,Medicaid/CHIP/state,High school/GED,22,0.62,0.41615882635093254,4,2
0.0,Private/Medi-Gap,High school/GED,43,2.79,2.7792892564420315,3,3
0.0,Private/Medi-Gap,Some college/associate,20,4.06,3.8493125283833876,9,2
0.0,Private/Medi-Gap,High school/GED,29,6.35,1.2016467760691036,2,3
0.0,Private/Medi-Gap,Some college/associate,32,3.15,0.7062022346889222,1,2
0.0,Private/Medi-Gap,High school/GED,45,3.7,1.1245943691258096,14,3
0.0,Medicaid/CHIP/state,High school/GED,41,0.5,0.41718174351094645,16,4
1.0,Private/Medi-Gap,Some college/associate,35,3.13,0.47299106735541996,7,4
0.0,Medicaid/CHIP/state,High school/GED,26,0.92,0.9842567371975177,15,2
0.0,Single-service/IHS/uninsured,High school/GED,30,3.7,3.4857111099442992,6,3
0.0,Private/Medi-Gap,Bachelor's or higher,35,7.0,0.3142407385501949,17,3
0.0,Single-service/IHS/uninsured,Some college/associate,38,1.09,1.445756695527948,13,1
0.0,Private/Medi-Gap,Bachelor's or higher,26,4.17,1.0030008458383761,3,1
1.0,Private/Medi-Gap,Less than high school,30,1.25,0.39824300835962767,5,2
0.0,Private/Medi-Gap,Bachelor's or higher,44,3.43,0.4560773950524013,4,1
1.0,Medicaid/CHIP/state,High school/GED,41,2.29,1.0228649055829915,10,1
0.0,Medicaid/CHIP/state,High school/GED,46,0.74,0.8790769314721502,18,1
0.0,Medicaid/CHIP/state,Some college/associate,21,1.48,0.250660735511759,13,4
0.0,Private/Medi-Gap,Bachelor's or higher,28,6.35,1.9407287811918914,2,3
0.0,Private/Medi-Gap,Some college/associate,19,0.57,0.3355517669450208,17,4
0.0,Medicare/military/other govt,Bachelor's or higher,32,3.43,0.6025565357162518,16,2
1.0,Private/Medi-Gap,Bachelor's or higher,27,3.43,1.0385148802844448,10,1
0.0,Medicaid/CHIP/state,Some college/associate,46,3.43,0.37278890474247983,16,3
0.0,Private/Medi-Gap,High school/GED,22,0.5,1.0214920750870042,7,4
0.0,Private/Medi-Gap,Some college/associate,25,2.95,1.6816519135685615,11,1
0.0,Medicaid/CHIP/state,Some college/associate,48,2.79,0.882598230102968,11,2
0.0,Medicare/military/other govt,Some college/associate,37,2.06,0.74419725919814,8,1
0.0,Private/Medi-Gap,Bachelor's or higher,39,4.17,1.1443786756384313,19,3
0.0,Private/Medi-Gap,Some college/associate,41,1.65,1.4785540265837178,14,1
0.0,Private/Medi-Gap,Some college/associate,44,2.18,1.2655537624388955,8,2
0.0,Medicare/military/other govt,Some college/associate,41,4.44,0.4538104861746899,16,1
0.0,Medicare/military/other govt,High school/GED,18,0.92,2.1063497530588045,11,1
0.0,Private/Medi-Gap,Bachelor's or higher,44,6.86,0.777144881004212,12,4
0.0,Private/Medi-Gap,Bachelor's or higher,40,5.75,0.16917150346013052,16,4
0.0,Private/Medi-Gap,Some college/associate,41,3.76,0.34662261199427064,17,2
0.0,Medicare/military/other govt,Bachelor's or higher,32,4.17,0.42331594318593535,17,3
0.0,Medicare/military/other govt,Bachelor's or higher,33,4.79,1.0971760175001004,15,2
0.0,Private/Medi-Gap,Bachelor's or higher,36,6.35,0.3851587860734995,18,1
0.0,Private/Medi-Gap,Some college/associate,43,4.8,2.7746473000426857,10,3
0.0,Private/Medi-Gap,High school/GED,18,1.5,1.0021811624104682,7,2
0.0,Medicaid/CHIP/state,Some college/associate,28,1.4,0.265687179482952,20,4
1.0,Private/Medi-Gap,Bachelor's or higher,38,5.37,0.34998392790780725,12,2
1.0,Private/Medi-Gap,Less than high school,40,6.86,2.311773915620115,2,2
0.0,Private/Medi-Gap,Some college/associate,24,6.35,0.6829110241130723,2,1
0.0,Single-service/IHS/uninsured,Bachelor's or higher,32,0.5,1.0298616262869131,8,1
0.0,Private/Medi-Gap,Less than high school,18,5.37,0.9659088848640043,5,4
1.0,Private/Medi-Gap,Bachelor's or higher,31,5.37,1.1648613510660084,12,3
0.0,Single-service/IHS/uninsured,Some college/associate,29,4.17,0.29857193667419113,20,2
1.0,Medicaid/CHIP/state,Some college/associate,32,0.5,0.2885816135925139,3,3
1.0,Private/Medi-Gap,Bachelor's or higher,32,4.51,2.218822150635647,12,3
0.0,Private/Medi-Gap,Bachelor's or higher,45,4.17,0.23603091728151968,11,4
0.0,Private/Medi-Gap,Some college/associate,36,2.46,0.3089143396753429,1,1
0.0,Private/Medi-Gap,Less than high school,17,5.37,0.884168524949907,1,3
0.0,Private/Medi-Gap,Some college/associate,46,0.74,0.6525318873830711,3,1
0.0,Medicaid/CHIP/state,Bachelor's or higher,23,0.59,0.21923568587046718,15,4
0.0,Medicare/military/other govt,High school/GED,19,3.13,0.7334138623443459,15,4
0.0,Medicaid/CHIP/state,High school/GED,31,0.5,0.8295612343041373,15,3
0.0,Private/Medi-Gap,Bachelor's or higher,41,5.8,2.7746473000426857,6,4
1.0,Medicare/military/other govt,Some college/associate,23,0.75,0.24803517517945198,13,1
0.0,Private/Medi-Gap,Some college/associate,45,1.9,1.6977046610999706,4,3
0.0,Private/Medi-Gap,Bachelor's or higher,35,4.43,0.45626522766687394,9,1
0.0,Single-service/IHS/uninsured,Less than high school,37,1.65,2.6544219132975813,18,1
0.0,Medicaid/CHIP/state,Some college/associate,41,0.9,0.5346604471346088,3,3
0.0,Medicare/military/other govt,Some college/associate,25,0.92,0.37848203505307404,15,3
0.0,Private/Medi-Gap,Some college/associate,21,1.18,1.1483682097506716,17,4
0.0,Single-service/IHS/uninsured,Bachelor's or higher,40,1.25,0.8841571586794011,11,4
0.0,Private/Medi-Gap,Bachelor's or higher,41,4.17,1.538244240646105,16,4
1.0,Private/Medi-Gap,High school/GED,36,2.29,0.3212563045425424,15,2
0.0,Medicaid/CHIP/state,Some college/associate,42,1.04,3.9780345869720573,12,2
0.0,Private/Medi-Gap,Bachelor's or higher,31,6.86,0.57697848563259,15,4
0.0,Private/Medi-Gap,Some college/associate,19,5.8,0.9252199271495619,18,4
0.0,Private/Medi-Gap,Bachelor's or higher,39,4.17,0.8827059502641881,7,3
0.0,Medicaid/CHIP/state,Some college/associate,24,1.61,0.4228751199615276,20,4
0.0,Private/Medi-Gap,Bachelor's or higher,31,1.84,0.19361214595660578,16,4
0.0,Private/Medi-Gap,High school/GED,37,2.29,0.5096104306097151,17,4
0.0,Medicaid/CHIP/state,Some college/associate,20,5.8,2.5207600100366196,12,3
0.0,Medicaid/CHIP/state,High school/GED,23,6.35,1.6847917488903417,10,1
0.0,Private/Medi-Gap,Bachelor's or higher,32,6.35,2.7684693399280778,16,2
0.0,Private/Medi-Gap,Some college/associate,27,2.29,1.287068907151365,9,1
0.0,Private/Medi-Gap,Bachelor's or higher,23,4.44,0.8405640062911985,9,1
0.0,Private/Medi-Gap,Some college/associate,29,3.61,0.3954095271249424,7,3
0.0,Private/Medi-Gap,High school/GED,36,2.36,0.827085808480639,15,4
0.0,Single-service/IHS/uninsured,Bachelor's or higher,32,2.66,0.4307908037104033,11,3
0.0,Private/Medi-Gap,High school/GED,37,2.29,0.3822581851777259,4,1
0.0,Single-service/IHS/uninsured,Some college/associate,45,0.75,0.5639787703153568,16,3
0.0,Private/Medi-Gap,Some college/associate,20,4.17,0.684622089713338,10,1
0.0,Single-service/IHS/uninsured,High school/GED,20,1.68,0.9339085606021538,8,2
0.0,Medicaid/CHIP/state,Some college/associate,24,7.0,0.8628830500153926,18,1
0.0,Medicaid/CHIP/state,Less than high school,18,0.5,1.1695731785719483,17,2
0.0,Private/Medi-Gap,High school/GED,19,3.76,1.0523111376218788,14,1
0.0,Private/Medi-Gap,Some college/associate,49,6.86,0.4480672398395501,4,2
0.0,Medicaid/CHIP/state,Less than high school,27,0.97,0.29287957601694803,17,2
0.0,Private/Medi-Gap,Bachelor's or higher,35,2.29,0.42941293696069144,20,2
0.0,Private/Medi-Gap,Bachelor's or higher,27,2.79,0.9069085865746827,6,1
0.0,Single-service/IHS/uninsured,Some college/associate,26,0.99,1.1265655754715491,2,4
0.0,Single-service/IHS/uninsured,High school/GED,35,2.95,0.4985998818812005,16,3
0.0,Medicaid/CHIP/state,High school/GED,27,1.4,0.8916948879185503,16,4
0.0,Private/Medi-Gap,Some college/associate,49,3.9,0.8377252384884106,6,3
0.0,Medicaid/CHIP/state,High school/GED,20,0.59,0.8262638559730207,5,2
0.0,Medicare/military/other govt,Some college/associate,23,1.4,1.3765015009536001,17,3
0.0,Medicaid/CHIP/state,Some college/associate,38,2.43,0.3966467763811135,5,4
0.0,Medicaid/CHIP/state,High school/GED,20,0.5,0.35058164919813334,18,1
0.0,Private/Medi-Gap,Some college/associate,20,2.9,0.7418755015054795,19,2
1.0,Medicaid/CHIP/state,Some college/associate,40,1.15,0.9127651886480547,15,2
0.0,Private/Medi-Gap,Some college/associate,21,5.37,1.6796173317668837,10,1
0.0,Private/Medi-Gap,Some college/associate,25,0.7,1.7677369290055147,14,1
0.0,Medicare/military/other govt,Some college/associate,29,2.9,1.9244291340834407,10,1
1.0,Medicaid/CHIP/state,Bachelor's or higher,48,1.9,0.48840011349898227,8,3
0.0,Private/Medi-Gap,High school/GED,38,2.25,0.8094196073713257,20,4
0.0,Private/Medi-Gap,Some college/associate,19,1.78,0.25866155909703087,6,3
0.0,Single-service/IHS/uninsured,Bachelor's or higher,44,6.86,1.2211775427411957,18,4
0.0,Medicaid/CHIP/state,Less than high school,26,0.5,1.5779438333904512,1,3
0.0,Private/Medi-Gap,Some college/associate,31,3.13,1.3061076607124038,2,2
0.0,Private/Medi-Gap,Bachelor's or higher,40,2.74,0.7900212523835547,19,2
1.0,Medicaid/CHIP/state,High school/GED,43,5.37,1.3887220844430472,8,3
1.0,Medicaid/CHIP/state,High school/GED,34,1.9,0.4622697855896363,20,4
0.0,Private/Medi-Gap,Bachelor's or higher,23,3.02,2.3489559636806274,1,4
0.0,Private/Medi-Gap,Some college/associate,46,6.35,0.7780005931540749,8,3
0.0,Private/Medi-Gap,Bachelor's or higher,27,4.43,0.3911156644743249,19,2
0.0,Private/Medi-Gap,Some college/associate,47,1.48,2.18029716668253,10,4
0.0,Private/Medi-Gap,Some college/associate,36,6.35,0.618021681501226,17,3
0.0,Private/Medi-Gap,High school/GED,22,0.75,0.2961168928368263,20,4
0.0,Medicaid/CHIP/state,Some college/associate,28,3.61,0.8499911707732739,11,1
1.0,Private/Medi-Gap,Some college/associate,42,2.47,1.7084783298335775,9,2
0.0,Private/Medi-Gap,Bachelor's or higher,29,2.92,0.4275350118556774,11,4
0.0,Private/Medi-Gap,Bachelor's or higher,31,6.21,0.34924028011848596,12,2
0.0,Medicaid/CHIP/state,Some college/associate,29,1.25,0.39011704666828056,12,1
0.0,Medicaid/CHIP/state,High school/GED,36,2.09,1.0604285175851826,9,4
0.0,Medicaid/CHIP/state,Some college/associate,18,2.43,0.5218617174162692,6,1
0.0,Private/Medi-Gap,Bachelor's or higher,34,2.95,0.25262380693838393,13,4
0.0,Private/Medi-Gap,Bachelor's or higher,25,5.75,0.5635083016838043,12,3
0.0,Medicaid/CHIP/state,High school/GED,24,3.7,0.35205700124762096,6,2
1.0,Private/Medi-Gap,Bachelor's or higher,36,5.37,0.6650086580969479,19,4
0.0,Medicaid/CHIP/state,High school/GED,20,3.9,5.201246819601842,10,2
0.0,Private/Medi-Gap,Bachelor's or higher,31,2.95,0.31244283145283575,17,4
0.0,Medicaid/CHIP/state,Less than high school,36,0.63,0.6006879345609192,19,3
0.0,Private/Medi-Gap,Bachelor's or higher,44,6.86,0.9282856073959261,12,2
0.0,Private/Medi-Gap,Bachelor's or higher,25,3.19,0.31508105770757866,8,4
0.0,Medicaid/CHIP/state,High school/GED,21,1.9,2.3807038364253303,8,2
1.0,Private/Medi-Gap,Bachelor's or higher,38,2.92,0.3589291612532018,10,1
0.0,Medicaid/CHIP/state,High school/GED,22,2.36,3.6283550489512666,11,2
0.0,Single-service/IHS/uninsured,Bachelor's or higher,40,6.35,0.40342802560374746,4,4
0.0,Private/Medi-Gap,Bachelor's or higher,35,4.51,1.1239430105629962,15,1
0.0,Private/Medi-Gap,Some college/associate,30,2.95,0.520476655358144,13,1
0.0,Private/Medi-Gap,Bachelor's or higher,36,7.0,0.7594260870401451,1,4
0.0,Private/Medi-Gap,Some college/associate,22,7.0,1.1773208364464887,2,3
1.0,Private/Medi-Gap,Bachelor's or higher,41,4.51,1.2658787358009573,19,2
0.0,Private/Medi-Gap,Bachelor's or higher,32,7.0,0.2111807892360987,13,3
0.0,Medicare/military/other govt,Some college/associate,33,1.61,0.2590411678582989,4,1
0.0,Medicaid/CHIP/state,Bachelor's or higher,36,3.19,0.25178002825441187,8,4
0.0,Private/Medi-Gap,High school/GED,29,2.36,0.8390328858680464,19,3
0.0,Medicaid/CHIP/state,Less than high school,18,0.5,0.9728491618374225,2,1
0.0,Private/Medi-Gap,Bachelor's or higher,46,6.86,2.412713866891815,18,3
0.0,Private/Medi-Gap,Some college/associate,44,3.43,0.5661581434798335,16,4
0.0,Medicaid/CHIP/state,High school/GED,20,1.35,3.5528182896034166,8,4
0.0,Private/Medi-Gap,Bachelor's or higher,23,1.84,0.9993678330486094,19,3
0.0,Private/Medi-Gap,Bachelor's or higher,38,4.17,0.7086245126872845,1,3
0.0,Private/Medi-Gap,High school/GED,49,2.13,0.32423080304325474,13,3
0.0,Medicaid/CHIP/state,Some college/associate,38,0.5,1.5772954781529178,3,3
0.0,Private/Medi-Gap,Some college/associate,44,6.35,1.271071416630716,6,1
0.0,Medicaid/CHIP/state,High school/GED,25,1.84,1.6707645500765347,17,2
0.0,Private/Medi-Gap,Bachelor's or higher,44,3.11,2.5009324121070313,16,1
0.0,Private/Medi-Gap,Bachelor's or higher,28,6.86,1.7903422248875842,8,4
0.0,Private/Medi-Gap,Bachelor's or higher,28,6.86,1.8183376137704759,11,3
0.0,Private/Medi-Gap,High school/GED,22,1.61,0.7773387151257983,13,1
0.0,Medicaid/CHIP/state,Some college/associate,26,0.5,1.4449719696434327,1,3
0.0,Private/Medi-Gap,Bachelor's or higher,47,3.43,0.3230668148719289,10,1
0.0,Private/Medi-Gap,Bachelor's or higher,31,6.35,0.44522068664835596,17,3
0.0,Private/Medi-Gap,Bachelor's or higher,27,3.02,3.3914511936715606,20,3
0.0,Private/Medi-Gap,Bachelor's or higher,39,1.68,0.6329320298427997,6,1
0.0,Single-service/IHS/uninsured,Some college/associate,19,0.5,0.8588972415471704,8,1
0.0,Medicaid/CHIP/state,High school/GED,25,1.14,0.5582680411447808,17,3
0.0,Private/Medi-Gap,Less than high school,18,1.82,2.128187856244224,7,3
0.0,Medicaid/CHIP/state,High school/GED,19,2.79,1.1770734165614187,20,4
0.0,Medicare/military/other govt,Some college/associate,25,6.35,0.4098437321230354,19,1
0.0,Medicaid/CHIP/state,Less than high school,32,1.12,1.3325111932731215,2,1
0.0,Medicare/military/other govt,Some college/associate,28,4.8,0.6021538969886089,4,2
1.0,Private/Medi-Gap,Bachelor's or higher,33,5.8,1.3970356451320534,19,4
0.0,Private/Medi-Gap,Bachelor's or higher,22,1.04,0.5341845249593113,20,3
0.0,Medicaid/CHIP/state,Some college/associate,31,3.43,0.727760513160553,9,1
0.0,Medicare/military/other govt,Some college/associate,20,2.9,0.24341070545332796,19,1
1.0,Private/Medi-Gap,Bachelor's or higher,47,4.17,1.5610761194930283,7,4
0.0,Medicare/military/other govt,Some college/associate,27,2.66,2.9421669116848044,12,1
0.0,Private/Medi-Gap,Bachelor's or higher,40,3.02,3.581567920880132,11,3
0.0,Medicare/military/other govt,High school/GED,20,0.5,2.0488494461621833,6,3
0.0,Private/Medi-Gap,High school/GED,20,1.61,0.8237493451769722,3,3
0.0,Private/Medi-Gap,Some college/associate,48,1.09,2.231986276953646,15,1
0.0,Private/Medi-Gap,Some college/associate,28,2.46,0.34810396361276197,4,3
0.0,Private/Medi-Gap,Bachelor's or higher,30,4.51,1.3970356451320534,19,4
0.0,Single-service/IHS/uninsured,Bachelor's or higher,31,6.35,0.7552271647270701,6,1
0.0,Medicaid/CHIP/state,High school/GED,28,0.77,0.3474611574081688,20,2
0.0,Private/Medi-Gap,Some college/associate,29,2.9,0.33684045088605524,4,4
1.0,Medicaid/CHIP/state,High school/GED,36,1.09,0.6792625282087051,9,1
1.0,Private/Medi-Gap,Some college/associate,36,6.35,1.2232194483628973,7,1
0.0,Private/Medi-Gap,Bachelor's or higher,31,2.95,0.30978273161258346,7,2
0.0,Private/Medi-Gap,Bachelor's or higher,32,6.35,1.1152281403171853,17,3
0.0,Private/Medi-Gap,Bachelor's or higher,44,1.5,0.8051468900240635,8,4
0.0,Medicaid/CHIP/state,Some college/associate,35,2.46,0.9852923268397249,4,4
0.0,Private/Medi-Gap,Bachelor's or higher,38,6.35,1.5174531209541968,1,1
0.0,Medicaid/CHIP/state,High school/GED,34,0.58,0.5290022420158764,1,3
0.0,Single-service/IHS/uninsured,High school/GED,32,0.5,0.4064159702653099,4,3
0.0,Private/Medi-Gap,Bachelor's or higher,39,1.84,0.5924804367253411,16,4
0.0,Private/Medi-Gap,Some college/associate,27,5.37,0.6573105115565914,10,4
0.0,Private/Medi-Gap,Some college/associate,29,1.12,0.18439631822147626,8,2
1.0,Medicaid/CHIP/state,Some college/associate,43,1.84,0.9522723397284026,1,3
0.0,Private/Medi-Gap,Bachelor's or higher,31,4.06,1.1377409540562462,13,2
0.0,Private/Medi-Gap,Bachelor's or higher,41,3.76,0.24499704755400167,16,3
0.0,Private/Medi-Gap,Bachelor's or higher,39,6.21,0.7468216459302183,11,3
1.0,Medicaid/CHIP/state,Bachelor's or higher,28,2.9,0.3427754653173791,13,3
1.0,Medicaid/CHIP/state,High school/GED,22,0.5,0.5390573281658051,10,1
0.0,Medicaid/CHIP/state,Some college/associate,47,0.62,1.1421799470898502,8,4
0.0,Medicaid/CHIP/state,Less than high school,23,0.5,1.939997831154738,5,1
0.0,Private/Medi-Gap,Bachelor's or higher,45,6.21,0.30688689049166956,6,3
0.0,Medicare/military/other govt,Some college/associate,38,1.4,0.20786963466906772,20,2
0.0,Single-service/IHS/uninsured,Less than high school,19,2.95,0.5400900278621752,4,1
0.0,Private/Medi-Gap,Bachelor's or higher,40,5.8,0.8192130828683295,8,4
0.0,Private/Medi-Gap,Some college/associate,31,1.5,0.15009003715708502,15,3
0.0,Medicare/military/other govt,Bachelor's or higher,45,0.59,0.1707701392170091,20,4
0.0,Private/Medi-Gap,High school/GED,26,4.17,0.5323168894300815,8,3
0.0,Private/Medi-Gap,Bachelor's or higher,43,5.37,0.32135026628355273,2,3
0.0,Single-service/IHS/uninsured,High school/GED,22,1.18,1.1899337880961827,18,1
0.0,Private/Medi-Gap,Bachelor's or higher,27,1.4,0.725861499553719,4,3
0.0,Single-service/IHS/uninsured,Some college/associate,28,0.5,0.6248491230444403,6,1
0.0,Medicaid/CHIP/state,Some college/associate,38,0.5,0.6336090202848422,15,4
0.0,Single-service/IHS/uninsured,High school/GED,21,0.5,0.2472712187540114,17,4
0.0,Single-service/IHS/uninsured,Less than high school,44,0.75,0.6947864219135035,19,4
0.0,Medicaid/CHIP/state,Bachelor's or higher,27,5.37,0.5604976783010575,11,4
0.0,Private/Medi-Gap,Less than high school,47,3.7,0.6813695107234146,2,2
0.0,Private/Medi-Gap,Some college/associate,33,2.05,0.46483704607827353,6,3
0.0,Private/Medi-Gap,Bachelor's or higher,49,6.35,0.7488724482228598,17,3
0.0,Private/Medi-Gap,Some college/associate,23,6.35,0.44476073435147323,4,1
0.0,Medicaid/CHIP/state,High school/GED,19,0.98,1.0791169428310519,15,2
1.0,Private/Medi-Gap,Some college/associate,29,2.9,0.904896641153937,14,1
0.0,Private/Medi-Gap,Bachelor's or higher,44,4.17,0.7198803292531938,15,2
0.0,Private/Medi-Gap,Some college/associate,43,5.8,0.9696108168501184,2,2
0.0,Medicare/military/other govt,Bachelor's or higher,32,0.57,0.19045324261281998,20,4
0.0,Private/Medi-Gap,Some college/associate,20,5.37,2.289737156146012,19,3
0.0,Private/Medi-Gap,Bachelor's or higher,34,6.35,1.0627326666527679,5,2
0.0,Private/Medi-Gap,Bachelor's or higher,44,3.52,2.076617026598275,3,2
0.0,Single-service/IHS/uninsured,Less than high school,29,0.5,0.6092206792557161,3,2
0.0,Medicaid/CHIP/state,Less than high school,30,0.5,0.9035934931715188,13,3
0.0,Private/Medi-Gap,Bachelor's or higher,33,5.75,0.45396544754678597,1,3
0.0,Private/Medi-Gap,Some college/associate,19,3.8,1.3813310105068461,14,2
0.0,Single-service/IHS/uninsured,High school/GED,21,0.9,0.23377481351688797,5,2
0.0,Private/Medi-Gap,Bachelor's or higher,30,1.81,0.4598427962691673,16,2
0.0,Medicaid/CHIP/state,Less than high school,29,2.29,1.151614029879675,1,3
0.0,Private/Medi-Gap,Some college/associate,46,4.06,0.43279374273335863,14,2
0.0,Private/Medi-Gap,High school/GED,18,5.37,0.6205776527965065,7,4
0.0,Private/Medi-Gap,Bachelor's or higher,29,2.29,0.2878109994605939,7,4
1.0,Private/Medi-Gap,Bachelor's or higher,47,6.86,0.5726961792618144,7,2
0.0,Medicaid/CHIP/state,Less than high school,30,2.36,0.3361601745273668,8,1
0.0,Medicaid/CHIP/state,High school/GED,28,0.5,0.6299604700388487,1,3
0.0,Single-service/IHS/uninsured,Less than high school,46,5.37,0.37987705094667407,4,1
0.0,Single-service/IHS/uninsured,Some college/associate,34,0.5,0.2677768642901773,7,2
0.0,Private/Medi-Gap,Bachelor's or higher,32,0.59,1.687686055475286,2,3
0.0,Private/Medi-Gap,Bachelor's or higher,36,5.8,0.8810510882178545,20,1
0.0,Private/Medi-Gap,Some college/associate,40,5.8,1.637979951658915,4,2
0.0,Private/Medi-Gap,Bachelor's or higher,28,4.44,1.3318784994563204,11,1
0.0,Single-service/IHS/uninsured,High school/GED,21,0.5,0.2512483747531706,16,2
0.0,Private/Medi-Gap,Some college/associate,24,5.8,1.8628138988397953,15,2
0.0,Private/Medi-Gap,Some college/associate,23,5.37,2.44657534787889,16,3
0.0,Medicare/military/other govt,Some college/associate,33,0.58,0.7035398557802383,2,1
0.0,Single-service/IHS/uninsured,Less than high school,35,1.37,0.9948193576644179,10,1
0.0,Private/Medi-Gap,High school/GED,31,1.61,0.4527465895394706,16,2
0.0,Medicaid/CHIP/state,Some college/associate,25,1.15,0.5362850651959371,13,3
0.0,Private/Medi-Gap,Bachelor's or higher,44,3.61,0.4258779608630334,19,3
0.0,Single-service/IHS/uninsured,Some college/associate,26,0.58,1.2252521874690947,20,4
0.0,Private/Medi-Gap,Some college/associate,37,2.92,2.6897376552233294,14,1
0.0,Private/Medi-Gap,Some college/associate,45,3.76,0.46240470205767653,16,3
0.0,Private/Medi-Gap,Bachelor's or higher,43,6.35,0.4894411458017005,4,1
0.0,Private/Medi-Gap,Bachelor's or higher,30,6.35,0.28852938651877674,1,1
0.0,Private/Medi-Gap,Bachelor's or higher,24,5.8,0.6074737378951107,14,4
0.0,Medicaid/CHIP/state,High school/GED,28,0.5,4.724263389611527,14,3
0.0,Medicare/military/other govt,Bachelor's or higher,39,3.76,0.9032002237900602,8,1
0.0,Private/Medi-Gap,Bachelor's or higher,36,6.35,0.334880090875507,16,4
0.0,Private/Medi-Gap,Some college/associate,24,1.48,0.3211070671550975,17,4
0.0,Medicaid/CHIP/state,Less than high school,24,1.93,1.138571394740822,2,1
0.0,Private/Medi-Gap,Some college/associate,45,0.75,0.24996254072854474,20,4
0.0,Medicare/military/other govt,Less than high school,47,0.9,0.22797600946574656,3,2
1.0,Private/Medi-Gap,Bachelor's or higher,43,3.8,0.7390127846248574,18,4
0.0,Medicare/military/other govt,High school/GED,26,1.55,0.9077864207608656,15,1
0.0,Private/Medi-Gap,Bachelor's or higher,41,4.17,0.3024517919412934,17,3
0.0,Private/Medi-Gap,Bachelor's or higher,34,6.86,0.6876865559573319,19,3
0.0,Medicaid/CHIP/state,Bachelor's or higher,30,6.86,2.579687507691338,8,3
0.0,Medicaid/CHIP/state,Less than high school,29,1.25,0.2767127057774929,8,3
0.0,Private/Medi-Gap,Bachelor's or higher,43,6.35,0.34509927621409775,12,1
0.0,Private/Medi-Gap,Some college/associate,26,1.14,0.22055838118443558,8,1
0.0,Private/Medi-Gap,Bachelor's or higher,36,5.37,0.36176296235060174,8,3
0.0,Single-service/IHS/uninsured,Less than high school,47,0.5,1.7322848365593126,8,1
0.0,Single-service/IHS/uninsured,Bachelor's or higher,32,3.19,1.710399585863188,18,3
0.0,Private/Medi-Gap,Bachelor's or higher,35,4.17,1.3201001979173272,5,4
0.0,Private/Medi-Gap,High school/GED,38,1.74,3.661919937962904,9,4
0.0,Medicaid/CHIP/state,High school/GED,33,0.97,0.3432801464380633,4,3
0.0,Medicare/military/other govt,Bachelor's or higher,30,3.61,0.42972767426862596,15,1
0.0,Private/Medi-Gap,Bachelor's or higher,42,2.66,0.9421156303390205,18,4
0.0,Private/Medi-Gap,Bachelor's or higher,45,4.44,0.7178017013642802,6,1
0.0,Medicaid/CHIP/state,Less than high school,17,0.5,2.8834780281863073,14,1
0.0,Private/Medi-Gap,Bachelor's or higher,29,5.75,0.3845280273851243,3,1
0.0,Private/Medi-Gap,Bachelor's or higher,48,4.51,2.553602807665267,8,1
0.0,Private/Medi-Gap,Some college/associate,18,1.61,0.3488934348853966,12,1
0.0,Medicaid/CHIP/state,Less than high school,30,0.5,0.2915869012089779,1,1
0.0,Private/Medi-Gap,Some college/associate,42,4.8,0.32243585350195936,4,2
1.0,Private/Medi-Gap,Bachelor's or higher,42,5.8,0.9445968608023687,15,3
0.0,Private/Medi-Gap,Bachelor's or higher,27,6.86,3.072011847923532,12,3
0.0,Private/Medi-Gap,Less than high school,17,4.51,1.1443466848943968,19,4
0.0,Private/Medi-Gap,Bachelor's or higher,38,2.25,0.5815279172505045,5,3
0.0,Private/Medi-Gap,Bachelor's or higher,37,3.76,1.3955523691938274,10,4
0.0,Medicaid/CHIP/state,Less than high school,33,2.29,2.055481783525332,10,4
1.0,Private/Medi-Gap,Bachelor's or higher,36,5.8,0.896913240507881,20,1
0.0,Private/Medi-Gap,Some college/associate,41,6.35,0.8689073709217289,11,3
0.0,Private/Medi-Gap,Some college/associate,43,1.95,1.1116158653058472,11,3
0.0,Medicaid/CHIP/state,Bachelor's or higher,45,0.5,0.7057876935796933,11,1
0.0,Medicaid/CHIP/state,High school/GED,44,1.4,0.7620726867506346,10,1
0.0,Private/Medi-Gap,Some college/associate,19,3.15,2.43531941025564,19,4
0.0,Private/Medi-Gap,Bachelor's or higher,42,4.44,0.19362655483639332,6,1
0.0,Private/Medi-Gap,Bachelor's or higher,31,2.55,2.4342211674762324,6,1
0.0,Private/Medi-Gap,Bachelor's or higher,25,7.0,0.5657659316356235,13,4
0.0,Single-service/IHS/uninsured,Less than high school,38,1.81,0.7038400534604938,5,3
0.0,Private/Medi-Gap,Some college/associate,20,6.35,0.5343246005274417,16,3
0.0,Medicaid/CHIP/state,Some college/associate,25,0.5,0.7792032054004524,9,4
1.0,Private/Medi-Gap,Bachelor's or higher,41,6.86,0.5345788001453866,2,2
0.0,Medicaid/CHIP/state,Some college/associate,32,2.25,0.12476542933756217,16,4
0.0,Medicaid/CHIP/state,High school/GED,31,1.5,0.5505450225389101,17,3
0.0,Single-service/IHS/uninsured,Less than high school,21,0.5,0.66591692374302,6,3
0.0,Private/Medi-Gap,Bachelor's or higher,31,4.17,0.997624830225966,10,4
0.0,Private/Medi-Gap,High school/GED,18,3.76,2.1600882455841752,2,3
0.0,Single-service/IHS/uninsured,High school/GED,19,0.5,0.5293933758981387,13,3
0.0,Private/Medi-Gap,Bachelor's or higher,32,4.44,1.2284567444879289,2,3
0.0,Private/Medi-Gap,Bachelor's or higher,45,4.44,0.342355792763401,20,4
0.0,Private/Medi-Gap,Some college/associate,49,6.35,0.5416346907553424,14,1
0.0,Single-service/IHS/uninsured,Some college/associate,16,0.5,0.24656360311560896,8,3
0.0,Private/Medi-Gap,Bachelor's or higher,42,4.17,0.5936185584315691,4,1
0.0,Private/Medi-Gap,Some college/associate,32,1.15,0.30341846357983643,17,2
0.0,Private/Medi-Gap,Bachelor's or higher,31,4.44,0.9817719808645804,3,4
0.0,Medicaid/CHIP/state,Some college/associate,18,0.5,0.277260310894188,5,2
0.0,Private/Medi-Gap,Bachelor's or higher,36,7.0,0.4968816848556132,16,4
0.0,Private/Medi-Gap,Bachelor's or higher,34,6.35,0.8440360239993102,16,1
0.0,Private/Medi-Gap,Some college/associate,27,5.37,0.5319830776149265,5,1
0.0,Medicaid/CHIP/state,Some college/associate,26,0.5,0.4574268151160859,4,4
0.0,Private/Medi-Gap,Bachelor's or higher,37,3.52,0.6024140235709702,1,3
0.0,Private/Medi-Gap,Some college/associate,23,6.86,1.3483229934618794,10,3
0.0,Medicaid/CHIP/state,Less than high school,18,1.45,0.7587389830176271,4,3
1.0,Private/Medi-Gap,High school/GED,31,2.92,0.4008983090664759,6,1
0.0,Medicaid/CHIP/state,Some college/associate,44,0.62,0.9815187660302113,6,1
0.0,Private/Medi-Gap,Bachelor's or higher,31,3.52,0.7171827278763707,1,3
0.0,Private/Medi-Gap,Bachelor's or higher,48,7.0,0.4640389205475512,12,1
0.0,Private/Medi-Gap,Bachelor's or higher,26,2.46,1.1267145624700734,10,1
0.0,Private/Medi-Gap,Some college/associate,49,5.37,2.553602807665267,11,4
0.0,Single-service/IHS/uninsured,Some college/associate,31,3.9,0.7622513268342012,11,2
0.0,Medicare/military/other govt,Some college/associate,23,0.5,0.7011035501879856,9,3
0.0,Private/Medi-Gap,Bachelor's or higher,25,7.0,0.9752218148985302,12,1
0.0,Private/Medi-Gap,High school/GED,27,1.37,1.4785849468946168,20,2
0.0,Medicaid/CHIP/state,Less than high school,26,0.5,0.30981870517294213,4,3
0.0,Medicaid/CHIP/state,Some college/associate,30,0.81,0.8529244467895872,10,3
0.0,Medicare/military/other govt,High school/GED,34,2.09,1.4380713374582224,19,1
0.0,Medicaid/CHIP/state,Some college/associate,38,0.93,0.7478108103804584,12,2
0.0,Medicaid/CHIP/state,Bachelor's or higher,34,2.29,0.25868013379546495,16,2
0.0,Private/Medi-Gap,High school/GED,18,2.97,2.9634238315482095,1,4
0.0,Single-service/IHS/uninsured,Less than high school,43,1.04,3.3222872848299274,3,2
0.0,Private/Medi-Gap,Bachelor's or higher,41,3.52,0.4134012101265996,7,4
0.0,Private/Medi-Gap,Bachelor's or higher,27,5.37,0.2008743445885954,3,1
0.0,Private/Medi-Gap,Some college/associate,32,3.7,2.579687507691338,11,1
0.0,Private/Medi-Gap,Bachelor's or higher,36,1.09,0.7683817279624139,19,1
0.0,Private/Medi-Gap,Bachelor's or higher,31,6.35,0.6865915477346518,12,4
0.0,Medicaid/CHIP/state,High school/GED,22,2.95,0.25750685439870175,15,2
0.0,Medicaid/CHIP/state,High school/GED,28,0.5,1.8371441877009371,14,3
0.0,Private/Medi-Gap,Some college/associate,49,2.95,0.5297001419827222,10,1
0.0,Private/Medi-Gap,Some college/associate,25,0.5,0.49110414313986217,4,3
0.0,Medicare/military/other govt,Some college/associate,26,3.43,0.4536011558189884,20,4
0.0,Medicaid/CHIP/state,Some college/associate,19,1.6,2.3516663913212286,6,1
0.0,Private/Medi-Gap,Bachelor's or higher,43,4.51,1.6509667766801932,20,3
0.0,Medicaid/CHIP/state,Some college/associate,36,3.11,1.3929763763263558,20,2
0.0,Private/Medi-Gap,Bachelor's or higher,33,1.9,0.21803618593079324,18,1
0.0,Medicaid/CHIP/state,Less than high school,26,0.92,0.5354939157435549,1,3
0.0,Single-service/IHS/uninsured,High school/GED,27,2.46,0.21045398988542408,16,4
0.0,Private/Medi-Gap,Some college/associate,21,0.5,0.5815796873029636,13,4
0.0,Private/Medi-Gap,Bachelor's or higher,24,6.35,0.9402581910581175,5,4
1.0,Private/Medi-Gap,Bachelor's or higher,41,5.37,0.8429042765136833,19,4
0.0,Private/Medi-Gap,Bachelor's or higher,23,2.06,1.170584652906106,19,4
0.0,Single-service/IHS/uninsured,Some college/associate,27,0.75,2.7961171429216383,15,2
0.0,Single-service/IHS/uninsured,Some college/associate,34,0.5,2.24702879352309,6,1
1.0,Private/Medi-Gap,Bachelor's or higher,40,5.37,1.548765211871663,2,3
0.0,Medicaid/CHIP/state,Some college/associate,45,0.5,0.2773465872830921,2,4
0.0,Single-service/IHS/uninsured,Some college/associate,27,0.5,0.5088949194087996,13,1
0.0,Single-service/IHS/uninsured,High school/GED,27,1.4,0.5273231864662037,18,1
0.0,Private/Medi-Gap,Some college/associate,20,5.37,0.6071308337344352,17,4
0.0,Private/Medi-Gap,Bachelor's or higher,42,5.8,0.7071190450153166,4,2
0.0,Single-service/IHS/uninsured,Less than high school,39,0.57,0.5359619571157932,19,1
0.0,Private/Medi-Gap,Bachelor's or higher,41,0.5,0.5831908354988641,19,3
0.0,Private/Medi-Gap,Some college/associate,42,1.28,2.630782713183694,6,3
0.0,Medicaid/CHIP/state,Some college/associate,27,0.5,0.31169627031127034,13,3
1.0,Private/Medi-Gap,Bachelor's or higher,37,4.51,1.678280647024886,20,1
0.0,Private/Medi-Gap,Some college/associate,25,3.36,3.4914511704736353,14,3
0.0,Private/Medi-Gap,Some college/associate,36,0.98,0.6395101464132258,14,2
0.0,Medicaid/CHIP/state,High school/GED,43,0.5,0.535636575110664,5,1
0.0,Single-service/IHS/uninsured,Less than high school,47,0.75,0.6228980239204517,15,2
1.0,Private/Medi-Gap,Some college/associate,38,3.8,1.1919623639927277,17,1
0.0,Private/Medi-Gap,Bachelor's or higher,26,0.5,0.3872861035379005,13,4
0.0,Private/Medi-Gap,Some college/associate,43,1.01,0.8690747066052285,10,2
0.0,Private/Medi-Gap,Bachelor's or higher,40,4.17,0.5173403811646489,2,1
1.0,Private/Medi-Gap,Bachelor's or higher,40,4.44,0.7040584381449403,18,1
0.0,Medicaid/CHIP/state,Less than high school,30,0.5,3.8481684612261544,20,1
0.0,Private/Medi-Gap,Bachelor's or higher,24,1.81,0.5179216423092392,13,4
0.0,Private/Medi-Gap,Bachelor's or higher,37,2.46,0.5966684802026087,16,1
0.0,Private/Medi-Gap,High school/GED,49,1.27,0.45952212886602317,7,1
1.0,Private/Medi-Gap,Some college/associate,46,1.81,0.6368863750311147,14,1
0.0,Private/Medi-Gap,Some college/associate,34,1.6,1.0361062819892035,1,4
0.0,Private/Medi-Gap,Bachelor's or higher,39,5.75,0.6842482082165998,2,3
0.0,Private/Medi-Gap,Less than high school,15,5.8,2.1851830968580432,9,2
0.0,Medicaid/CHIP/state,Some college/associate,35,2.47,0.7935322089605293,20,1
0.0,Medicaid/CHIP/state,Some college/associate,27,3.13,0.553035024292381,19,4
0.0,Private/Medi-Gap,Less than high school,48,5.8,0.985751887042019,2,4
0.0,Private/Medi-Gap,Bachelor's or higher,47,3.11,4.298454732734245,5,2
0.0,Private/Medi-Gap,Bachelor's or higher,49,4.51,3.3526384234718543,7,4
0.0,Private/Medi-Gap,Bachelor's or higher,32,1.25,0.21011073723763804,13,4
0.0,Medicaid/CHIP/state,High school/GED,18,1.3,1.6976058137560273,10,2
0.0,Medicare/military/other govt,Some college/associate,35,3.76,0.5651041539418177,9,1
0.0,Medicaid/CHIP/state,Less than high school,48,1.28,2.167568307847156,18,4
0.0,Private/Medi-Gap,High school/GED,25,2.13,0.47532824591952827,12,4
1.0,Private/Medi-Gap,High school/GED,45,1.98,2.553602807665267,9,2
0.0,Single-service/IHS/uninsured,Some college/associate,33,1.51,0.37563048295404666,20,1
0.0,Single-service/IHS/uninsured,High school/GED,23,2.79,0.7283777353423289,7,2
0.0,Private/Medi-Gap,Bachelor's or higher,27,3.61,0.3394992281152268,15,4
0.0,Private/Medi-Gap,Some college/associate,19,3.52,1.5746854334358271,19,2
0.0,Private/Medi-Gap,High school/GED,22,6.35,2.9875517268776868,2,3
0.0,Private/Medi-Gap,Bachelor's or higher,40,5.37,0.2864093643990891,13,4
0.0,Medicare/military/other govt,High school/GED,19,7.0,2.6661050245573676,13,3
0.0,Single-service/IHS/uninsured,High school/GED,35,1.93,1.0292545721763247,7,2
0.0,Private/Medi-Gap,Bachelor's or higher,34,7.0,0.3508301749241197,11,4
0.0,Medicaid/CHIP/state,Some college/associate,26,1.25,0.22758475534611328,2,3
0.0,Private/Medi-Gap,Bachelor's or higher,29,6.35,1.2477636266408143,19,3
0.0,Private/Medi-Gap,Bachelor's or higher,41,2.92,0.632650114206348,16,1
0.0,Medicaid/CHIP/state,Some college/associate,30,0.77,0.4891131679962182,20,4
1.0,Private/Medi-Gap,Bachelor's or higher,42,6.35,0.9488337588926559,8,4
0.0,Private/Medi-Gap,Bachelor's or higher,32,2.92,0.32865856584677566,14,1
0.0,Private/Medi-Gap,Some college/associate,20,3.52,0.21461449825931156,11,2
0.0,Private/Medi-Gap,Some college/associate,31,2.36,0.4766441787945274,12,2
0.0,Private/Medi-Gap,Bachelor's or higher,25,6.86,2.4582417787192696,15,3
0.0,Private/Medi-Gap,Some college/associate,28,2.47,0.916789691485092,20,1
0.0,Private/Medi-Gap,High school/GED,24,1.9,0.48865805210408825,15,2
0.0,Private/Medi-Gap,Bachelor's or higher,29,5.75,0.28051480160613007,8,2
0.0,Medicaid/CHIP/state,Less than high school,48,0.5,0.6432493960390762,5,2
0.0,Private/Medi-Gap,Some college/associate,26,4.44,1.1343682548019258,8,3
0.0,Private/Medi-Gap,Bachelor's or higher,34,4.79,0.6596657794716306,4,2
0.0,Medicaid/CHIP/state,High school/GED,26,1.06,1.2821960659280955,3,3
1.0,Private/Medi-Gap,Bachelor's or higher,31,6.35,1.0014925623160125,11,3
0.0,Medicaid/CHIP/state,High school/GED,48,0.89,1.4484879183448551,16,4
0.0,Medicaid/CHIP/state,Bachelor's or higher,38,4.06,2.4381858505439995,19,3
0.0,Single-service/IHS/uninsured,Less than high school,43,0.57,0.4887643664645772,4,1
0.0,Private/Medi-Gap,Bachelor's or higher,27,7.0,0.39576187413090175,4,3
0.0,Medicaid/CHIP/state,Less than high school,37,0.5,0.8414708383321134,9,1
0.0,Private/Medi-Gap,Less than high school,16,5.37,1.151916303499512,14,1
0.0,Single-service/IHS/uninsured,Some college/associate,23,6.35,0.9438520920399632,11,3
0.0,Private/Medi-Gap,Bachelor's or higher,36,5.37,0.3262702324310902,4,3
0.0,Medicaid/CHIP/state,Some college/associate,27,1.23,0.21342374284893187,4,2
0.0,Medicaid/CHIP/state,Some college/associate,36,4.79,1.5187983415804784,8,4
0.0,Private/Medi-Gap,Bachelor's or higher,30,2.92,0.6302237903285391,16,1
1.0,Private/Medi-Gap,Bachelor's or higher,38,3.52,0.9124507243154781,2,3
0.0,Private/Medi-Gap,Bachelor's or higher,26,3.76,1.7030919714218973,12,1
1.0,Medicaid/CHIP/state,Bachelor's or higher,37,1.51,1.620950835676709,18,2
0.0,Private/Medi-Gap,Bachelor's or higher,41,4.17,2.82545644197019,4,4
0.0,Private/Medi-Gap,Bachelor's or higher,29,6.35,0.9334544315807953,2,3
0.0,Private/Medi-Gap,Bachelor's or higher,38,6.35,0.7245457657822648,2,3
0.0,Medicaid/CHIP/state,Some college/associate,25,0.5,0.2635390748928569,8,1
0.0,Private/Medi-Gap,Some college/associate,45,4.51,1.5783860668881518,3,2
0.0,Medicaid/CHIP/state,Less than high school,22,0.5,2.1775595980457902,1,3
0.0,Private/Medi-Gap,High school/GED,34,1.61,1.2664439461137635,14,1
0.0,Medicare/military/other govt,Bachelor's or higher,31,6.35,0.5889776504007196,20,4
0.0,Private/Medi-Gap,Bachelor's or higher,44,4.17,2.080754656178378,3,2
1.0,Private/Medi-Gap,High school/GED,47,1.98,4.530133578761739,9,2
0.0,Private/Medi-Gap,Some college/associate,25,3.7,1.7346951135561004,6,3
0.0,Private/Medi-Gap,Some college/associate,25,3.7,0.8273131025828263,5,4
0.0,Private/Medi-Gap,Bachelor's or higher,42,4.17,2.7746473000426857,18,1
0.0,Medicaid/CHIP/state,Some college/associate,22,0.5,1.8915859458510587,3,3
0.0,Private/Medi-Gap,Bachelor's or higher,27,6.86,1.0716877813035925,8,4
0.0,Medicare/military/other govt,High school/GED,23,1.14,2.392215094714152,12,2
0.0,Private/Medi-Gap,Some college/associate,41,1.4,0.43106339696257023,8,3
0.0,Medicaid/CHIP/state,High school/GED,22,1.48,0.4764877627962334,17,2
0.0,Private/Medi-Gap,Bachelor's or higher,48,4.17,0.2956766544744227,8,3
1.0,Private/Medi-Gap,Bachelor's or higher,45,5.37,0.43061314773952813,19,3
0.0,Private/Medi-Gap,Less than high school,18,5.37,0.6145455104230982,12,2
0.0,Medicaid/CHIP/state,Some college/associate,43,1.93,0.406675128165318,3,4
0.0,Private/Medi-Gap,Some college/associate,45,6.35,0.5956498014658287,16,4
0.0,Private/Medi-Gap,Bachelor's or higher,42,5.37,0.7233657844752026,15,2
0.0,Medicaid/CHIP/state,Less than high school,41,2.13,0.3444713499245972,4,3
1.0,Private/Medi-Gap,Bachelor's or higher,42,5.8,2.154271785498803,19,4
0.0,Medicaid/CHIP/state,Bachelor's or higher,36,1.23,0.9004495140211879,5,4
0.0,Medicare/military/other govt,Some college/associate,20,5.75,0.3152655613942689,5,2
1.0,Private/Medi-Gap,Bachelor's or higher,40,4.17,0.5045630529529158,11,4
0.0,Medicare/military/other govt,Some college/associate,29,1.5,0.6552776258994509,8,2
0.0,Private/Medi-Gap,Bachelor's or higher,35,7.0,0.19249866992971973,19,4
0.0,Medicaid/CHIP/state,High school/GED,21,1.14,0.8275456139284076,13,3
0.0,Private/Medi-Gap,Bachelor's or higher,31,6.35,0.47671601551751,16,4
0.0,Private/Medi-Gap,Bachelor's or higher,35,6.35,0.34839946801024396,16,1
0.0,Private/Medi-Gap,Bachelor's or higher,49,2.95,0.72998993145947,8,1
0.0,Medicaid/CHIP/state,Less than high school,24,0.5,1.9852290183207535,1,1
0.0,Medicaid/CHIP/state,High school/GED,20,0.5,0.5029366934250898,17,2
0.0,Medicaid/CHIP/state,Some college/associate,34,0.5,0.14499302636333422,20,2
0.0,Private/Medi-Gap,Some college/associate,22,3.76,1.4179086611585066,8,2
0.0,Single-service/IHS/uninsured,High school/GED,48,7.0,0.29645505257843774,17,4
0.0,Private/Medi-Gap,Some college/associate,30,4.79,0.6193691762015785,19,4
0.0,Medicare/military/other govt,Some college/associate,42,1.4,0.35053743613525556,16,3
0.0,Medicaid/CHIP/state,Some college/associate,25,0.5,1.1289886223778358,19,3
0.0,Private/Medi-Gap,High school/GED,18,0.87,0.8547803832897096,19,3
0.0,Private/Medi-Gap,High school/GED,43,3.76,2.34543456143546,17,3
0.0,Medicaid/CHIP/state,High school/GED,30,0.5,0.47564682799071145,12,1
0.0,Private/Medi-Gap,Bachelor's or higher,39,4.17,0.28914590680651353,2,1
0.0,Medicare/military/other govt,Bachelor's or higher,44,0.5,0.40656233380814033,15,3
1.0,Private/Medi-Gap,Some college/associate,40,4.8,1.182485955113868,17,1
0.0,Private/Medi-Gap,Bachelor's or higher,36,6.35,0.39293173024732375,4,1
0.0,Private/Medi-Gap,Bachelor's or higher,37,3.8,0.9181676438098205,12,3
0.0,Single-service/IHS/uninsured,Some college/associate,37,1.04,0.9177542866622551,5,1
0.0,Private/Medi-Gap,Bachelor's or higher,37,1.51,0.7372349813948277,14,2
0.0,Private/Medi-Gap,Bachelor's or higher,35,2.06,0.29127680075499507,19,1
1.0,Private/Medi-Gap,Bachelor's or higher,39,4.17,0.6986640903214908,12,1
0.0,Private/Medi-Gap,Bachelor's or higher,36,3.8,0.742503485714656,19,3
0.0,Medicaid/CHIP/state,High school/GED,46,1.74,1.0928789045642462,2,4
1.0,Private/Medi-Gap,Bachelor's or higher,41,5.37,1.3782005124033478,12,1
0.0,Private/Medi-Gap,Some college/associate,33,4.51,2.847933117409531,9,2
0.0,Private/Medi-Gap,Bachelor's or higher,31,6.35,0.9538587067263372,19,2
0.0,Private/Medi-Gap,Bachelor's or higher,42,4.17,0.721956569166795,13,4
0.0,Private/Medi-Gap,Less than high school,27,0.5,3.0840896053683986,11,2
0.0,Private/Medi-Gap,Bachelor's or higher,23,7.0,2.2433464118502346,8,4
0.0,Medicaid/CHIP/state,Less than high school,26,0.97,0.6390637595455089,2,1
0.0,Private/Medi-Gap,Bachelor's or higher,44,3.76,0.38787706067477523,1,3
0.0,Private/Medi-Gap,Bachelor's or higher,38,2.79,0.34766344735518223,10,1
1.0,Medicare/military/other govt,Some college/associate,36,3.15,1.4871871108181758,17,1
0.0,Private/Medi-Gap,Some college/associate,21,2.66,3.8493125283833876,12,1
0.0,Private/Medi-Gap,Bachelor's or higher,39,2.97,0.7764314619186429,20,1
0.0,Single-service/IHS/uninsured,Some college/associate,23,2.46,1.1990665066870796,20,4
0.0,Private/Medi-Gap,Bachelor's or higher,29,1.48,0.5527680075794098,11,1
0.0,Single-service/IHS/uninsured,High school/GED,25,1.14,1.7678759198283118,7,1
1.0,Private/Medi-Gap,Bachelor's or higher,46,5.37,0.9826502041636439,16,1
0.0,Private/Medi-Gap,Less than high school,17,2.36,0.6090490973219994,18,1
0.0,Medicare/military/other govt,Bachelor's or higher,32,2.79,0.6889570142088417,15,4
0.0,Private/Medi-Gap,Bachelor's or higher,31,5.37,0.6348823677367622,5,3
0.0,Medicaid/CHIP/state,High school/GED,19,0.5,0.2561428033179912,15,3
0.0,Private/Medi-Gap,High school/GED,19,4.17,1.1603661632745104,5,2
0.0,Medicaid/CHIP/state,Some college/associate,47,2.55,1.211579996015576,8,2
0.0,Medicaid/CHIP/state,Less than high school,16,0.52,2.0852001359175136,4,2
0.0,Private/Medi-Gap,Some college/associate,18,5.37,0.585660665998407,20,2
0.0,Private/Medi-Gap,High school/GED,29,1.81,0.6830334458087101,4,4
0.0,Medicaid/CHIP/state,High school/GED,26,1.14,4.582577955643341,6,3
0.0,Private/Medi-Gap,Less than high school,44,1.4,0.553488354216023,4,3
0.0,Private/Medi-Gap,Bachelor's or higher,30,6.35,0.7198565963491822,19,4
0.0,Private/Medi-Gap,Less than high school,18,1.14,0.6817310934205018,2,1
0.0,Single-service/IHS/uninsured,Bachelor's or higher,34,0.92,0.20959223619901884,17,4
0.0,Medicaid/CHIP/state,High school/GED,29,0.5,1.6191183935439661,18,4
0.0,Medicaid/CHIP/state,Some college/associate,32,0.56,1.3537582466650933,15,2
0.0,Private/Medi-Gap,Less than high school,49,0.89,0.9059676206871818,15,2
0.0,Private/Medi-Gap,Bachelor's or higher,40,6.35,0.3764271197180157,16,1
0.0,Private/Medi-Gap,High school/GED,40,1.5,0.9397627146933417,1,1
0.0,Private/Medi-Gap,Bachelor's or higher,44,7.0,0.44841680453932753,17,4
0.0,Medicaid/CHIP/state,Bachelor's or higher,27,1.14,0.5700272715309749,8,3
0.0,Private/Medi-Gap,Bachelor's or higher,21,5.37,0.6300263206850558,2,3
0.0,Medicare/military/other govt,Less than high school,17,6.35,0.5447144234183152,12,2
0.0,Medicaid/CHIP/state,Some college/associate,27,0.75,0.7979641077656178,1,3
0.0,Private/Medi-Gap,Bachelor's or higher,25,1.95,0.5595882488943927,18,3
0.0,Medicaid/CHIP/state,Some college/associate,45,1.37,1.2204325570595405,19,3
1.0,Private/Medi-Gap,Bachelor's or higher,39,5.37,0.5502313400846872,16,2
0.0,Private/Medi-Gap,Bachelor's or higher,29,2.47,2.4857677312378827,13,2
0.0,Private/Medi-Gap,Bachelor's or higher,26,2.95,0.28051480160613007,8,2
0.0,Private/Medi-Gap,Bachelor's or higher,23,3.43,0.426527313407316,4,3
0.0,Private/Medi-Gap,Bachelor's or higher,44,2.95,0.48593119637111104,16,4
0.0,Private/Medi-Gap,Bachelor's or higher,31,3.61,0.45893430475872193,1,3
0.0,Private/Medi-Gap,Some college/associate,38,2.55,3.2961849726007317,10,3
0.0,Private/Medi-Gap,Some college/associate,23,1.61,2.0962791650840584,17,2
0.0,Private/Medi-Gap,High school/GED,49,2.95,0.8237300706716946,11,4
0.0,Private/Medi-Gap,Some college/associate,25,1.14,0.7630085695715967,14,1
0.0,Private/Medi-Gap,High school/GED,20,2.74,0.32735972002159774,20,2
0.0,Private/Medi-Gap,Some college/associate,27,1.12,1.1142761309290585,19,3
1.0,Private/Medi-Gap,Some college/associate,26,0.5,0.600720712848552,7,1
0.0,Private/Medi-Gap,Bachelor's or higher,37,3.43,0.46162148104113704,10,4
0.0,Private/Medi-Gap,High school/GED,18,4.17,1.2815158265425848,9,1
0.0,Private/Medi-Gap,Bachelor's or higher,39,7.0,0.4440675234184673,19,4
0.0,Private/Medi-Gap,Bachelor's or higher,48,5.75,0.3392916520473669,6,1
0.0,Private/Medi-Gap,Bachelor's or higher,35,3.52,0.4965666454261259,6,1
0.0,Medicaid/CHIP/state,High school/GED,44,0.5,0.41445685242530306,5,2
0.0,Medicaid/CHIP/state,Some college/associate,37,0.5,2.6531168011150856,6,3
0.0,Medicaid/CHIP/state,Less than high school,24,5.8,1.1262764616195189,1,4
0.0,Medicaid/CHIP/state,Some college/associate,20,1.48,0.164858816765756,15,4
0.0,Medicaid/CHIP/state,Less than high school,33,0.92,1.0876953604329134,19,1
0.0,Medicaid/CHIP/state,Bachelor's or higher,33,2.09,0.643426250601411,18,2
0.0,Single-service/IHS/uninsured,High school/GED,29,0.5,0.23266647497270962,4,3
0.0,Private/Medi-Gap,Bachelor's or higher,39,2.79,0.5552752256397393,17,2
0.0,Single-service/IHS/uninsured,Bachelor's or higher,28,1.09,0.9768789072623711,10,4
0.0,Private/Medi-Gap,Some college/associate,29,5.8,1.1572062029152748,14,2
0.0,Private/Medi-Gap,Some college/associate,47,3.43,1.2455323602047998,13,4
0.0,Single-service/IHS/uninsured,Some college/associate,26,2.36,1.1880198782494051,4,4
1.0,Private/Medi-Gap,Bachelor's or higher,39,3.8,0.39670378648703203,15,3
0.0,Private/Medi-Gap,Some college/associate,19,0.57,0.9941430369885118,16,3
0.0,Medicaid/CHIP/state,High school/GED,29,0.89,1.0344297339813302,8,2
0.0,Private/Medi-Gap,Bachelor's or higher,23,6.35,1.2037347229878808,12,1
0.0,Private/Medi-Gap,Some college/associate,23,0.64,2.3417060847947866,6,3
0.0,Private/Medi-Gap,High school/GED,40,3.15,4.0224800262731755,18,4
0.0,Medicaid/CHIP/state,Some college/associate,37,1.4,3.8038447583496566,15,1
0.0,Private/Medi-Gap,Some college/associate,33,3.61,0.22318441322293198,17,3
0.0,Private/Medi-Gap,Some college/associate,39,5.37,1.6261155272144319,2,1
0.0,Private/Medi-Gap,Bachelor's or higher,22,2.79,1.4810693715125507,3,1
0.0,Private/Medi-Gap,Some college/associate,36,0.9,0.16753155099688322,5,3
0.0,Private/Medi-Gap,High school/GED,32,1.62,2.6112829398743447,8,2
0.0,Single-service/IHS/uninsured,Some college/associate,39,2.13,0.42903375234737184,15,4
0.0,Medicaid/CHIP/state,Some college/associate,47,0.5,0.16140189783009667,16,4
0.0,Single-service/IHS/uninsured,Some college/associate,45,1.9,1.771510729842514,10,4
0.0,Medicaid/CHIP/state,Some college/associate,42,0.62,0.4546871518295477,20,3
0.0,Private/Medi-Gap,Some college/associate,30,6.35,0.5422422892512505,5,1
0.0,Private/Medi-Gap,Bachelor's or higher,35,2.18,0.3127517329620729,14,1
0.0,Medicaid/CHIP/state,Some college/associate,33,0.75,0.5080200466549006,15,1
1.0,Private/Medi-Gap,High school/GED,29,1.65,0.619969069144309,2,1
0.0,Single-service/IHS/uninsured,Less than high school,32,2.29,0.7573673310416865,17,2
0.0,Private/Medi-Gap,Bachelor's or higher,30,6.35,0.293192677038131,4,4
0.0,Medicaid/CHIP/state,Less than high school,29,1.06,0.7111011241869286,5,2
0.0,Medicaid/CHIP/state,High school/GED,35,1.4,0.5227572391682439,19,1
0.0,Private/Medi-Gap,High school/GED,20,4.51,1.2897256059065039,12,1
0.0,Single-service/IHS/uninsured,Bachelor's or higher,29,3.02,1.050869948490629,4,2
0.0,Private/Medi-Gap,Bachelor's or higher,29,6.35,1.194993303614949,6,1
0.0,Private/Medi-Gap,Some college/associate,20,5.75,1.7454817452647926,5,4
0.0,Private/Medi-Gap,Bachelor's or higher,36,3.7,0.3802151661862951,12,4
1.0,Private/Medi-Gap,Bachelor's or higher,43,2.55,1.2698996650610797,6,3
0.0,Private/Medi-Gap,Some college/associate,46,5.37,1.6720433628499456,4,1
0.0,Private/Medi-Gap,High school/GED,20,2.92,1.0998528442744027,3,3
0.0,Private/Medi-Gap,Some college/associate,33,2.95,0.22322960182609125,9,1
0.0,Private/Medi-Gap,Bachelor's or higher,36,2.95,0.18020669384268131,4,3
0.0,Private/Medi-Gap,High school/GED,25,0.5,0.8801560294505736,19,2
1.0,Private/Medi-Gap,Bachelor's or higher,36,3.8,2.710095248750025,6,3
0.0,Medicaid/CHIP/state,High school/GED,27,2.29,0.2520730125869215,18,1
0.0,Private/Medi-Gap,Bachelor's or higher,33,3.43,0.7857433736999216,3,4
0.0,Private/Medi-Gap,High school/GED,48,7.0,0.32458561308902306,6,1
0.0,Medicaid/CHIP/state,Less than high school,28,0.74,1.0983578300976105,17,1
0.0,Private/Medi-Gap,Bachelor's or higher,27,6.35,0.8661578486180269,8,2
0.0,Private/Medi-Gap,Bachelor's or higher,37,3.43,0.15883154799390659,16,2
1.0,Medicaid/CHIP/state,Bachelor's or higher,47,1.4,0.7881457230808363,15,2
0.0,Private/Medi-Gap,Bachelor's or higher,32,4.17,0.8478013873483858,13,4
0.0,Medicaid/CHIP/state,Bachelor's or higher,27,0.5,0.25694671172209577,8,1
0.0,Medicaid/CHIP/state,High school/GED,18,0.5,1.0512603323242695,20,4
0.0,Private/Medi-Gap,Bachelor's or higher,33,5.37,0.8680987608115258,9,1
0.0,Medicaid/CHIP/state,High school/GED,34,2.66,1.9194277790135,18,2
0.0,Private/Medi-Gap,Bachelor's or higher,33,1.4,0.8108896967063738,3,3
0.0,Private/Medi-Gap,Some college/associate,49,2.46,0.5904650141859304,17,2
0.0,Medicare/military/other govt,High school/GED,39,0.57,0.2797113523104991,12,4
0.0,Private/Medi-Gap,Bachelor's or higher,37,4.17,2.710095248750025,12,3
0.0,Private/Medi-Gap,Some college/associate,47,3.52,1.1992231723288673,19,2
0.0,Medicare/military/other govt,High school/GED,21,4.17,1.8095596021327964,16,1
0.0,Private/Medi-Gap,Bachelor's or higher,28,3.7,0.8401444322826663,2,2
0.0,Single-service/IHS/uninsured,Bachelor's or higher,49,4.44,0.21497871045005096,20,4
0.0,Private/Medi-Gap,Bachelor's or higher,44,4.51,0.9874278439263018,17,1
0.0,Private/Medi-Gap,Some college/associate,33,1.5,1.053868863824602,19,4
0.0,Private/Medi-Gap,Some college/associate,39,2.46,0.4526003858161835,15,3
0.0,Private/Medi-Gap,High school/GED,37,5.37,0.31701312384462943,17,3
0.0,Private/Medi-Gap,High school/GED,31,1.6,1.3325842719519858,20,1
0.0,Medicaid/CHIP/state,Some college/associate,43,0.75,2.4515385683956734,11,2
0.0,Medicaid/CHIP/state,Less than high school,48,2.25,2.556411006998688,19,4
0.0,Medicaid/CHIP/state,High school/GED,23,0.5,0.66591692374302,6,3
0.0,Private/Medi-Gap,Some college/associate,41,5.8,2.7746473000426857,19,3
0.0,Private/Medi-Gap,High school/GED,19,3.8,1.3307879368110305,1,4
0.0,Private/Medi-Gap,Bachelor's or higher,26,4.8,0.8848361934549208,8,2
0.0,Private/Medi-Gap,Bachelor's or higher,31,2.09,1.747980545441928,9,2
0.0,Private/Medi-Gap,Some college/associate,25,4.06,0.8260274706434532,6,3
0.0,Single-service/IHS/uninsured,Bachelor's or higher,34,0.93,0.5327726068817797,16,4
0.0,Private/Medi-Gap,Bachelor's or higher,46,6.86,1.3270277169080782,18,2
0.0,Private/Medi-Gap,Bachelor's or higher,26,0.9,0.24325412233030635,4,3
0.0,Medicaid/CHIP/state,High school/GED,39,0.5,0.8663987094911488,12,1
0.0,Private/Medi-Gap,Bachelor's or higher,37,3.52,0.4950466680926436,1,3
0.0,Private/Medi-Gap,Some college/associate,27,4.79,0.9695443948341353,12,3
0.0,Private/Medi-Gap,High school/GED,18,5.8,0.9776077715948503,6,1
0.0,Single-service/IHS/uninsured,Bachelor's or higher,23,2.47,0.8704636584503916,6,3
1.0,Private/Medi-Gap,Bachelor's or higher,43,3.7,0.14494886920747949,7,3
0.0,Private/Medi-Gap,Some college/associate,27,1.84,0.9300670511422137,2,3
1.0,Private/Medi-Gap,Some college/associate,39,0.5,0.5338730040196861,15,4
0.0,Private/Medi-Gap,Bachelor's or higher,43,3.36,0.8687905155529373,9,2
0.0,Medicaid/CHIP/state,Bachelor's or higher,39,3.36,0.8471527026321297,8,4
0.0,Private/Medi-Gap,High school/GED,34,6.35,0.4537969929773978,17,2
0.0,Single-service/IHS/uninsured,High school/GED,39,2.09,1.604657046133423,19,1
0.0,Private/Medi-Gap,Bachelor's or higher,24,3.43,1.1332573889621333,10,1
0.0,Private/Medi-Gap,Bachelor's or higher,27,5.37,1.0012123525891916,6,1
0.0,Private/Medi-Gap,Some college/associate,20,3.13,0.3666222283796119,7,3
0.0,Single-service/IHS/uninsured,High school/GED,37,1.9,1.6294068780230333,15,2
0.0,Private/Medi-Gap,Some college/associate,25,6.86,3.086867919788988,6,3
0.0,Private/Medi-Gap,Some college/associate,42,7.0,0.3749385760709898,11,1
0.0,Private/Medi-Gap,Bachelor's or higher,47,6.35,0.7297273045659511,19,3
0.0,Private/Medi-Gap,Bachelor's or higher,31,4.44,0.3431694841511179,16,3
0.0,Private/Medi-Gap,Some college/associate,33,3.76,0.3286390032339723,19,2
0.0,Private/Medi-Gap,Bachelor's or higher,41,2.13,0.8727680959982157,13,3
0.0,Private/Medi-Gap,Some college/associate,33,1.35,0.8185279132288102,20,1
0.0,Private/Medi-Gap,Bachelor's or higher,41,4.44,0.45834496989457163,19,4
0.0,Medicare/military/other govt,Some college/associate,33,0.5,0.7152177289246753,1,1
0.0,Private/Medi-Gap,Some college/associate,39,2.92,1.0708364940082498,20,4
0.0,Private/Medi-Gap,Bachelor's or higher,46,7.0,1.5029435138559024,18,3
0.0,Private/Medi-Gap,Bachelor's or higher,29,6.35,0.48111033280171317,19,3
0.0,Medicare/military/other govt,High school/GED,28,1.61,0.5025882083271995,20,4
0.0,Private/Medi-Gap,Bachelor's or higher,48,4.44,0.16539252697456241,4,1
0.0,Private/Medi-Gap,Some college/associate,33,5.37,0.6009424858713106,19,4
0.0,Private/Medi-Gap,Bachelor's or higher,32,6.35,0.4525123466415703,19,4
0.0,Private/Medi-Gap,Bachelor's or higher,21,3.19,0.6203039866512953,17,1
0.0,Private/Medi-Gap,Bachelor's or higher,41,4.17,0.5681870419971732,6,1
1.0,Private/Medi-Gap,Bachelor's or higher,45,3.52,0.7039094477919947,15,2
0.0,Private/Medi-Gap,Bachelor's or higher,34,4.17,0.6111793471470324,4,3
0.0,Medicaid/CHIP/state,Some college/associate,19,5.75,1.420347247235502,2,3
0.0,Private/Medi-Gap,Bachelor's or higher,38,3.76,0.38454594141163095,17,3
0.0,Single-service/IHS/uninsured,Less than high school,32,0.5,0.9640879483966119,15,1
0.0,Private/Medi-Gap,Some college/associate,40,4.43,0.4215859448586597,10,4
0.0,Private/Medi-Gap,High school/GED,18,5.37,0.7520906748815513,8,3
0.0,Private/Medi-Gap,Bachelor's or higher,40,3.8,1.0820392454168746,15,1
0.0,Medicaid/CHIP/state,High school/GED,35,0.6,0.617214107907231,9,1
0.0,Private/Medi-Gap,High school/GED,49,0.74,0.4790654866196826,13,4
0.0,Single-service/IHS/uninsured,Less than high school,46,3.76,0.2175932115532227,20,4
0.0,Private/Medi-Gap,Bachelor's or higher,42,5.37,0.19547679396360765,20,4
0.0,Private/Medi-Gap,High school/GED,44,3.61,0.383256984122525,4,3
0.0,Private/Medi-Gap,Bachelor's or higher,29,6.35,0.3213139477395903,16,1
0.0,Medicare/military/other govt,Some college/associate,19,3.02,0.4854227780522906,15,3
0.0,Medicaid/CHIP/state,Some college/associate,39,1.09,0.7750590704791436,19,3
0.0,Medicaid/CHIP/state,Some college/associate,47,0.5,0.46308581702171125,15,2
0.0,Medicaid/CHIP/state,High school/GED,39,1.23,1.5278573307347623,6,2
1.0,Private/Medi-Gap,Some college/associate,36,7.0,0.2379928850289663,17,3
0.0,Private/Medi-Gap,Bachelor's or higher,32,4.17,0.40486103195947093,4,4
0.0,Medicaid/CHIP/state,High school/GED,19,6.86,1.5503301851154319,2,4
0.0,Medicare/military/other govt,Some college/associate,19,0.57,0.26940095622914706,13,4
0.0,Private/Medi-Gap,Some college/associate,49,2.29,0.579079739317373,12,4
0.0,Private/Medi-Gap,Bachelor's or higher,40,3.52,0.9367910700598008,13,4
0.0,Private/Medi-Gap,Bachelor's or higher,47,4.06,1.3795955394783526,18,2
0.0,Private/Medi-Gap,Bachelor's or higher,36,2.92,0.35113120882435533,2,1
0.0,Medicaid/CHIP/state,Some college/associate,44,4.43,1.0308131571109225,16,2
0.0,Private/Medi-Gap,Some college/associate,38,1.4,0.42168729989348785,4,4
0.0,Private/Medi-Gap,Some college/associate,36,1.74,0.2306821084864501,19,1
0.0,Private/Medi-Gap,Bachelor's or higher,33,4.44,0.2792920769945556,6,1
0.0,Private/Medi-Gap,Bachelor's or higher,39,4.17,0.715874254116391,17,3
0.0,Private/Medi-Gap,Bachelor's or higher,26,6.35,0.7724091774722812,2,3
1.0,Private/Medi-Gap,Bachelor's or higher,48,6.35,0.41187556277737897,10,1
0.0,Medicare/military/other govt,Bachelor's or higher,43,1.25,1.147293927230503,12,1
0.0,Single-service/IHS/uninsured,High school/GED,33,1.93,0.32162033037653814,8,3
0.0,Private/Medi-Gap,Bachelor's or higher,48,5.8,1.0123090439024685,2,2
0.0,Medicaid/CHIP/state,High school/GED,29,0.5,0.6437590947032678,10,1
0.0,Private/Medi-Gap,Some college/associate,46,6.35,0.352325317388894,16,3
0.0,Private/Medi-Gap,Bachelor's or higher,32,2.25,0.5569723039737142,19,1
0.0,Private/Medi-Gap,Some college/associate,44,6.35,0.2206203817003198,16,4
0.0,Private/Medi-Gap,Bachelor's or higher,25,0.5,0.24752227602454563,17,1
1.0,Private/Medi-Gap,Bachelor's or higher,44,3.8,0.6220607759967453,20,1
0.0,Medicare/military/other govt,High school/GED,32,2.92,1.1897052208047227,8,2
0.0,Medicare/military/other govt,High school/GED,30,1.5,0.4220428132496066,20,4
0.0,Private/Medi-Gap,Bachelor's or higher,38,6.35,0.49278871276195,7,2
0.0,Medicaid/CHIP/state,Bachelor's or higher,33,1.12,0.3661335409910056,2,1
0.0,Single-service/IHS/uninsured,Less than high school,32,0.57,0.42512519888718125,15,1
0.0,Private/Medi-Gap,Some college/associate,31,3.52,1.0503843482878372,15,2
0.0,Private/Medi-Gap,Less than high school,25,1.51,0.8048521556526461,19,2
0.0,Private/Medi-Gap,Bachelor's or higher,41,6.35,2.7746473000426857,12,3
0.0,Private/Medi-Gap,Bachelor's or higher,26,4.8,0.7438480575958417,8,2
0.0,Medicaid/CHIP/state,High school/GED,21,0.5,0.39530224020587984,16,2
0.0,Medicare/military/other govt,Less than high school,16,0.63,0.7576512977204584,19,3
0.0,Private/Medi-Gap,Bachelor's or higher,27,3.76,0.42410003091041804,8,3
0.0,Private/Medi-Gap,Some college/associate,36,6.86,1.8333533903834942,2,2
0.0,Private/Medi-Gap,Bachelor's or higher,37,6.21,1.2112469042083356,19,1
0.0,Private/Medi-Gap,Bachelor's or higher,48,7.0,0.2381386549137542,19,4
0.0,Private/Medi-Gap,Bachelor's or higher,34,4.17,0.7665830849795455,13,4
0.0,Private/Medi-Gap,Bachelor's or higher,33,1.61,0.2554636778985513,4,3
0.0,Private/Medi-Gap,Some college/associate,21,5.37,0.773252186055646,16,1
0.0,Private/Medi-Gap,Some college/associate,43,6.86,2.9778902955695057,15,1
0.0,Private/Medi-Gap,High school/GED,23,4.8,5.284097908942596,18,4
0.0,Private/Medi-Gap,High school/GED,23,1.98,1.0836343577640732,18,4
0.0,Single-service/IHS/uninsured,High school/GED,47,4.43,0.5038104512438631,8,1
0.0,Medicaid/CHIP/state,High school/GED,18,0.5,1.2888665147361655,16,2
0.0,Medicaid/CHIP/state,Less than high school,28,1.82,1.1752041391547352,3,2
0.0,Private/Medi-Gap,Bachelor's or higher,36,5.75,0.19332553718646575,7,2
1.0,Single-service/IHS/uninsured,Some college/associate,32,2.95,1.0243358148877115,14,1
0.0,Private/Medi-Gap,Bachelor's or higher,28,4.43,0.8876037081295045,5,1
0.0,Private/Medi-Gap,Bachelor's or higher,43,4.51,0.7155958446702563,1,4
0.0,Private/Medi-Gap,Some college/associate,42,1.84,2.090380811645849,3,3
0.0,Medicaid/CHIP/state,Some college/associate,29,0.77,0.34255129917586186,16,2
0.0,Private/Medi-Gap,Some college/associate,19,4.17,0.2714895193924039,12,2
0.0,Private/Medi-Gap,Bachelor's or higher,27,3.7,1.842648746977098,9,2
0.0,Single-service/IHS/uninsured,Bachelor's or higher,29,5.37,0.6590709828640388,7,4
0.0,Private/Medi-Gap,Some college/associate,33,2.46,0.3456312417510706,7,2
0.0,Private/Medi-Gap,Bachelor's or higher,35,4.17,1.0708794134571562,15,2
1.0,Private/Medi-Gap,Bachelor's or higher,41,5.37,0.17185721766207795,8,3
0.0,Private/Medi-Gap,High school/GED,19,3.52,3.290638846825624,15,3
0.0,Private/Medi-Gap,Some college/associate,39,2.92,1.7446645627443838,6,1
0.0,Single-service/IHS/uninsured,Less than high school,16,2.36,0.8598350214797826,8,2
0.0,Medicaid/CHIP/state,Bachelor's or higher,33,1.65,0.4703405223981258,18,1
0.0,Medicaid/CHIP/state,Some college/associate,30,2.09,1.2158573886808217,7,3
0.0,Private/Medi-Gap,Bachelor's or higher,42,1.9,0.2258078651150418,3,1
0.0,Medicaid/CHIP/state,Less than high school,42,0.75,0.573376560054822,15,1
0.0,Private/Medi-Gap,Some college/associate,23,4.17,2.093834432216232,20,4
0.0,Medicaid/CHIP/state,High school/GED,27,0.5,5.871738244640981,20,2
0.0,Medicaid/CHIP/state,High school/GED,36,0.57,0.38972838857262837,7,2
0.0,Private/Medi-Gap,Bachelor's or higher,33,6.35,0.3159057613625314,8,3
1.0,Medicaid/CHIP/state,Bachelor's or higher,39,0.92,1.6195707626122384,18,1
1.0,Private/Medi-Gap,Bachelor's or higher,33,6.35,0.5972601973768266,19,3
0.0,Private/Medi-Gap,Less than high school,29,4.44,0.41169048354652177,1,3
0.0,Private/Medi-Gap,Bachelor's or higher,34,3.61,0.20221630986073694,16,1
1.0,Private/Medi-Gap,Bachelor's or higher,38,2.43,0.7168110008126739,18,4
0.0,Private/Medi-Gap,High school/GED,21,7.0,1.9284730776559713,11,3
0.0,Private/Medi-Gap,Some college/associate,19,1.78,1.283587918975043,9,2
0.0,Private/Medi-Gap,Bachelor's or higher,47,4.17,1.0126286136643927,12,4
0.0,Private/Medi-Gap,High school/GED,46,2.36,2.5538818977607725,15,2
0.0,Private/Medi-Gap,Bachelor's or higher,31,2.25,0.3359150243928914,20,2
0.0,Private/Medi-Gap,Bachelor's or higher,41,3.76,0.3287472793346299,17,4
1.0,Private/Medi-Gap,High school/GED,32,1.9,1.695801277427499,8,1
0.0,Medicaid/CHIP/state,High school/GED,41,2.13,0.2614904414945401,20,4
0.0,Medicaid/CHIP/state,High school/GED,41,1.37,1.2747488553773043,16,4
0.0,Single-service/IHS/uninsured,Less than high school,48,0.5,0.5521278811847897,4,3
0.0,Private/Medi-Gap,Bachelor's or higher,32,2.13,0.9336580732850841,16,2
0.0,Medicaid/CHIP/state,Bachelor's or higher,25,1.09,1.1950868584273742,16,1
0.0,Private/Medi-Gap,Bachelor's or higher,31,4.43,0.36994542979197653,11,4
0.0,Medicare/military/other govt,Some college/associate,18,5.37,0.8988727906120214,16,4
0.0,Private/Medi-Gap,Some college/associate,36,5.8,1.8491492369441456,5,1
0.0,Medicaid/CHIP/state,Less than high school,31,1.04,0.617193759763482,2,4
0.0,Private/Medi-Gap,Bachelor's or higher,26,6.35,0.6921848556828201,4,3
0.0,Private/Medi-Gap,Bachelor's or higher,31,2.29,0.35699907854824453,18,1
0.0,Private/Medi-Gap,Bachelor's or higher,35,6.35,0.3285995746195871,9,1
0.0,Private/Medi-Gap,Bachelor's or higher,43,3.52,0.6108888344267419,5,3
0.0,Medicaid/CHIP/state,Bachelor's or higher,46,2.29,0.34511045090987136,7,4
0.0,Medicaid/CHIP/state,High school/GED,23,0.5,1.8575749545757232,15,2
1.0,Private/Medi-Gap,Bachelor's or higher,48,5.37,0.769063493236941,5,4
0.0,Single-service/IHS/uninsured,Some college/associate,31,1.62,0.4954489818886683,10,3
0.0,Single-service/IHS/uninsured,Some college/associate,43,4.06,1.639635035842487,15,1
0.0,Private/Medi-Gap,Some college/associate,37,1.62,0.9445204769002995,14,2
0.0,Medicaid/CHIP/state,Some college/associate,32,1.51,1.4821038243786218,15,1
0.0,Medicaid/CHIP/state,Bachelor's or higher,38,0.5,1.2277708249488735,8,3
0.0,Private/Medi-Gap,Less than high school,17,3.11,1.3491140517485425,7,2
0.0,Medicaid/CHIP/state,Some college/associate,49,1.48,2.437829731752092,16,2
0.0,Private/Medi-Gap,Some college/associate,44,4.44,0.840655507452309,1,3
0.0,Medicaid/CHIP/state,Some college/associate,37,2.66,0.6431166586777102,20,3
0.0,Medicaid/CHIP/state,Some college/associate,20,4.44,2.44657534787889,2,1
0.0,Medicaid/CHIP/state,High school/GED,19,2.92,0.421399594451183,9,1
0.0,Single-service/IHS/uninsured,Some college/associate,27,1.28,0.5013484145560513,7,2
0.0,Private/Medi-Gap,Bachelor's or higher,46,5.75,0.3813867908842604,2,3
0.0,Private/Medi-Gap,Bachelor's or higher,45,4.17,0.45588074314230886,15,3
0.0,Private/Medi-Gap,Bachelor's or higher,47,7.0,0.2538395215546909,17,4
0.0,Medicaid/CHIP/state,Bachelor's or higher,27,1.4,0.4731396347531002,16,4
0.0,Single-service/IHS/uninsured,Less than high school,33,1.48,0.2718159851738113,17,2
0.0,Private/Medi-Gap,Bachelor's or higher,43,4.17,0.6805254435592034,15,1
0.0,Medicaid/CHIP/state,Some college/associate,28,3.13,2.072162378852781,9,2
0.0,Private/Medi-Gap,Bachelor's or higher,25,6.35,0.6003772080973632,7,4
0.0,Medicaid/CHIP/state,Some college/associate,43,0.5,0.20665101020402338,13,1
0.0,Medicare/military/other govt,Some college/associate,47,0.5,0.14431022703250815,8,1
0.0,Single-service/IHS/uninsured,Bachelor's or higher,32,1.81,0.1628450703188973,5,2
0.0,Private/Medi-Gap,Bachelor's or higher,35,1.9,0.33997072409423545,4,3
0.0,Private/Medi-Gap,Some college/associate,18,1.5,0.33688494333496305,8,2
0.0,Medicaid/CHIP/state,High school/GED,18,1.48,1.0267059111342969,18,1
0.0,Medicaid/CHIP/state,Bachelor's or higher,41,1.4,1.4870174784741679,6,1
0.0,Private/Medi-Gap,Some college/associate,33,2.79,0.1900446550797504,8,1
0.0,Single-service/IHS/uninsured,Less than high school,33,2.09,0.8863470740448635,12,4
0.0,Single-service/IHS/uninsured,Some college/associate,33,0.77,0.3682277551616129,15,4
0.0,Private/Medi-Gap,High school/GED,22,4.44,5.049642260965843,16,4
0.0,Medicaid/CHIP/state,Less than high school,48,0.5,2.1930388334441786,1,1
0.0,Private/Medi-Gap,Bachelor's or higher,45,2.92,0.7496117828226218,20,4
0.0,Private/Medi-Gap,Some college/associate,32,2.95,0.2447736785720908,17,3
0.0,Private/Medi-Gap,Some college/associate,20,3.36,3.8493125283833876,6,1
0.0,Medicaid/CHIP/state,Some college/associate,33,0.97,0.4102509356218416,3,1
0.0,Medicaid/CHIP/state,Less than high school,17,0.81,0.5650272805178544,5,4
0.0,Single-service/IHS/uninsured,High school/GED,34,2.09,0.8892698581765117,18,3
0.0,Medicaid/CHIP/state,High school/GED,24,0.5,4.571766027870272,1,2
0.0,Private/Medi-Gap,Bachelor's or higher,26,0.98,3.072011847923532,6,2
0.0,Private/Medi-Gap,Some college/associate,28,2.9,0.4004829765374283,17,2
0.0,Medicaid/CHIP/state,Less than high school,21,1.18,0.9636587091819293,5,4
0.0,Medicaid/CHIP/state,High school/GED,24,1.04,1.9463292471025817,5,4
1.0,Private/Medi-Gap,Bachelor's or higher,45,7.0,0.26651065504696436,19,4
0.0,Medicaid/CHIP/state,High school/GED,36,1.27,0.4174095283277111,1,1
0.0,Medicaid/CHIP/state,High school/GED,41,1.25,4.023768482635354,18,1
0.0,Private/Medi-Gap,Bachelor's or higher,37,3.52,1.2433756215576879,15,1
0.0,Medicaid/CHIP/state,High school/GED,33,3.43,2.5269667458687213,15,2
0.0,Private/Medi-Gap,Bachelor's or higher,26,2.13,0.15592080019707166,8,1
0.0,Private/Medi-Gap,Bachelor's or higher,29,2.79,0.6974683216910801,16,1
0.0,Private/Medi-Gap,Bachelor's or higher,27,6.21,0.9543479632484385,12,1
0.0,Private/Medi-Gap,Some college/associate,30,4.51,0.7143931009305604,2,4
0.0,Private/Medi-Gap,Less than high school,41,0.5,0.4123081268945382,16,2
1.0,Private/Medi-Gap,Less than high school,47,1.48,0.3270736705453166,13,1
0.0,Private/Medi-Gap,Bachelor's or higher,33,5.37,0.5133656926778604,15,2
0.0,Private/Medi-Gap,Some college/associate,44,3.9,0.794612844754801,12,4
0.0,Private/Medi-Gap,Bachelor's or higher,37,2.46,0.23231912366924737,4,3
0.0,Private/Medi-Gap,Bachelor's or higher,44,4.44,0.6741384746660908,7,2
0.0,Medicaid/CHIP/state,Some college/associate,47,0.5,0.20746030618158556,17,4
0.0,Private/Medi-Gap,Bachelor's or higher,26,6.86,0.8855759149312825,12,2
1.0,Private/Medi-Gap,Bachelor's or higher,44,5.8,0.7264626070951617,11,4
0.0,Medicaid/CHIP/state,Some college/associate,22,1.4,0.6409127293596711,20,4
0.0,Private/Medi-Gap,Bachelor's or higher,48,4.44,0.28555926024544015,5,4
0.0,Private/Medi-Gap,Bachelor's or higher,38,4.17,0.9237927080652396,12,1
0.0,Medicaid/CHIP/state,Some college/associate,47,6.35,0.27987372784836817,20,2
1.0,Private/Medi-Gap,Bachelor's or higher,45,5.37,2.0506224345303,16,4
0.0,Medicaid/CHIP/state,Some college/associate,19,1.4,1.2769892130406992,10,4
0.0,Medicare/military/other govt,High school/GED,25,0.75,0.6900153520460274,3,3
0.0,Medicaid/CHIP/state,Less than high school,29,1.25,0.5529188392115248,3,3
0.0,Medicaid/CHIP/state,High school/GED,30,0.5,0.50874082787544,18,1
0.0,Medicaid/CHIP/state,Some college/associate,41,0.5,0.8278783598575319,16,3
0.0,Private/Medi-Gap,Bachelor's or higher,28,6.35,0.5050869896450325,12,2
0.0,Medicaid/CHIP/state,High school/GED,18,0.52,3.1267976027321027,3,4
0.0,Medicaid/CHIP/state,Some college/associate,47,1.14,0.35599178628304157,3,3
0.0,Medicaid/CHIP/state,Some college/associate,46,4.43,0.2664212691839792,12,3
0.0,Single-service/IHS/uninsured,Bachelor's or higher,44,6.35,0.27192027465646695,8,2
1.0,Private/Medi-Gap,Bachelor's or higher,36,2.25,0.7646521510715263,13,4
0.0,Private/Medi-Gap,Some college/associate,40,3.52,0.9190678803128659,4,1
0.0,Private/Medi-Gap,Some college/associate,47,5.37,0.5348758848480545,12,3
0.0,Private/Medi-Gap,Bachelor's or higher,26,0.89,0.30128071185227556,13,4
0.0,Private/Medi-Gap,Bachelor's or higher,33,6.35,0.49680983136052365,10,1
0.0,Private/Medi-Gap,Bachelor's or higher,29,1.93,0.30839998813051955,4,3
0.0,Private/Medi-Gap,High school/GED,18,0.5,0.9604501119488936,6,2
0.0,Medicaid/CHIP/state,High school/GED,24,0.99,4.375125063627529,6,3
0.0,Medicare/military/other govt,Bachelor's or higher,29,2.79,0.31363061126781894,20,4
0.0,Private/Medi-Gap,Bachelor's or higher,35,6.86,1.7098086963365398,2,2
0.0,Private/Medi-Gap,Some college/associate,37,1.84,0.2085666651698906,20,2
0.0,Medicaid/CHIP/state,Some college/associate,21,1.17,2.44657534787889,15,1
0.0,Medicaid/CHIP/state,Some college/associate,28,1.15,0.4580797507042065,20,4
0.0,Private/Medi-Gap,Some college/associate,35,5.37,0.40667387100272556,7,2
0.0,Private/Medi-Gap,Less than high school,24,3.76,5.029482526866396,18,1
1.0,Private/Medi-Gap,Bachelor's or higher,33,6.35,0.9044066630585244,11,2
0.0,Single-service/IHS/uninsured,Less than high school,25,1.81,0.5141044253453405,16,3
0.0,Private/Medi-Gap,Bachelor's or higher,32,4.17,0.3598267545467384,6,1
0.0,Private/Medi-Gap,Bachelor's or higher,26,4.17,0.5164543186573515,7,1
0.0,Medicaid/CHIP/state,Less than high school,17,1.14,0.9269479916156377,12,2
1.0,Single-service/IHS/uninsured,Some college/associate,32,2.43,1.2122395729107824,15,2
0.0,Medicaid/CHIP/state,Some college/associate,31,0.5,0.7315103727467013,16,2
0.0,Private/Medi-Gap,Some college/associate,19,3.13,0.44365100700229887,5,3
0.0,Medicaid/CHIP/state,Some college/associate,46,2.29,0.34659945113091917,20,4
0.0,Private/Medi-Gap,Bachelor's or higher,37,3.52,0.8185553136335362,12,4
0.0,Medicaid/CHIP/state,High school/GED,32,2.92,1.3032715317211057,11,3
0.0,Private/Medi-Gap,Some college/associate,48,2.95,0.8695645229429875,2,1
0.0,Private/Medi-Gap,Some college/associate,29,1.4,0.5485812068779939,13,3
1.0,Private/Medi-Gap,Some college/associate,34,3.11,1.1631705094959004,7,4
1.0,Single-service/IHS/uninsured,Less than high school,41,1.65,1.3121210991303407,15,4
1.0,Private/Medi-Gap,Bachelor's or higher,43,6.35,0.676063998712386,16,1
0.0,Private/Medi-Gap,High school/GED,34,2.46,0.8612257727856619,17,2
0.0,Medicare/military/other govt,Some college/associate,30,2.25,0.8349842796497909,15,2
0.0,Single-service/IHS/uninsured,High school/GED,36,2.13,0.29759852741939713,19,2
0.0,Private/Medi-Gap,Some college/associate,19,1.81,0.3886044559197732,17,3
0.0,Medicaid/CHIP/state,Less than high school,30,0.92,0.16313700538839773,20,4
0.0,Private/Medi-Gap,High school/GED,30,1.62,0.469470645868523,13,2
0.0,Single-service/IHS/uninsured,Bachelor's or higher,49,6.35,1.509647234796976,16,2
0.0,Private/Medi-Gap,Bachelor's or higher,47,6.35,2.262917384617046,8,3
0.0,Private/Medi-Gap,Less than high school,32,1.14,0.5889491687541674,4,3
0.0,Medicaid/CHIP/state,Some college/associate,41,1.4,0.38167250193669516,3,3
0.0,Single-service/IHS/uninsured,Bachelor's or higher,42,1.61,0.9364535489254784,8,2
1.0,Private/Medi-Gap,Bachelor's or higher,27,6.86,0.9332092077235921,19,4
0.0,Medicaid/CHIP/state,Bachelor's or higher,39,0.75,0.3967941792727743,13,4
0.0,Private/Medi-Gap,High school/GED,43,1.4,0.6493176618036649,7,2
0.0,Medicaid/CHIP/state,High school/GED,18,3.43,1.2980528995966594,13,3
0.0,Private/Medi-Gap,Bachelor's or higher,35,2.92,1.1569495583713965,1,1
0.0,Medicaid/CHIP/state,Some college/associate,41,2.79,0.3161755033565212,16,2
0.0,Private/Medi-Gap,Bachelor's or higher,29,5.8,1.1619848258961119,19,2
0.0,Private/Medi-Gap,Some college/associate,24,3.61,0.21817261516833544,6,1
1.0,Medicaid/CHIP/state,Bachelor's or higher,38,1.12,0.30061615483399573,8,3
0.0,Private/Medi-Gap,High school/GED,42,7.0,0.196371894251171,20,2
0.0,Private/Medi-Gap,Bachelor's or higher,32,6.86,2.406484288940936,9,2
0.0,Private/Medi-Gap,Bachelor's or higher,48,4.8,2.485115414801407,12,2
1.0,Private/Medi-Gap,Bachelor's or higher,48,5.8,1.7989474920236375,11,1
0.0,Private/Medi-Gap,Some college/associate,22,5.37,1.2776936228958553,18,1
0.0,Private/Medi-Gap,Bachelor's or higher,33,5.8,0.5303733256037491,14,3
0.0,Private/Medi-Gap,High school/GED,45,4.51,2.1197504614990916,15,1
0.0,Private/Medi-Gap,Bachelor's or higher,28,5.37,0.13458212026317226,16,4
0.0,Medicaid/CHIP/state,Some college/associate,20,2.05,0.6096060436077392,2,2
0.0,Private/Medi-Gap,Some college/associate,36,1.5,0.5703703454999152,3,3
0.0,Private/Medi-Gap,Bachelor's or higher,45,4.43,0.48840467946282873,3,3
0.0,Private/Medi-Gap,Bachelor's or higher,38,1.84,0.9307098775478777,4,4
0.0,Private/Medi-Gap,Some college/associate,31,2.36,0.793547517048876,10,4
0.0,Private/Medi-Gap,Some college/associate,30,3.02,0.9664914912061127,6,2
0.0,Private/Medi-Gap,High school/GED,24,2.36,3.106064012112373,1,1
0.0,Private/Medi-Gap,Bachelor's or higher,46,4.17,0.8008853242643388,11,4
1.0,Private/Medi-Gap,Bachelor's or higher,48,5.37,0.5368959033174759,19,4
0.0,Private/Medi-Gap,Some college/associate,39,3.19,0.4780365095110802,19,3
0.0,Private/Medi-Gap,Bachelor's or higher,37,3.15,1.2418312049535931,19,4
0.0,Private/Medi-Gap,Some college/associate,39,0.77,1.5654959811433338,2,1
0.0,Private/Medi-Gap,Bachelor's or higher,31,6.35,0.598632527169515,8,3
0.0,Single-service/IHS/uninsured,High school/GED,25,1.93,0.5389136844623763,7,2
0.0,Private/Medi-Gap,Bachelor's or higher,49,6.35,0.8913098957582156,4,4
0.0,Private/Medi-Gap,Bachelor's or higher,45,6.35,0.46539336538538506,19,3
0.0,Medicaid/CHIP/state,Some college/associate,31,1.4,0.4103402778773488,18,1
0.0,Private/Medi-Gap,Bachelor's or higher,48,5.75,0.2546946812686231,19,2
0.0,Medicaid/CHIP/state,Some college/associate,31,0.92,0.20959223619901884,17,4
0.0,Private/Medi-Gap,Bachelor's or higher,31,7.0,1.4644478870533193,15,2
0.0,Medicaid/CHIP/state,Less than high school,47,0.89,0.7223268293047487,20,4
1.0,Private/Medi-Gap,Bachelor's or higher,46,5.8,1.6932885683284478,19,4
0.0,Private/Medi-Gap,Some college/associate,20,1.48,1.14725003127226,4,3
0.0,Private/Medi-Gap,Bachelor's or higher,33,5.37,0.7384697313834389,11,2
1.0,Medicaid/CHIP/state,Bachelor's or higher,40,1.51,1.0445657793895544,13,2
0.0,Medicaid/CHIP/state,High school/GED,43,0.5,3.7491436042846944,19,3
1.0,Medicaid/CHIP/state,Some college/associate,33,0.81,1.1129667004881,8,2
0.0,Private/Medi-Gap,Bachelor's or higher,42,5.75,0.21024447816733968,20,4
0.0,Private/Medi-Gap,Bachelor's or higher,39,4.17,0.925932058882746,2,3
1.0,Private/Medi-Gap,Some college/associate,48,5.75,0.32348569116081294,15,3
0.0,Private/Medi-Gap,Less than high school,16,0.5,0.9227234176695188,8,1
0.0,Medicaid/CHIP/state,Some college/associate,42,1.14,0.28323899564300964,18,1
0.0,Medicaid/CHIP/state,Some college/associate,42,0.81,3.525426733841157,18,3
0.0,Medicaid/CHIP/state,High school/GED,44,0.96,3.0462004378256786,1,4
0.0,Private/Medi-Gap,Some college/associate,38,4.51,1.3766972970389832,14,2
0.0,Medicare/military/other govt,Less than high school,29,1.55,0.3847676375808685,8,3
0.0,Private/Medi-Gap,Bachelor's or higher,26,6.35,0.3672689263838958,8,3
0.0,Private/Medi-Gap,Some college/associate,32,4.44,0.8799023830139864,5,1
0.0,Medicaid/CHIP/state,High school/GED,20,0.5,0.5154497297576139,5,2
0.0,Private/Medi-Gap,Bachelor's or higher,34,0.5,0.3466933231225218,13,3
0.0,Private/Medi-Gap,Bachelor's or higher,27,3.7,0.49702272716798657,9,4
1.0,Private/Medi-Gap,Some college/associate,32,3.13,0.5600967755237526,2,2
0.0,Private/Medi-Gap,Bachelor's or higher,31,3.52,0.7218547729882834,7,2
0.0,Medicaid/CHIP/state,Some college/associate,48,1.61,0.6016042055708978,15,2
0.0,Medicaid/CHIP/state,Some college/associate,22,1.17,2.202447458411973,10,3
0.0,Medicaid/CHIP/state,Some college/associate,49,0.8,1.437795485497494,9,4
0.0,Medicaid/CHIP/state,Less than high school,41,0.5,2.673459319872078,15,4
1.0,Private/Medi-Gap,Some college/associate,39,3.15,0.6494472787331732,4,2
0.0,Private/Medi-Gap,High school/GED,21,0.6,1.301711599054538,20,4
0.0,Private/Medi-Gap,Bachelor's or higher,27,6.86,1.0252895700658127,19,4
0.0,Single-service/IHS/uninsured,High school/GED,33,1.09,0.4063991883187493,4,3
0.0,Medicaid/CHIP/state,Less than high school,32,0.5,0.7645057261055132,14,1
0.0,Private/Medi-Gap,Some college/associate,42,6.35,0.5657043574294259,11,3
1.0,Medicaid/CHIP/state,Less than high school,37,0.5,0.7716198053414342,16,4
0.0,Private/Medi-Gap,Bachelor's or higher,32,5.37,0.4625348225231061,4,3
0.0,Private/Medi-Gap,High school/GED,20,7.0,1.6509357274104273,12,2
0.0,Private/Medi-Gap,Bachelor's or higher,45,4.44,0.8267073477514542,10,1
1.0,Single-service/IHS/uninsured,Bachelor's or higher,40,1.37,0.8714463809207187,18,1
0.0,Medicaid/CHIP/state,Some college/associate,34,0.97,0.4228978995389817,19,3
1.0,Private/Medi-Gap,Bachelor's or higher,43,4.51,0.6682803467037023,19,4
0.0,Single-service/IHS/uninsured,Some college/associate,21,5.37,2.44657534787889,2,3
0.0,Private/Medi-Gap,Bachelor's or higher,43,3.11,0.3042659318291611,8,4
0.0,Private/Medi-Gap,Less than high school,29,0.5,0.42275042389364825,2,4
1.0,Medicare/military/other govt,Bachelor's or higher,31,2.9,0.9010439443259646,20,4
0.0,Private/Medi-Gap,Some college/associate,19,3.7,1.5022429153688663,15,1
0.0,Medicaid/CHIP/state,High school/GED,24,0.5,0.589347049048719,14,3
0.0,Private/Medi-Gap,Bachelor's or higher,42,1.5,1.2887681288115194,11,2
0.0,Medicare/military/other govt,Some college/associate,39,4.44,0.9917714073986401,16,4
0.0,Private/Medi-Gap,Bachelor's or higher,31,4.44,0.8132088877448758,6,1
0.0,Medicaid/CHIP/state,Some college/associate,34,1.5,0.2033226127183908,8,3
0.0,Medicare/military/other govt,High school/GED,21,0.97,1.5364070531252432,3,3
0.0,Single-service/IHS/uninsured,Less than high school,15,1.4,0.6135641148127856,17,2
0.0,Single-service/IHS/uninsured,Less than high school,47,0.75,1.2645639539397495,16,3
0.0,Private/Medi-Gap,Bachelor's or higher,36,0.5,2.710095248750025,3,4
0.0,Private/Medi-Gap,Some college/associate,35,4.79,0.33805158418272013,20,1
0.0,Private/Medi-Gap,High school/GED,40,3.15,1.0902603120360401,1,2
1.0,Private/Medi-Gap,Bachelor's or higher,48,5.37,0.3202368157502692,2,3
0.0,Medicaid/CHIP/state,Bachelor's or higher,28,2.46,0.17738368235347993,17,3
0.0,Private/Medi-Gap,Bachelor's or higher,35,5.8,0.8168149928571468,2,4
0.0,Private/Medi-Gap,Some college/associate,29,3.76,0.34372259461873256,20,2
0.0,Private/Medi-Gap,Some college/associate,20,4.17,0.7032736427120881,16,1
0.0,Private/Medi-Gap,Bachelor's or higher,36,5.37,0.3317471510514112,7,2
0.0,Single-service/IHS/uninsured,High school/GED,31,1.84,0.422971783204436,15,2
0.0,Medicaid/CHIP/state,High school/GED,32,0.58,0.28588721576265597,19,3
1.0,Single-service/IHS/uninsured,Some college/associate,35,1.48,0.13519159514786025,13,1
0.0,Medicaid/CHIP/state,High school/GED,38,1.82,2.642943728858188,9,2
0.0,Private/Medi-Gap,Some college/associate,45,4.43,0.8060502826649185,3,3
1.0,Private/Medi-Gap,Bachelor's or higher,37,6.35,0.40716711153383434,17,2
0.0,Private/Medi-Gap,Some college/associate,48,6.86,2.6942003893606423,10,2
0.0,Single-service/IHS/uninsured,Some college/associate,29,2.92,0.6072551126613797,15,4
0.0,Private/Medi-Gap,Bachelor's or higher,23,3.43,1.4535129861922793,19,3
0.0,Medicare/military/other govt,High school/GED,32,1.9,0.6054220264797312,6,1
0.0,Medicaid/CHIP/state,High school/GED,42,0.5,0.9244850039866345,4,1
0.0,Private/Medi-Gap,Bachelor's or higher,37,3.52,0.3179819019852595,13,3
0.0,Medicaid/CHIP/state,Some college/associate,34,0.5,0.3819359282261014,1,1
0.0,Single-service/IHS/uninsured,Some college/associate,22,0.5,2.622783584773904,19,4
0.0,Medicare/military/other govt,Less than high school,26,0.5,0.45291156132494886,13,1
1.0,Private/Medi-Gap,Bachelor's or higher,46,4.17,1.5243107554206687,5,3
0.0,Private/Medi-Gap,High school/GED,32,1.9,1.2120550566263764,10,4
0.0,Private/Medi-Gap,Some college/associate,43,2.05,2.7746473000426857,20,1
0.0,Private/Medi-Gap,Bachelor's or higher,46,4.44,0.48230123580663375,19,4
0.0,Private/Medi-Gap,Bachelor's or higher,29,3.76,0.5722157090129179,7,2
0.0,Private/Medi-Gap,Bachelor's or higher,31,6.86,0.5898789574859855,8,2
0.0,Single-service/IHS/uninsured,Some college/associate,28,3.9,0.8173145295626523,4,2
0.0,Medicare/military/other govt,Some college/associate,24,3.52,2.8120120850534156,4,3
0.0,Private/Medi-Gap,Bachelor's or higher,41,2.09,0.32459600717366904,1,2
1.0,Private/Medi-Gap,Bachelor's or higher,38,4.17,0.7455373848310511,10,4
1.0,Private/Medi-Gap,Bachelor's or higher,37,4.06,1.636110506531162,3,4
0.0,Medicaid/CHIP/state,High school/GED,25,1.15,0.9500997391407021,3,4
0.0,Private/Medi-Gap,Some college/associate,23,1.17,2.854803895244416,9,4
0.0,Private/Medi-Gap,Bachelor's or higher,30,5.37,0.38508689157992654,4,3
0.0,Private/Medi-Gap,Bachelor's or higher,23,3.43,1.0733865534712814,16,4
0.0,Private/Medi-Gap,Bachelor's or higher,30,4.44,0.7857433736999216,3,4
1.0,Private/Medi-Gap,Bachelor's or higher,33,4.06,0.8164485014488903,6,4
0.0,Private/Medi-Gap,Bachelor's or higher,33,5.37,0.5011728076893861,7,3
0.0,Private/Medi-Gap,Bachelor's or higher,39,4.06,1.8136170901134523,11,1
0.0,Private/Medi-Gap,Some college/associate,49,5.37,0.9453456705244024,4,1
0.0,Medicaid/CHIP/state,High school/GED,40,7.0,0.960463713009469,17,4
0.0,Private/Medi-Gap,Some college/associate,20,2.06,0.319107932195078,17,1
0.0,Private/Medi-Gap,Some college/associate,20,5.8,1.4670907126670372,6,2
0.0,Private/Medi-Gap,Some college/associate,46,5.37,0.7209651824496587,7,1
0.0,Single-service/IHS/uninsured,High school/GED,19,1.65,0.45294992293516284,1,1
0.0,Private/Medi-Gap,Some college/associate,26,5.37,1.0260573807214244,8,1
1.0,Private/Medi-Gap,Bachelor's or higher,48,5.37,0.2649017218127757,2,1
1.0,Private/Medi-Gap,Bachelor's or higher,30,5.8,1.8879280499634585,11,3
0.0,Medicaid/CHIP/state,Bachelor's or higher,28,1.18,1.5802359087773317,9,1
0.0,Single-service/IHS/uninsured,Some college/associate,38,2.25,1.503916400417302,8,2
0.0,Private/Medi-Gap,Some college/associate,29,4.17,1.7028980068505903,13,3
0.0,Single-service/IHS/uninsured,Less than high school,31,1.17,2.4338473984644247,10,2
0.0,Private/Medi-Gap,Some college/associate,19,5.37,0.8768425633144948,11,1
0.0,Single-service/IHS/uninsured,High school/GED,23,0.6,0.5951269631603588,17,3
1.0,Medicare/military/other govt,Bachelor's or higher,28,2.79,0.4318442573609672,20,4
0.0,Private/Medi-Gap,High school/GED,34,3.52,0.5186719446742466,15,2
0.0,Medicare/military/other govt,Less than high school,18,3.8,3.1267976027321027,14,2
0.0,Private/Medi-Gap,Bachelor's or higher,46,4.17,0.8875893020077968,8,4
1.0,Private/Medi-Gap,Bachelor's or higher,32,4.17,0.5583501163817997,4,1
0.0,Medicare/military/other govt,Bachelor's or higher,40,2.92,0.26654229611120506,16,1
0.0,Private/Medi-Gap,Bachelor's or higher,43,6.35,1.315099375827673,2,3
0.0,Private/Medi-Gap,Bachelor's or higher,44,3.11,1.672349353168677,20,2
0.0,Private/Medi-Gap,Bachelor's or higher,30,6.35,0.7528792859314575,2,3
0.0,Private/Medi-Gap,Bachelor's or higher,42,6.86,2.6258696673565587,13,2
0.0,Private/Medi-Gap,High school/GED,27,5.8,4.268201204027484,18,4
0.0,Private/Medi-Gap,Some college/associate,32,4.44,0.3034590943443033,13,3
0.0,Medicaid/CHIP/state,High school/GED,26,0.5,0.3472352416749998,1,1
0.0,Medicare/military/other govt,High school/GED,23,0.5,2.678349318588017,20,2
1.0,Private/Medi-Gap,Bachelor's or higher,33,3.76,0.2696897332972703,17,3
1.0,Private/Medi-Gap,Less than high school,43,1.9,0.6967284009620881,15,4
0.0,Medicaid/CHIP/state,Less than high school,17,3.02,2.900898768392639,8,2
0.0,Medicaid/CHIP/state,High school/GED,46,0.5,0.7608457400406768,3,3
0.0,Single-service/IHS/uninsured,Some college/associate,19,4.17,0.6404872227960204,12,2
0.0,Private/Medi-Gap,Bachelor's or higher,32,6.35,0.3999435026127129,17,4
0.0,Private/Medi-Gap,Bachelor's or higher,46,3.52,0.9186635204688818,7,4
1.0,Private/Medi-Gap,Bachelor's or higher,35,5.8,1.0551030314856609,19,4
0.0,Private/Medi-Gap,Some college/associate,39,4.17,0.514093027915987,6,1
0.0,Private/Medi-Gap,Bachelor's or higher,29,6.21,0.8477842924715814,18,3
0.0,Private/Medi-Gap,Bachelor's or higher,37,4.51,1.8556215043005144,19,4
0.0,Private/Medi-Gap,Some college/associate,27,4.8,0.8416602721982699,19,3
0.0,Medicaid/CHIP/state,Bachelor's or higher,40,1.27,0.7318252961877514,3,3
0.0,Single-service/IHS/uninsured,Less than high school,29,0.77,0.5694657963291094,1,1
0.0,Medicaid/CHIP/state,Some college/associate,24,6.35,0.3308763997632539,15,3
1.0,Private/Medi-Gap,Bachelor's or higher,43,3.8,1.4206012432773403,2,2
1.0,Medicaid/CHIP/state,Some college/associate,30,2.06,0.4455539193412945,18,4
0.0,Medicaid/CHIP/state,Bachelor's or higher,30,0.59,0.5362229769432979,15,2
0.0,Private/Medi-Gap,Some college/associate,25,1.14,0.4888275783738375,13,4
0.0,Medicare/military/other govt,Bachelor's or higher,32,1.65,0.3074146521186774,7,4
0.0,Private/Medi-Gap,Less than high school,18,1.84,0.6780494665670002,6,1
0.0,Private/Medi-Gap,Bachelor's or higher,44,5.37,1.3226705374666252,11,3
0.0,Private/Medi-Gap,Some college/associate,44,2.36,0.7280807020741223,14,1
0.0,Private/Medi-Gap,Bachelor's or higher,48,7.0,0.24995793257353155,12,2
0.0,Private/Medi-Gap,Bachelor's or higher,28,2.47,3.072011847923532,4,2
0.0,Private/Medi-Gap,Some college/associate,35,3.61,0.40285687356707084,1,3
0.0,Private/Medi-Gap,Some college/associate,31,1.78,0.5488420054627727,20,1
0.0,Private/Medi-Gap,Bachelor's or higher,32,6.35,0.46961816049968724,4,3
0.0,Medicaid/CHIP/state,Some college/associate,40,0.5,0.35675814976672526,3,4
0.0,Private/Medi-Gap,Bachelor's or higher,32,4.43,0.370796738331988,8,2
0.0,Private/Medi-Gap,Bachelor's or higher,35,6.35,0.7191689271439322,3,4
0.0,Private/Medi-Gap,High school/GED,24,0.77,1.1567774892266094,20,2
0.0,Medicaid/CHIP/state,Bachelor's or higher,28,1.4,0.26485998751821593,2,1
0.0,Private/Medi-Gap,Some college/associate,29,1.84,0.621057525809311,15,4
1.0,Private/Medi-Gap,Bachelor's or higher,44,6.35,1.3265261101518646,4,1
1.0,Medicaid/CHIP/state,High school/GED,33,0.77,0.8357375075175021,15,4
1.0,Private/Medi-Gap,Bachelor's or higher,37,5.37,0.7191689271439322,3,4
0.0,Medicaid/CHIP/state,Some college/associate,33,1.01,0.7265089107825321,18,2
0.0,Medicare/military/other govt,Some college/associate,18,4.17,0.36512347611017115,8,3
0.0,Medicaid/CHIP/state,Bachelor's or higher,45,0.5,0.300108328384193,20,4
0.0,Medicaid/CHIP/state,Some college/associate,35,1.18,0.6229470167356321,18,1
0.0,Private/Medi-Gap,Some college/associate,36,4.51,1.1180295689373976,18,2
0.0,Single-service/IHS/uninsured,Some college/associate,20,3.76,1.6165202980212758,5,3
0.0,Private/Medi-Gap,High school/GED,37,2.9,0.36806742015554356,15,3
0.0,Private/Medi-Gap,Bachelor's or higher,30,6.35,1.1812594556600948,3,4
0.0,Private/Medi-Gap,Bachelor's or higher,32,5.8,0.5217168756626072,9,3
0.0,Private/Medi-Gap,Bachelor's or higher,34,3.15,0.904807661026854,20,1
0.0,Single-service/IHS/uninsured,Less than high school,38,1.65,1.3900319897209885,7,1
0.0,Private/Medi-Gap,Bachelor's or higher,46,6.35,0.3701019379995872,1,1
0.0,Private/Medi-Gap,High school/GED,45,1.98,2.588168794667578,5,4
0.0,Private/Medi-Gap,Bachelor's or higher,32,0.5,0.4484840132789393,3,4
0.0,Medicaid/CHIP/state,High school/GED,44,1.23,0.8169068041158786,14,3
0.0,Medicare/military/other govt,Some college/associate,36,1.4,0.5117534646564448,7,2
0.0,Private/Medi-Gap,Bachelor's or higher,49,5.37,2.6336130867333227,7,2
1.0,Medicaid/CHIP/state,High school/GED,22,0.58,0.5511565957259884,18,1
0.0,Private/Medi-Gap,Bachelor's or higher,37,5.37,0.23168981081103174,8,3
1.0,Private/Medi-Gap,Some college/associate,32,5.37,0.8689997524320962,12,2
0.0,Private/Medi-Gap,Bachelor's or higher,41,4.44,0.3887104248494022,12,2
0.0,Private/Medi-Gap,Bachelor's or higher,31,2.95,0.36534592120988996,10,1
0.0,Medicare/military/other govt,Bachelor's or higher,34,5.37,0.7017408864494405,12,4
0.0,Private/Medi-Gap,Bachelor's or higher,43,4.51,0.7779520382772418,1,2
0.0,Private/Medi-Gap,Bachelor's or higher,25,2.79,0.9975575755680526,19,4
0.0,Private/Medi-Gap,Bachelor's or higher,26,1.15,0.678972143776397,13,3
0.0,Private/Medi-Gap,Less than high school,15,5.8,1.4249622803033861,19,3
1.0,Medicaid/CHIP/state,High school/GED,46,0.8,0.5888167394777699,6,3
0.0,Medicaid/CHIP/state,High school/GED,26,1.25,4.542143761760521,1,1
1.0,Private/Medi-Gap,Less than high school,41,4.17,2.32217441764691,12,2
0.0,Private/Medi-Gap,Bachelor's or higher,37,3.43,0.33661954345309936,4,3
1.0,Medicaid/CHIP/state,High school/GED,19,2.35,1.1635342972405205,15,1
0.0,Medicaid/CHIP/state,High school/GED,41,1.48,0.7573798154526542,15,3
0.0,Private/Medi-Gap,High school/GED,41,2.06,1.0326640597426866,2,4
0.0,Private/Medi-Gap,Bachelor's or higher,38,1.04,0.2817626192277738,13,2
0.0,Private/Medi-Gap,Bachelor's or higher,38,4.51,1.6902535161856087,12,1
0.0,Private/Medi-Gap,High school/GED,26,2.13,0.30412068985575647,19,2
0.0,Medicaid/CHIP/state,Some college/associate,35,1.37,0.6411818932004997,2,1
0.0,Medicaid/CHIP/state,High school/GED,37,6.35,0.8003587412319203,15,2
0.0,Medicaid/CHIP/state,High school/GED,45,0.5,0.25751608315735863,4,2
1.0,Single-service/IHS/uninsured,High school/GED,27,0.7,0.6633437268975866,5,4
0.0,Private/Medi-Gap,Some college/associate,37,4.43,0.20218289162404654,20,4
1.0,Private/Medi-Gap,Bachelor's or higher,27,2.9,0.4701006973703276,18,1
0.0,Private/Medi-Gap,Bachelor's or higher,31,6.35,0.637682370131544,5,1
1.0,Private/Medi-Gap,Some college/associate,39,3.11,0.39846625389883156,16,3
0.0,Medicaid/CHIP/state,Less than high school,45,0.57,0.203527059260184,3,1
0.0,Medicaid/CHIP/state,Less than high school,33,0.77,0.24213386493060587,20,2
0.0,Private/Medi-Gap,Bachelor's or higher,26,3.61,0.16412453690630763,16,4
1.0,Private/Medi-Gap,Bachelor's or higher,38,4.8,0.23937503701472598,13,2
0.0,Private/Medi-Gap,Bachelor's or higher,28,6.35,0.40607851018145674,12,1
1.0,Private/Medi-Gap,Bachelor's or higher,39,2.95,0.18322132404450114,4,3
0.0,Single-service/IHS/uninsured,Some college/associate,25,1.35,1.111127010568885,10,3
0.0,Medicaid/CHIP/state,Less than high school,38,1.81,0.3340180283587063,20,4
0.0,Medicaid/CHIP/state,Less than high school,21,2.47,2.567386629789914,8,1
0.0,Private/Medi-Gap,Some college/associate,38,6.35,0.4949340591231544,5,3
0.0,Private/Medi-Gap,Bachelor's or higher,49,5.37,0.16865557764807987,8,3
0.0,Private/Medi-Gap,Bachelor's or higher,22,0.5,0.8659624215189962,9,2
0.0,Private/Medi-Gap,Bachelor's or higher,26,5.8,1.3184274873675181,1,4
0.0,Medicaid/CHIP/state,Less than high school,47,0.5,0.3493581866138542,16,2
0.0,Private/Medi-Gap,Bachelor's or higher,32,4.8,1.9718366668622762,9,2
0.0,Private/Medi-Gap,Bachelor's or higher,33,1.84,0.5538906958910166,12,4
0.0,Medicaid/CHIP/state,Some college/associate,19,0.74,0.2743441737348707,2,3
0.0,Single-service/IHS/uninsured,High school/GED,35,3.43,1.048119985639585,19,4
0.0,Medicaid/CHIP/state,Bachelor's or higher,42,3.19,3.7836643438696576,19,4
0.0,Single-service/IHS/uninsured,Some college/associate,31,1.14,1.032497192187327,17,2
0.0,Private/Medi-Gap,Some college/associate,24,1.84,2.7099510280115755,7,4
0.0,Private/Medi-Gap,Some college/associate,48,0.92,0.41999112620968904,7,2
0.0,Medicaid/CHIP/state,High school/GED,27,3.19,1.2067066024309185,3,4
0.0,Medicare/military/other govt,Some college/associate,46,0.5,3.36516372185448,15,1
0.0,Private/Medi-Gap,Some college/associate,21,5.75,0.515563598200519,4,3
0.0,Private/Medi-Gap,Some college/associate,33,2.13,0.181610874239133,18,1
0.0,Private/Medi-Gap,High school/GED,25,5.37,1.2308988005274903,3,4
0.0,Private/Medi-Gap,Some college/associate,26,0.5,0.4992119679220372,6,3
0.0,Medicaid/CHIP/state,Some college/associate,27,0.75,0.598703957262083,6,3
0.0,Medicare/military/other govt,Some college/associate,23,1.4,0.37488518270220844,20,4
0.0,Private/Medi-Gap,Bachelor's or higher,35,4.8,2.8998978865757885,18,3
0.0,Private/Medi-Gap,Bachelor's or higher,30,3.61,0.3391118507376594,7,4
0.0,Private/Medi-Gap,Bachelor's or higher,42,3.52,1.0181891813417039,7,3
0.0,Private/Medi-Gap,Some college/associate,38,0.5,0.22644028714916778,9,1
1.0,Medicare/military/other govt,High school/GED,27,2.92,1.135697076780197,10,4
0.0,Single-service/IHS/uninsured,High school/GED,21,0.5,1.8207840387575343,15,2
0.0,Private/Medi-Gap,Bachelor's or higher,46,4.17,0.7291163506050605,15,1
0.0,Medicaid/CHIP/state,Bachelor's or higher,34,0.89,0.8929193896280317,3,4
1.0,Private/Medi-Gap,Bachelor's or higher,40,4.17,0.6567045828171062,19,3
0.0,Private/Medi-Gap,Bachelor's or higher,34,7.0,0.47191643202466443,15,2
1.0,Private/Medi-Gap,Bachelor's or higher,44,4.17,0.2818458369807164,8,3
0.0,Single-service/IHS/uninsured,Some college/associate,31,1.84,0.19742391481837657,3,1
0.0,Single-service/IHS/uninsured,Less than high school,47,6.35,0.42708074776295113,20,4
0.0,Private/Medi-Gap,High school/GED,23,3.61,1.985153312757231,5,3
1.0,Private/Medi-Gap,Bachelor's or higher,44,4.17,0.5421742075421089,19,3
0.0,Single-service/IHS/uninsured,Bachelor's or higher,26,2.29,0.8851050667283147,16,1
0.0,Medicaid/CHIP/state,Some college/associate,28,5.37,0.6505452287834079,15,1
0.0,Private/Medi-Gap,Bachelor's or higher,33,4.51,0.6994482419290653,14,2
0.0,Private/Medi-Gap,Some college/associate,41,2.25,0.6474687181539895,4,1
0.0,Medicaid/CHIP/state,Some college/associate,30,2.25,0.8931551256907045,8,1
1.0,Private/Medi-Gap,Bachelor's or higher,49,4.44,0.22024194653928025,13,4
0.0,Private/Medi-Gap,Bachelor's or higher,36,4.8,2.303566359119434,9,2
0.0,Private/Medi-Gap,Bachelor's or higher,41,4.51,1.7692531125629534,1,4
1.0,Single-service/IHS/uninsured,Bachelor's or higher,31,3.15,2.1530975643296006,18,2
1.0,Private/Medi-Gap,Some college/associate,46,4.17,0.770643063431723,18,1
0.0,Medicare/military/other govt,Some college/associate,26,2.9,1.0466131750809227,15,3
0.0,Private/Medi-Gap,Bachelor's or higher,39,4.51,0.7594260870401451,1,4
0.0,Medicaid/CHIP/state,Some college/associate,41,1.12,1.0060238108828252,20,4
0.0,Private/Medi-Gap,Bachelor's or higher,31,2.08,0.4954489818886683,10,3
0.0,Single-service/IHS/uninsured,Some college/associate,48,1.74,0.7772445527903892,19,2
0.0,Single-service/IHS/uninsured,High school/GED,25,2.31,1.1443422414042024,6,3
0.0,Medicaid/CHIP/state,High school/GED,25,0.82,0.8452807513788887,1,3
0.0,Medicaid/CHIP/state,High school/GED,33,0.58,0.572031966779882,1,3
0.0,Medicaid/CHIP/state,Less than high school,17,1.4,0.32436546852603276,8,1
0.0,Private/Medi-Gap,Bachelor's or higher,43,5.37,0.5621313081272503,12,3
0.0,Single-service/IHS/uninsured,Some college/associate,46,1.93,0.22292539762493335,3,1
0.0,Private/Medi-Gap,Some college/associate,28,1.25,0.2648239046782628,5,4
0.0,Private/Medi-Gap,Bachelor's or higher,38,2.25,0.6166456570742815,6,1
0.0,Medicaid/CHIP/state,Bachelor's or higher,34,1.09,0.8554407868634308,16,2
0.0,Private/Medi-Gap,Some college/associate,22,1.9,0.5206104797011241,15,4
0.0,Medicaid/CHIP/state,High school/GED,24,0.5,1.5127422125597163,3,3
0.0,Private/Medi-Gap,Bachelor's or higher,40,4.44,0.213288242860656,7,4
0.0,Private/Medi-Gap,Bachelor's or higher,33,3.8,1.1514321307893765,20,1
0.0,Medicaid/CHIP/state,Some college/associate,35,1.37,0.4913615578588904,19,3
0.0,Medicaid/CHIP/state,Bachelor's or higher,34,3.13,3.9335968635855516,9,4
0.0,Private/Medi-Gap,Some college/associate,23,0.75,0.6431828801738371,8,1
1.0,Private/Medi-Gap,Bachelor's or higher,30,6.86,2.501627557795749,9,2
0.0,Medicaid/CHIP/state,Less than high school,18,3.13,1.700360265568311,14,4
0.0,Private/Medi-Gap,Bachelor's or higher,35,6.35,1.125814183590476,9,1
0.0,Private/Medi-Gap,High school/GED,46,4.06,1.6655440543846525,15,4
0.0,Private/Medi-Gap,Some college/associate,19,3.8,0.9472841079003463,20,1
0.0,Private/Medi-Gap,Bachelor's or higher,38,1.15,0.9992064018921742,15,1
0.0,Private/Medi-Gap,Bachelor's or higher,41,3.52,0.7524526229123986,5,2
0.0,Private/Medi-Gap,Some college/associate,30,2.25,0.8514567234397558,2,1
0.0,Medicaid/CHIP/state,High school/GED,19,3.76,0.18560689282062381,8,1
0.0,Medicaid/CHIP/state,Bachelor's or higher,35,3.76,0.6781540282795868,1,1
0.0,Private/Medi-Gap,Bachelor's or higher,22,6.86,2.0849820649832806,12,2
0.0,Private/Medi-Gap,Some college/associate,49,6.86,4.259813896011617,2,4
0.0,Private/Medi-Gap,Bachelor's or higher,28,4.17,0.4244037934460936,6,1
0.0,Single-service/IHS/uninsured,Less than high school,18,2.46,0.1942727967884543,13,4
0.0,Private/Medi-Gap,Bachelor's or higher,26,1.48,0.3527791817836767,12,1
0.0,Single-service/IHS/uninsured,Some college/associate,31,1.15,0.7314582753772577,17,2
0.0,Single-service/IHS/uninsured,Bachelor's or higher,30,1.5,0.3482265227651338,20,4
0.0,Private/Medi-Gap,Bachelor's or higher,32,6.35,0.2672417941989414,8,4
0.0,Private/Medi-Gap,Some college/associate,20,5.37,1.092158207875126,8,4
0.0,Private/Medi-Gap,Some college/associate,49,4.43,0.7797111564856453,4,4
0.0,Single-service/IHS/uninsured,Less than high school,24,0.5,0.5954409327530524,1,3
0.0,Medicaid/CHIP/state,Bachelor's or higher,42,0.5,0.87469821068199,17,4
0.0,Private/Medi-Gap,Some college/associate,45,6.86,0.3918310463436603,8,4
0.0,Private/Medi-Gap,Less than high school,18,5.37,0.7314988760264747,20,4
0.0,Private/Medi-Gap,Less than high school,18,2.36,1.02782089620355,19,4
0.0,Medicaid/CHIP/state,Less than high school,42,0.5,0.7106990633142762,9,4
0.0,Private/Medi-Gap,Bachelor's or higher,35,5.37,0.5774710921035143,19,3
0.0,Medicaid/CHIP/state,High school/GED,20,1.25,2.9269772247223727,13,1
0.0,Medicaid/CHIP/state,Bachelor's or higher,29,1.67,2.8814533613088162,5,2
1.0,Private/Medi-Gap,Bachelor's or higher,38,6.35,0.7861059732339446,7,2
0.0,Medicaid/CHIP/state,Bachelor's or higher,38,0.5,0.3149448614905087,4,4
0.0,Private/Medi-Gap,Bachelor's or higher,29,2.31,2.512847465951617,7,4
0.0,Single-service/IHS/uninsured,Bachelor's or higher,27,4.43,0.9550248131774964,17,3
0.0,Private/Medi-Gap,Bachelor's or higher,39,2.92,0.36188172452159395,5,1
0.0,Private/Medi-Gap,Some college/associate,46,2.66,0.8556124982032702,4,2
0.0,Medicare/military/other govt,Some college/associate,39,0.5,0.478206795221831,3,3
0.0,Private/Medi-Gap,Bachelor's or higher,22,5.37,3.8493125283833876,2,3
0.0,Single-service/IHS/uninsured,Some college/associate,32,0.5,0.16177885115685375,8,1
0.0,Private/Medi-Gap,Some college/associate,22,5.37,3.077410203236939,15,2
0.0,Private/Medi-Gap,Bachelor's or higher,41,2.92,0.6515723146692336,16,3
0.0,Private/Medi-Gap,High school/GED,21,2.92,1.169605217023309,19,4
0.0,Private/Medi-Gap,Some college/associate,38,2.9,1.3653072325039444,12,3
0.0,Medicaid/CHIP/state,Some college/associate,40,3.13,1.4332310199592737,1,4
0.0,Single-service/IHS/uninsured,High school/GED,27,1.14,1.2035333995614823,18,4
0.0,Medicaid/CHIP/state,High school/GED,33,0.7,0.4773157418573118,20,2
0.0,Single-service/IHS/uninsured,Some college/associate,27,1.37,0.7674410654636917,17,4
1.0,Private/Medi-Gap,Bachelor's or higher,39,6.21,0.5467111625760389,11,4
0.0,Private/Medi-Gap,Some college/associate,35,2.92,0.6927237762025495,4,1
0.0,Single-service/IHS/uninsured,Some college/associate,28,0.5,0.15672634145896366,4,3
0.0,Private/Medi-Gap,Some college/associate,24,4.17,1.1330803754002248,15,3
0.0,Medicaid/CHIP/state,High school/GED,18,1.01,1.2489769387459828,2,4
0.0,Single-service/IHS/uninsured,Less than high school,32,0.5,0.5670845654907217,5,4
0.0,Private/Medi-Gap,Bachelor's or higher,34,2.29,0.22666548607975814,3,1
0.0,Private/Medi-Gap,Some college/associate,24,4.51,3.8493125283833876,14,2
1.0,Medicare/military/other govt,Less than high school,39,0.5,1.3161950513565805,15,4
0.0,Private/Medi-Gap,Some college/associate,28,2.46,0.24510731752273043,8,1
0.0,Private/Medi-Gap,Bachelor's or higher,43,5.37,2.170676930650663,5,3
0.0,Private/Medi-Gap,Bachelor's or higher,42,1.55,0.6126912070043914,1,3
0.0,Medicaid/CHIP/state,High school/GED,31,1.28,3.427789184332955,9,4
0.0,Private/Medi-Gap,Bachelor's or higher,40,4.17,0.5872277125727624,5,3
0.0,Private/Medi-Gap,High school/GED,19,0.5,1.5165368786431568,19,2
0.0,Private/Medi-Gap,Bachelor's or higher,38,6.35,0.9201625718781672,11,2
0.0,Medicaid/CHIP/state,Bachelor's or higher,30,1.4,0.48249610130098197,3,2
0.0,Medicare/military/other govt,Bachelor's or higher,24,2.9,0.2457202117554928,2,1
0.0,Private/Medi-Gap,Some college/associate,47,2.29,1.985232057426528,4,3
0.0,Private/Medi-Gap,Some college/associate,18,1.93,1.3164372957421668,16,1
0.0,Medicaid/CHIP/state,Some college/associate,48,2.29,0.48180632067382695,20,2
0.0,Private/Medi-Gap,Bachelor's or higher,25,6.35,1.3999137811696414,5,3
0.0,Private/Medi-Gap,Some college/associate,18,2.29,0.6114135161731196,1,3
0.0,Private/Medi-Gap,Bachelor's or higher,37,3.52,0.7987773715764221,12,4
0.0,Single-service/IHS/uninsured,Less than high school,39,0.5,0.5558542952290249,3,3
0.0,Private/Medi-Gap,Some college/associate,31,5.8,0.6550801039269939,2,4
0.0,Private/Medi-Gap,Bachelor's or higher,31,7.0,0.38209602588822206,15,2
0.0,Medicaid/CHIP/state,Some college/associate,23,2.13,3.8493125283833876,16,2
0.0,Private/Medi-Gap,Bachelor's or higher,34,5.37,0.9695221073130271,15,2
0.0,Private/Medi-Gap,High school/GED,42,4.44,0.8757989841859759,16,3
1.0,Medicare/military/other govt,Bachelor's or higher,36,1.14,0.36760698579103646,4,4
0.0,Private/Medi-Gap,Less than high school,15,3.52,1.5471237339666553,12,3
0.0,Medicaid/CHIP/state,Some college/associate,30,0.99,0.739162128981073,5,3
1.0,Private/Medi-Gap,Some college/associate,43,6.35,2.7746473000426857,13,1
0.0,Private/Medi-Gap,Bachelor's or higher,48,1.9,0.7095603887248614,16,1
0.0,Single-service/IHS/uninsured,Less than high school,31,0.5,0.3034238463080187,20,2
0.0,Private/Medi-Gap,High school/GED,45,5.37,0.31561446422943573,8,3
0.0,Medicare/military/other govt,Bachelor's or higher,43,6.86,1.2854589309902962,1,4
1.0,Private/Medi-Gap,Bachelor's or higher,32,4.17,0.6932645075880282,12,1
0.0,Medicaid/CHIP/state,High school/GED,18,1.4,0.5344547385104051,19,3
0.0,Medicaid/CHIP/state,Less than high school,48,0.74,0.41478263830276707,20,2
0.0,Medicare/military/other govt,High school/GED,32,1.84,0.8989311649983887,16,3
1.0,Private/Medi-Gap,Bachelor's or higher,31,3.76,0.5078922666810854,4,3
1.0,Single-service/IHS/uninsured,High school/GED,28,1.84,0.347190117029475,8,1
0.0,Single-service/IHS/uninsured,Bachelor's or higher,46,0.9,0.8677459338251375,16,2
0.0,Private/Medi-Gap,Bachelor's or higher,36,5.75,0.33699543529184484,10,1
0.0,Single-service/IHS/uninsured,Bachelor's or higher,38,1.55,0.2485043238834609,16,3
1.0,Private/Medi-Gap,Bachelor's or higher,30,4.51,0.8164485014488903,6,4
0.0,Private/Medi-Gap,Some college/associate,25,1.93,1.3481879340209453,1,1
0.0,Medicaid/CHIP/state,Bachelor's or higher,28,3.76,0.21083423442135862,2,3
0.0,Medicaid/CHIP/state,Some college/associate,49,0.7,0.150504911099458,20,4
0.0,Private/Medi-Gap,Some college/associate,35,1.84,0.4676783911948255,12,2
1.0,Medicaid/CHIP/state,Some college/associate,35,0.5,1.7257534739886924,14,1
1.0,Private/Medi-Gap,Bachelor's or higher,39,2.36,0.6178116260687065,1,3
1.0,Medicare/military/other govt,Bachelor's or higher,25,2.46,1.1037524545490103,4,1
1.0,Private/Medi-Gap,Bachelor's or higher,46,7.0,0.644846909257474,13,4
0.0,Single-service/IHS/uninsured,Bachelor's or higher,37,3.52,0.911088556406933,19,2
0.0,Private/Medi-Gap,Bachelor's or higher,42,4.17,0.9132761363496846,6,1
0.0,Private/Medi-Gap,Bachelor's or higher,48,6.86,1.7221836793697727,12,1
1.0,Private/Medi-Gap,Bachelor's or higher,37,2.46,0.809818275134933,1,1
0.0,Private/Medi-Gap,Bachelor's or higher,45,1.93,0.2579796483151583,4,4
0.0,Private/Medi-Gap,Some college/associate,31,0.9,0.3330901228735963,4,3
0.0,Private/Medi-Gap,Bachelor's or higher,37,4.17,0.532931360688151,16,2
0.0,Medicare/military/other govt,Less than high school,19,1.9,0.6233467242207834,4,3
0.0,Medicaid/CHIP/state,Bachelor's or higher,30,1.4,0.2422741090397751,20,2
0.0,Medicare/military/other govt,Some college/associate,18,6.35,0.5007193439616022,4,1
0.0,Private/Medi-Gap,Bachelor's or higher,30,2.47,2.847933117409531,7,3
0.0,Private/Medi-Gap,Bachelor's or higher,36,4.51,0.8284458727942621,2,4
0.0,Single-service/IHS/uninsured,Some college/associate,36,2.66,0.7571799038649452,19,3
0.0,Single-service/IHS/uninsured,High school/GED,49,0.97,0.37729996006526884,15,2
0.0,Private/Medi-Gap,Bachelor's or higher,29,6.35,0.5750403823570162,4,1
0.0,Private/Medi-Gap,Bachelor's or higher,35,7.0,0.35029551981208057,19,3
0.0,Medicaid/CHIP/state,Some college/associate,25,1.98,1.2084339758861893,17,1
0.0,Private/Medi-Gap,High school/GED,45,2.79,0.5701645325159352,8,2
1.0,Private/Medi-Gap,Bachelor's or higher,46,3.76,0.3061278907083527,4,3
0.0,Medicaid/CHIP/state,High school/GED,20,1.81,0.3112383804617404,14,1
0.0,Private/Medi-Gap,High school/GED,30,5.37,0.7272385452156186,4,1
0.0,Private/Medi-Gap,Bachelor's or higher,35,4.17,0.6010406193198408,12,3
0.0,Medicare/military/other govt,Less than high school,35,2.43,1.223793770775039,2,4
0.0,Private/Medi-Gap,High school/GED,47,4.06,0.9634408611303619,11,1
0.0,Private/Medi-Gap,Bachelor's or higher,40,4.17,0.56023181073831,19,4
0.0,Single-service/IHS/uninsured,High school/GED,24,0.84,3.6283550489512666,18,3
0.0,Private/Medi-Gap,Less than high school,16,0.5,0.7524314669494374,15,3
0.0,Medicaid/CHIP/state,High school/GED,18,1.37,2.843688783685174,6,3
0.0,Single-service/IHS/uninsured,Some college/associate,47,0.5,1.0694334163219215,19,1
0.0,Private/Medi-Gap,Some college/associate,45,4.06,0.2430569316255968,15,4
0.0,Medicare/military/other govt,Bachelor's or higher,40,6.35,0.4856354535115399,16,1
0.0,Medicare/military/other govt,Some college/associate,28,2.46,0.6735988621665009,20,4
0.0,Private/Medi-Gap,Bachelor's or higher,47,3.52,1.3447537556769094,16,2
0.0,Single-service/IHS/uninsured,High school/GED,28,0.5,0.8593242847339864,15,4
0.0,Private/Medi-Gap,Bachelor's or higher,41,6.86,2.7746473000426857,9,2
1.0,Private/Medi-Gap,Bachelor's or higher,33,5.37,0.693988224449078,12,3
0.0,Medicaid/CHIP/state,Some college/associate,41,1.14,0.2276231449098388,16,1
0.0,Private/Medi-Gap,Some college/associate,42,5.37,0.9220931233821487,7,4
0.0,Medicaid/CHIP/state,High school/GED,45,2.47,3.0363200336166254,11,1
0.0,Medicare/military/other govt,High school/GED,19,3.61,0.352409164804002,20,4
0.0,Single-service/IHS/uninsured,High school/GED,28,0.56,2.7322763139412536,20,2
0.0,Private/Medi-Gap,Bachelor's or higher,32,2.36,0.21662953712745844,13,1
0.0,Private/Medi-Gap,Bachelor's or higher,46,5.37,1.5426031315878914,8,3
0.0,Medicaid/CHIP/state,Some college/associate,37,1.25,1.0623639486541387,1,1
0.0,Medicare/military/other govt,Bachelor's or higher,36,5.75,0.1730913238999541,15,4
0.0,Private/Medi-Gap,High school/GED,36,3.15,3.661919937962904,10,3
0.0,Private/Medi-Gap,Bachelor's or higher,27,6.35,0.6773205866550972,19,4
0.0,Single-service/IHS/uninsured,Some college/associate,28,2.36,0.6750565545291656,10,1
0.0,Private/Medi-Gap,High school/GED,18,5.37,0.5183366470740463,3,2
0.0,Medicaid/CHIP/state,High school/GED,23,4.43,1.2185629330293135,7,3
1.0,Private/Medi-Gap,Bachelor's or higher,41,4.51,1.7849279442722958,18,3
0.0,Medicaid/CHIP/state,Less than high school,34,0.5,0.3218752677435597,17,4
0.0,Private/Medi-Gap,Some college/associate,41,5.75,0.12060369563081416,16,4
0.0,Private/Medi-Gap,Some college/associate,31,2.13,0.4188829483050237,9,1
0.0,Private/Medi-Gap,High school/GED,18,3.8,1.9051867410543937,2,4
0.0,Private/Medi-Gap,Bachelor's or higher,33,4.17,0.970916918959636,13,1
0.0,Private/Medi-Gap,Bachelor's or higher,44,7.0,0.49732782073806764,11,3
0.0,Private/Medi-Gap,Bachelor's or higher,23,0.89,1.1090601830871474,16,1
0.0,Private/Medi-Gap,Bachelor's or higher,31,1.93,0.2952265062567357,16,4
0.0,Single-service/IHS/uninsured,Bachelor's or higher,36,2.36,0.45910812133342255,13,1
0.0,Medicaid/CHIP/state,Some college/associate,36,0.75,0.5032961700673462,17,4
0.0,Private/Medi-Gap,Some college/associate,22,6.35,0.49706885977986626,13,3
0.0,Private/Medi-Gap,Bachelor's or higher,41,7.0,0.8587108885306993,8,3
0.0,Private/Medi-Gap,High school/GED,18,5.37,0.44262848797483195,16,4
1.0,Private/Medi-Gap,Bachelor's or higher,45,3.52,0.3229172647778683,4,1
0.0,Private/Medi-Gap,Bachelor's or higher,33,1.25,0.6420334019621964,17,2
0.0,Private/Medi-Gap,Bachelor's or higher,23,4.06,0.8620415807387299,9,2
0.0,Single-service/IHS/uninsured,Some college/associate,34,2.79,1.1142098371265152,10,4
0.0,Private/Medi-Gap,Bachelor's or higher,40,5.37,1.3133858635869917,2,3
0.0,Private/Medi-Gap,Bachelor's or higher,30,6.86,2.4288094429300395,11,4
0.0,Private/Medi-Gap,High school/GED,26,4.44,1.6486964178173587,7,3
0.0,Medicaid/CHIP/state,High school/GED,36,1.93,1.109491483407414,1,1
0.0,Private/Medi-Gap,Some college/associate,35,1.65,0.4602509557780682,10,4
0.0,Private/Medi-Gap,Bachelor's or higher,37,6.35,0.6853619582624417,8,3
0.0,Private/Medi-Gap,Bachelor's or higher,42,4.17,0.674984949633972,8,4
0.0,Private/Medi-Gap,Bachelor's or higher,43,6.86,1.2714080253624218,19,3
0.0,Private/Medi-Gap,Bachelor's or higher,27,0.74,0.17056894370587944,13,4
0.0,Private/Medi-Gap,Less than high school,22,2.36,1.0558398845590249,3,4
0.0,Medicaid/CHIP/state,Some college/associate,32,2.25,0.5251958329231372,7,4
0.0,Private/Medi-Gap,Less than high school,18,0.5,0.8662480780807191,10,1
0.0,Medicaid/CHIP/state,Some college/associate,30,2.55,1.2210011650284962,18,2
0.0,Private/Medi-Gap,Bachelor's or higher,32,2.9,0.4703934795430417,4,1
1.0,Private/Medi-Gap,High school/GED,31,6.35,2.5533860673181836,9,1
0.0,Private/Medi-Gap,Bachelor's or higher,41,4.17,1.5457101755770664,13,3
1.0,Private/Medi-Gap,Bachelor's or higher,41,4.17,1.737169954964851,18,1
0.0,Private/Medi-Gap,Bachelor's or higher,41,4.17,0.8403162740722264,6,1
0.0,Private/Medi-Gap,Some college/associate,21,4.44,2.026994633485705,7,1
0.0,Medicaid/CHIP/state,Some college/associate,34,0.63,0.7575972296657225,1,1
0.0,Private/Medi-Gap,Bachelor's or higher,49,3.61,0.9482709309644598,16,2
0.0,Medicaid/CHIP/state,Some college/associate,32,2.13,0.5565972189851259,3,4
0.0,Private/Medi-Gap,Less than high school,46,1.14,1.8300662318561969,19,2
0.0,Private/Medi-Gap,Bachelor's or higher,36,1.06,0.8122393839310861,6,1
0.0,Private/Medi-Gap,Bachelor's or higher,41,5.37,0.7233657844752026,15,2
0.0,Private/Medi-Gap,Some college/associate,20,4.06,0.8570209720354666,18,4
1.0,Private/Medi-Gap,Bachelor's or higher,42,5.8,3.017144901954335,11,2
0.0,Medicaid/CHIP/state,High school/GED,29,0.5,0.9983730488244092,20,4
1.0,Private/Medi-Gap,Bachelor's or higher,29,3.7,3.3722965127983127,1,2
1.0,Private/Medi-Gap,Bachelor's or higher,49,5.37,0.9203875723015543,5,1
0.0,Private/Medi-Gap,Bachelor's or higher,36,6.35,0.48935118588540233,4,1
0.0,Medicare/military/other govt,Some college/associate,19,0.96,1.7049836451820277,6,1
0.0,Medicaid/CHIP/state,High school/GED,34,0.74,0.8640835840113653,10,4
0.0,Private/Medi-Gap,Bachelor's or higher,34,2.29,0.3851279758621646,7,4
0.0,Private/Medi-Gap,Some college/associate,26,3.15,0.7598354643530941,10,3
0.0,Medicare/military/other govt,Bachelor's or higher,23,5.37,1.0795234688858237,12,2
0.0,Private/Medi-Gap,Some college/associate,37,4.51,1.5068094561757834,9,4
0.0,Medicaid/CHIP/state,Less than high school,20,2.29,0.4419810761496773,8,3
0.0,Private/Medi-Gap,Bachelor's or higher,27,6.35,0.3399785756765571,4,1
0.0,Private/Medi-Gap,Bachelor's or higher,39,3.11,0.27528870559593177,8,3
0.0,Single-service/IHS/uninsured,High school/GED,41,0.62,3.396013362549272,18,3
0.0,Private/Medi-Gap,Bachelor's or higher,43,4.17,0.2169047940883758,13,3
0.0,Private/Medi-Gap,Some college/associate,22,0.59,0.3021495545492076,13,3
0.0,Single-service/IHS/uninsured,Bachelor's or higher,37,1.81,0.2377537464648688,15,2
0.0,Medicare/military/other govt,Less than high school,18,4.17,0.7469879111805826,13,4
0.0,Private/Medi-Gap,High school/GED,19,5.37,1.007864692739772,13,4
0.0,Private/Medi-Gap,Some college/associate,45,3.7,0.3896029710059804,4,2
0.0,Medicaid/CHIP/state,High school/GED,27,0.75,2.5457547989205755,7,2
1.0,Private/Medi-Gap,Some college/associate,41,2.9,0.9073752752951332,8,1
0.0,Private/Medi-Gap,Bachelor's or higher,39,6.35,0.28284322751579005,19,4
0.0,Private/Medi-Gap,Bachelor's or higher,23,2.79,0.5242956641794039,4,3
0.0,Medicaid/CHIP/state,Less than high school,25,1.18,0.9641135508314754,10,1
0.0,Medicaid/CHIP/state,Some college/associate,41,0.7,0.4994935391712268,1,3
0.0,Private/Medi-Gap,High school/GED,38,2.35,0.9761588829483817,4,2
0.0,Medicaid/CHIP/state,Bachelor's or higher,24,3.7,2.44657534787889,11,3
0.0,Single-service/IHS/uninsured,Some college/associate,28,2.92,0.8308579253981029,4,1
0.0,Private/Medi-Gap,Bachelor's or higher,32,2.9,0.6486656679879839,19,1
1.0,Medicaid/CHIP/state,Less than high school,33,0.5,0.3895228322391557,13,2
0.0,Private/Medi-Gap,Bachelor's or higher,39,1.23,0.4932566991962204,2,2
1.0,Private/Medi-Gap,Bachelor's or higher,42,1.35,0.9753278913932716,19,4
0.0,Private/Medi-Gap,Bachelor's or higher,46,7.0,0.47468514340771273,15,2
0.0,Private/Medi-Gap,Bachelor's or higher,33,1.9,0.6236985230397459,16,2
0.0,Single-service/IHS/uninsured,High school/GED,26,0.8,2.4962619885969586,14,2
1.0,Single-service/IHS/uninsured,Some college/associate,37,2.25,0.8683912984096498,6,1
0.0,Private/Medi-Gap,Some college/associate,21,5.37,0.3725133409638198,8,3
1.0,Private/Medi-Gap,Bachelor's or higher,47,2.46,0.21494686379705075,16,3
0.0,Private/Medi-Gap,Some college/associate,34,6.35,0.9602405761535179,3,4
0.0,Private/Medi-Gap,Some college/associate,46,2.47,0.5362494384082069,4,2
0.0,Medicaid/CHIP/state,High school/GED,21,2.9,1.13048120422641,16,3
0.0,Private/Medi-Gap,Bachelor's or higher,38,1.12,0.5145023832388402,9,1
0.0,Private/Medi-Gap,Bachelor's or higher,40,1.9,0.7296886409087272,8,3
0.0,Single-service/IHS/uninsured,Less than high school,43,0.57,0.33104355781150546,16,3
0.0,Private/Medi-Gap,Bachelor's or higher,29,2.29,0.2958880552535457,4,1
0.0,Private/Medi-Gap,Bachelor's or higher,42,7.0,0.36701930555114126,1,2
0.0,Medicaid/CHIP/state,High school/GED,30,1.48,1.2414390611668658,13,1
0.0,Private/Medi-Gap,Bachelor's or higher,38,2.36,0.1187268743540638,16,4
0.0,Private/Medi-Gap,High school/GED,42,6.86,1.473185691105425,19,3
0.0,Private/Medi-Gap,Bachelor's or higher,30,5.75,0.2601237320721534,17,4
0.0,Medicare/military/other govt,Some college/associate,43,0.98,0.5515958664496365,18,3
0.0,Medicaid/CHIP/state,Some college/associate,28,3.7,0.9034085027955571,19,3
0.0,Single-service/IHS/uninsured,Some college/associate,30,4.44,0.29043656486180436,4,4
0.0,Private/Medi-Gap,Bachelor's or higher,30,2.79,0.9400102478833116,3,1
0.0,Private/Medi-Gap,Some college/associate,30,3.19,0.48803748295519717,8,4
0.0,Private/Medi-Gap,Bachelor's or higher,40,5.37,0.5990287710282297,5,3
0.0,Private/Medi-Gap,High school/GED,41,4.51,1.5531614911942055,15,3
0.0,Single-service/IHS/uninsured,Some college/associate,41,0.5,0.5920147095311448,14,1
0.0,Private/Medi-Gap,Bachelor's or higher,43,4.17,0.39945132453867077,16,2
0.0,Single-service/IHS/uninsured,Some college/associate,32,2.36,0.5019710585263829,8,3
0.0,Medicaid/CHIP/state,Less than high school,18,1.9,0.3082904966857229,3,1
0.0,Private/Medi-Gap,Bachelor's or higher,20,5.37,0.97603220956091,8,2
0.0,Single-service/IHS/uninsured,High school/GED,32,0.5,0.28775917066848916,16,2
0.0,Private/Medi-Gap,Bachelor's or higher,46,3.15,2.553602807665267,19,3
0.0,Private/Medi-Gap,Some college/associate,39,1.08,1.3184635324888665,8,1
0.0,Private/Medi-Gap,High school/GED,47,5.75,0.38636102687361573,6,1
0.0,Private/Medi-Gap,Bachelor's or higher,37,5.8,1.5764293389705366,12,2
0.0,Private/Medi-Gap,High school/GED,43,3.15,3.7491436042846944,20,1
0.0,Private/Medi-Gap,Some college/associate,27,6.86,2.66240604744378,2,2
0.0,Medicaid/CHIP/state,High school/GED,28,3.61,0.33002489465414925,20,2
0.0,Medicaid/CHIP/state,High school/GED,18,1.61,0.3203423861746378,2,1
0.0,Medicaid/CHIP/state,High school/GED,27,0.99,0.7729595075718241,6,4
0.0,Medicare/military/other govt,Bachelor's or higher,29,2.46,0.11010660274207043,13,4
0.0,Medicaid/CHIP/state,Some college/associate,25,1.74,1.9054722187136428,6,1
0.0,Medicaid/CHIP/state,High school/GED,20,5.37,1.1023980621892353,16,1
0.0,Private/Medi-Gap,Some college/associate,33,1.21,0.9258694504711642,7,2
0.0,Private/Medi-Gap,Bachelor's or higher,22,0.8,0.31015199332564763,17,1
0.0,Single-service/IHS/uninsured,Less than high school,48,1.3,4.530133578761739,10,2
0.0,Private/Medi-Gap,Bachelor's or higher,37,4.51,0.8233881925167066,2,2
0.0,Medicare/military/other govt,Bachelor's or higher,31,1.14,0.6399440366449725,14,1
0.0,Medicare/military/other govt,Some college/associate,22,4.44,1.753799521343339,12,4
0.0,Private/Medi-Gap,Some college/associate,38,4.44,1.2033365807502905,12,1
1.0,Private/Medi-Gap,Some college/associate,41,5.37,0.8057083732019976,16,1
1.0,Private/Medi-Gap,Bachelor's or higher,35,2.46,0.9738744071895057,12,2
1.0,Private/Medi-Gap,Bachelor's or higher,34,6.35,2.349407170628246,1,3
0.0,Private/Medi-Gap,Bachelor's or higher,29,6.35,0.8758494160479305,20,4
0.0,Medicare/military/other govt,High school/GED,20,2.43,3.6751824427512796,5,3
1.0,Private/Medi-Gap,Some college/associate,42,6.35,0.7296886409087272,8,3
0.0,Private/Medi-Gap,Some college/associate,40,2.55,2.7746473000426857,10,2
0.0,Single-service/IHS/uninsured,Some college/associate,21,1.95,0.40741918974115277,13,2
0.0,Private/Medi-Gap,Some college/associate,33,5.75,0.41741650023166016,3,4
0.0,Private/Medi-Gap,Some college/associate,37,5.8,2.5634090366723763,12,2
0.0,Single-service/IHS/uninsured,Less than high school,44,0.5,0.4109902675380664,4,3
0.0,Single-service/IHS/uninsured,Some college/associate,32,1.65,0.3413331798866781,13,1
0.0,Medicaid/CHIP/state,High school/GED,37,0.5,0.2515636478740143,10,1
0.0,Private/Medi-Gap,Some college/associate,43,3.7,0.7968596115993217,15,1
0.0,Private/Medi-Gap,Bachelor's or higher,34,4.43,0.2291991777554562,15,4
0.0,Private/Medi-Gap,Some college/associate,48,6.86,1.6817249944837072,17,1
0.0,Private/Medi-Gap,Bachelor's or higher,47,4.8,1.9954470025528603,18,3
0.0,Private/Medi-Gap,Some college/associate,33,4.43,0.6494404648597428,2,3
0.0,Private/Medi-Gap,Bachelor's or higher,32,6.35,0.5168790376774038,16,3
0.0,Single-service/IHS/uninsured,Bachelor's or higher,27,5.8,1.2228200933156195,15,1
0.0,Medicare/military/other govt,High school/GED,35,2.13,0.733021853703529,17,2
0.0,Medicare/military/other govt,Bachelor's or higher,49,3.13,2.0278690729974462,11,3
0.0,Private/Medi-Gap,Bachelor's or higher,39,3.19,0.3401629224508692,4,2
0.0,Private/Medi-Gap,High school/GED,20,3.7,2.783225195845665,4,2
0.0,Private/Medi-Gap,Less than high school,18,4.17,0.5914573364884623,6,1
0.0,Medicare/military/other govt,Less than high school,35,0.5,0.2814130711510179,13,1
0.0,Private/Medi-Gap,Bachelor's or higher,23,1.81,0.3225305222804549,4,3
0.0,Medicaid/CHIP/state,Bachelor's or higher,38,2.29,0.22918060767866935,17,4
0.0,Private/Medi-Gap,High school/GED,24,4.44,0.9773376653852408,3,1
0.0,Single-service/IHS/uninsured,Bachelor's or higher,22,5.75,0.3918818673184956,13,4
0.0,Private/Medi-Gap,Some college/associate,30,2.36,0.6946269046408251,11,4
0.0,Private/Medi-Gap,Some college/associate,28,2.55,0.7215489740206564,20,1
0.0,Medicaid/CHIP/state,High school/GED,37,2.55,0.9341569353791779,2,2
0.0,Private/Medi-Gap,High school/GED,37,2.92,1.8518910530237858,20,4
0.0,Private/Medi-Gap,Bachelor's or higher,23,2.06,0.8697362715541758,12,3
0.0,Private/Medi-Gap,Some college/associate,21,4.51,1.4941414569803093,8,1
0.0,Private/Medi-Gap,Some college/associate,27,3.9,0.9692984486581939,9,2
0.0,Private/Medi-Gap,Some college/associate,26,1.5,0.5039145374485828,13,3
0.0,Medicaid/CHIP/state,High school/GED,42,0.89,0.8758568964076188,14,1
1.0,Private/Medi-Gap,Bachelor's or higher,34,4.8,0.7069922974578611,14,3
0.0,Medicaid/CHIP/state,High school/GED,18,0.5,0.39467812401727376,5,2
0.0,Private/Medi-Gap,High school/GED,19,2.05,1.7196873398470796,19,1
0.0,Private/Medi-Gap,High school/GED,30,1.61,0.4162983052793125,2,1
0.0,Medicaid/CHIP/state,Some college/associate,37,0.99,2.711790851362219,15,1
0.0,Private/Medi-Gap,Some college/associate,47,4.43,1.0289093776167275,5,1
0.0,Private/Medi-Gap,Some college/associate,43,4.51,0.5649679946979256,18,3
0.0,Private/Medi-Gap,Bachelor's or higher,27,3.19,0.8468229138118131,6,4
0.0,Medicare/military/other govt,Some college/associate,23,1.4,0.6462180144627289,20,4
0.0,Private/Medi-Gap,Bachelor's or higher,42,0.5,0.27937990752415864,4,1
0.0,Private/Medi-Gap,Some college/associate,32,0.99,2.0451329045527973,6,2
1.0,Private/Medi-Gap,Bachelor's or higher,27,5.37,0.3538861641725604,4,3
0.0,Medicaid/CHIP/state,Less than high school,21,2.9,1.3284600533485798,8,1
0.0,Private/Medi-Gap,High school/GED,49,3.61,0.46182186813671294,16,4
0.0,Medicaid/CHIP/state,Some college/associate,47,2.95,0.5116183851635252,2,1
0.0,Private/Medi-Gap,High school/GED,31,1.4,0.23430450490524715,8,2
0.0,Medicaid/CHIP/state,Less than high school,28,0.5,0.7577889266481732,9,3
0.0,Private/Medi-Gap,Some college/associate,19,1.6,0.4595878598712009,18,4
0.0,Medicare/military/other govt,Bachelor's or higher,39,2.31,1.626146349874397,2,2
0.0,Private/Medi-Gap,Some college/associate,48,3.43,1.0593968041632427,6,1
0.0,Single-service/IHS/uninsured,Bachelor's or higher,25,0.5,0.8596058690281478,17,2
1.0,Private/Medi-Gap,Bachelor's or higher,44,5.37,0.630746977270205,17,2
0.0,Medicaid/CHIP/state,Some college/associate,25,1.25,0.2990693606905658,18,1
0.0,Medicare/military/other govt,High school/GED,35,0.5,0.3184539983311534,17,4
0.0,Single-service/IHS/uninsured,Bachelor's or higher,36,3.61,0.2459220116588133,4,3
0.0,Medicare/military/other govt,High school/GED,32,0.5,0.5683870638335315,19,4
0.0,Medicaid/CHIP/state,Some college/associate,38,1.81,0.12007119420638947,13,4
0.0,Single-service/IHS/uninsured,Less than high school,45,1.84,1.0265178958156729,2,1
0.0,Medicaid/CHIP/state,High school/GED,26,0.59,0.6812022673237745,1,3
0.0,Private/Medi-Gap,Some college/associate,31,7.0,0.8016434659866655,11,3
0.0,Private/Medi-Gap,Bachelor's or higher,37,3.11,2.1669860734731077,17,2
0.0,Single-service/IHS/uninsured,High school/GED,35,0.75,0.3265272020556721,8,2
0.0,Medicare/military/other govt,High school/GED,25,1.9,2.479525126205199,15,4
0.0,Single-service/IHS/uninsured,Less than high school,36,0.81,0.496219098895339,17,2
0.0,Private/Medi-Gap,Bachelor's or higher,30,6.35,0.7861584624743486,5,2
0.0,Private/Medi-Gap,Some college/associate,48,2.79,0.24410824500623168,16,4
1.0,Private/Medi-Gap,Bachelor's or higher,36,3.15,0.7769329941321589,6,4
0.0,Medicare/military/other govt,Bachelor's or higher,41,6.35,0.6462698058343995,10,4
0.0,Medicaid/CHIP/state,Less than high school,21,0.62,1.6248972528018946,9,2
0.0,Single-service/IHS/uninsured,High school/GED,21,0.92,2.5505369380804512,17,3
0.0,Medicaid/CHIP/state,High school/GED,24,0.5,0.5402908154011217,8,1
0.0,Private/Medi-Gap,High school/GED,34,1.61,0.18177545027743058,5,4
0.0,Private/Medi-Gap,Bachelor's or higher,49,5.37,2.553602807665267,2,3
0.0,Medicaid/CHIP/state,High school/GED,22,1.84,1.2648345044238356,19,1
0.0,Private/Medi-Gap,Bachelor's or higher,33,3.52,0.6201907447397621,12,3
0.0,Private/Medi-Gap,Bachelor's or higher,37,3.43,0.2627170582039761,17,4
0.0,Medicaid/CHIP/state,Less than high school,35,0.64,0.7164063583773239,9,4
0.0,Medicaid/CHIP/state,Some college/associate,45,2.29,1.1306514075674805,3,3
0.0,Private/Medi-Gap,Bachelor's or higher,42,5.8,1.6331810672274862,19,4
1.0,Private/Medi-Gap,Some college/associate,46,2.06,0.8206296766365583,19,4
0.0,Private/Medi-Gap,Some college/associate,43,0.97,0.22437911715999515,8,1
0.0,Private/Medi-Gap,Less than high school,15,1.25,0.5161477366932307,18,1
1.0,Medicare/military/other govt,Bachelor's or higher,43,0.98,0.25250029192500284,2,1
0.0,Private/Medi-Gap,Some college/associate,41,4.17,1.2082174792937264,16,3
0.0,Private/Medi-Gap,Bachelor's or higher,22,1.81,0.5422446848299182,16,2
0.0,Private/Medi-Gap,Bachelor's or higher,45,6.35,0.5738412918803792,19,4
0.0,Private/Medi-Gap,Less than high school,30,1.48,0.4144209605637407,19,2
0.0,Medicaid/CHIP/state,Some college/associate,40,0.5,0.5005562037647429,7,3
1.0,Private/Medi-Gap,Bachelor's or higher,37,1.55,1.7904470311747611,2,3
0.0,Private/Medi-Gap,High school/GED,20,2.79,0.7486172900603686,16,4
0.0,Medicare/military/other govt,High school/GED,20,0.5,0.7990897203872451,17,1
1.0,Medicaid/CHIP/state,Some college/associate,46,0.5,1.198080180077331,8,3
1.0,Medicare/military/other govt,Some college/associate,22,1.95,0.8556289356134833,15,3
0.0,Private/Medi-Gap,Some college/associate,20,4.17,0.408435696378272,17,3
